Company Name,Number of Medicines
ZYDUS CADILA HEALTHCARE LTD,5324
CIPLA LIMITED,4428
INTAS PHARMACEUTICALS LTD,3245
ZEE LABORATORIES LTD,3144
ABBOTT HEALTHCARE PVT LTD,2904
ALKEM LABORATORIES LTD,2833
RANBAXY LABORATORIES (SUN PHARMA),2643
LUPIN,2495
MICRO LABS,2386
MANKIND PHARMACEUTICALS LTD,1917
SUN PHARMA,1903
TORRENT PHARMACEUTICALS LTD,1709
EMCURE PHARMACEUTICALS LTD,1649
GLENMARK PHARMACEUTICALS,1616
DR REDDY'S LABORATORIES LTD,1568
MACLEODS PHARMACEUTICALS,1546
ALEMBIC PHARMACEUTICALS,1416
HINDUSTAN UNILEVER LIMITED,1355
WOCKHARDT LIMITED,1353
ELDER PHARMACEUTICALS LTD,1255
LEEFORD HEALTHCARE LTD,1212
SYMBIOSIS LIFE SCIENCES LTD,1190
IPCA LABORATORIES,1136
INVISION MEDI SCIENCES PVT LTD,1132
THE HIMALAYA DRUG COMPANY,1102
AJANTA PHARMA LTD,1010
SHREYA LIFE SCIENCES PVT LTD,1005
UNICHEM LABORATORIES LTD,998
ARISTO PHARMACEUTICALS PVT LTD,944
EAST WEST PHARMA,940
GLAXOSMITHKLINE,934
DABUR INDIA LIMITED,879
IND SWIFT LABORATORIES LTD,867
NOVARTIS INDIA LTD,854
OLCARE LABORATORIES,821
JOHNSON & JOHNSON,800
AGRON REMEDIES,797
PFIZER LTD,790
RECKITT BENCKISER,741
INDOCO REMEDIES LTD,733
INTRA LIFE PVT LTD,728
FDC LIMITED,713
MEDLEY PHARMACEUTICAL PVT LTD,697
PSYCHOTROPICS INDIA LTD,697
BIOCHEM PHARMACEUTICAL INDUSTRIES,692
INTRA LABS LTD,688
USV PVT LTD,661
HETERO HEALTHCARE LIMITED,660
WONDER HEALTHCARE PVT LTD,659
PROCTER & GAMBLE,658
SBL PVT LTD,657
LINCOLN PHARMACEUTICALS LTD,655
WANBURY LTD,649
CORONA REMEDIES PVT LTD,649
SANOFI,632
SHRINIVAS GUJARAT LABORATORIES PVT LTD,632
ZUVENTUS HEALTH CARE LTD,620
VISSCO,611
ERIS LIFE SCIENCES PVT LTD,609
MANEESH PHARMACEUTICALS LTD,605
KNOLL HEALTHCARE PVT LTD,598
INCEPTA PHARMACEUTICALS LTD,596
UNITED BIOTECH (P) LTD,594
WALLACE PHARMACEUTICALS,590
IKON REMEDIES PVT LTD,588
TORQUE PHARMACEUTICALS PVT LTD,578
BAIDYANATH AYURVEDA BHAVAN LTD,576
BMW PHARMACO INDIA PVT LTD,573
TROIKAA PHARMACEUTICALS LTD,572
AKUMENTIS HEALTHCARE LTD,571
SUTURES INDIA,566
MOREPEN LABORATORIES,565
INNOVATIVE PHARMACEUTICALS,558
PSYCORMEDIES,556
THEMIS MEDICARE LTD,547
ALPIC BIOTECH LTD,547
VHB LIFE SCIENCES LIMITED,545
BLUE CROSS LABORATORIES PRIVATE LIMITED,545
COLGATE PALMOLIVE INDIA LTD,521
BLUBELL PHARMA,521
NEON LABORATORIES,519
GALPHA LABORATORIES LTD,510
J B CHEMICALS AND PHARMACEUTICALS,498
RELIANCE FORMULATION PVT LTD,496
HEALTH AID LTD,494
LANARK LABOROTORIES,494
AAPSON ORTHOTICS PRIVATE LIMITED,488
TALENT HEALTH CARE,488
PATANJALI AYURVED LTD,486
ALNA BIOTECH,485
PODOLITE HEALTHCARE FOOT WEAR,456
TAS MED INDIA PVT LTD,455
PANACEA BIOTEC LTD,455
RPG LIFE SCIENCES LTD,452
CONCEPT PHARMACEUTICALS LTD,446
MAGMA ALLIANZ LABORATORIES LTD,441
SALUD CARE INDIA PVT LTD,439
VERITAZ HEALTHCARE LTD,437
BRITISH BIOLOGICALS,433
TYNOR ORTHOTICS LTD,429
COMED CHEMICALS PVT LTD,429
WEST-COAST PHARMACEUTICAL WORKS LTD,427
GENTECH HEALTHCARE LTD,422
RKG PHARMA PVT LTD,422
LA RENON HEALTHCARE PVT LTD,420
LABORATE PHARMACEUTICALS INDIA LTD,419
STRIDES SHASUN LIMITED,418
A.MENARINI INDIA,417
FOURRTS INDIA LABORATORIES PVT LTD,415
SWISS PHARMA PVT LTD,407
HAUZ PHARMA PVT LTD,403
SYSTOPIC LABORATORIES,401
CIAN HEALTHCARE,400
CENTAUR PHARMACEUTICALS PVT LTD,395
APEX LABORATORIES PRIVATE LIMITED,390
ORCHID CHEMICALS & PHARMACEUTICALS LTD,390
SANIFY HEALTHCARE,382
POSITIF LIFESCIENCES,381
TEXAS PHARMACEUTICALS PVT LTD,381
SAMARTH LIFE SCIENCES PVT LTD,376
PHARMED PRIVATE LIMITED,375
CIPLA GX,375
MEYER ORGANICS PVT LTD,371
MERCK LIMITED,370
ABBOTT INDIA LTD,370
D.R. JOHNS LAB PHARMA,370
SOLITAIRE PHARMACIA PVT LTD,368
WIN-MEDICARE PVT LTD,365
GLOBUS REMEDIES,361
KIVI LABS LIMITED,355
ROMSONS PHARMACEUTICAL,353
INDIABULLS PHARMACEUTICALS LTD,352
ORGANIC LABORATORIES,351
BIOMAX BIOTECHNICS PVT LTD,345
OAKNET HEALTHCARE PVT LTD,343
BRINTON PHARMACEUTICALS LIMITED,342
CAPTAB BIOTECH,338
BIOPHAR LIFESCIENCES PVT LTD,336
BESTOCHEM FORMULATIONS INDIA LTD,328
ZENON HEALTHCARE LTD,328
MED MANOR ORGANICS PVT LTD,326
FLAMINGO PHARMACEUTICALS,325
ACINOM HEALTHCARE PVT LTD,323
MINOVA LIFE SCIENCES PVT LTD,320
JAGSONPAL PHARMACEUTICALS LTD,319
XIEON LIFESCIENCES PVT LTD,317
ARONEX LIFE SCIENCES PVT LTD,317
CANIDRIN PHARMA PVT LTD,314
BIOCON LTD,312
INTAS PHARMACEUTICALS LTD GX,311
PAX HEALTHCARE PVT LTD,311
RISHAB HEALTHCARE LTD,310
CUBIT HEALTHCARE,302
CMG BIOTECH,302
KHANDELWAL LABORATORIES LTD,301
ORDAIN HEALTH CARE GLOBAL PRIVATE LIMITED,299
GENESIS BIOTECH,297
CLARIS LIFESCIENCES LIMITED,295
SHINE PHARMACEUTICALS LTD,295
TTK HEALTHCARE LTD,294
GENIX,294
ALLENGE INDIA PHARMACEUTICALS PVT LTD,294
RAPTAKOS BRETT & CO LTD,293
ASTRAZENECA PHARMA INDIA LTD,290
KOYE PHARMACEUTICALS PVT LTD,289
EMBIOTIC LABORATORIES (P) LTD,287
SCOTT EDIL PHARMACIA LTD,283
GUFIC BIOSCIENCES LTD,282
D D PHARMACEUTICALS,279
TAURUS LABORATORIES PVT LTD,278
AFIVE PHARMACEUTICALS,278
FINECURE PHARMACEUTICALS,275
CACHET PHARMACEUTICALS PVT LTD,273
ALBERT DAVID LIMITED,273
SIGNOVA PHARMA PVT LTD,271
NESTLE INDIA LTD,268
JOHNLEE PHARMACEUTICALS PVT LTD,267
DAKSH PHARMACEUTICALS PVT LTD,265
CANDOR BIOTECH LTD,265
OM BIOTECH,265
NIDUS PHARMA PVT LTD,264
AAMORB PHARMACEUTICALS PVT LTD,264
CASCA REMEDIES PVT LTD,263
VRPL HEALTHCARE PVT LTD,262
ICON LIFESCIENCES,262
SAIN MEDICAMENTS PVT LTD,261
YASH PHARMA LABORATORIES PVT LTD,260
FITWEL PHARMACEUTICALS LTD,260
INDCHEMIE HEALTH SPECIALITIES PVT LTD,259
BAIDYANATH CONSUMER LTD,259
ADEN HEALTHCARE,258
CELON LABS,257
STALLION LABORATORIES (P) LTD,257
HEALTHFIT,255
OSCAR REMEDIES PVT LTD,255
ZYDUS WELLNESS PRODUCTS LTD,254
BHARAT SERUMS & VACCINES LTD,254
GUJARAT TERCE LABORATORIES LTD,254
MEDLIFE WELLNESS PRIVATE LIMITED,253
BENNET PHARMACEUTICALS LTD,253
ACRON PHARMACEUTICALS,253
OZONE PHARMACEUTICALS LTD,252
IVA HEALTHCARE PVT LTD,252
LEXUS INDIA ORGANICS,252
FRANKLIN LABORATORIES (INDIA) PVT LTD,251
CURE QUICK PHARMACEUTICALS,250
STAUNCH PHARMACEUTICALS,250
ALTEUS BIOGENICS PVT LTD,249
CHARAK PHARMA PVT LTD,249
ZEN LABS INDIA,249
AGRAWAL PHARMACEUTICALS,247
MACMILLON PHARMACEUTICALS,247
NATCO PHARMA LTD,246
ADLEY FORMULATION,245
TABLETS INDIA LTD,244
ZYTRAS LIFE SCIENCES,244
ALDE MEDI IMPEX,244
ORION BIOTECH PVT LTD,241
ACEKEINETICS HEALTHCARE LTD,240
MAKERS LABS,239
ACME PHARMACEUTICALS,239
CANIXA LIFE SCIENCES,238
ALNICHE LIFE SCIENCES PVT LTD,238
LINUX LABORATORIES,238
NECTAR LIFESCIENCES LTD,238
ZANDU PHARMACEUTICALS WORKS LTD,237
NEISS LABS PVT LTD,236
ACTIVE HEALTHCARE,235
MSN LABORATORIES,234
CE BIOTEC PVT LTD,234
LARK LABORATORIES LTD,233
FRANCO INDIAN PHARMACEUTICALS PVT LTD,231
RHOMBUS PHARMA PVT LTD,229
ENTOD PHARMACEUTICALS PVT LTD,228
HEGDE AND HEGDE PHARMACEUTICA LLP,228
TALENT INDIA,227
PINARC LIFE SCIENCES PVT LTD,227
ORCHID PHARMA,227
MOVA PHARMACEUTICALS PVT LTD,225
BIOLOGICAL E LIMITED,224
ANIKEM LABORATORIES,224
MAPRA LABORATORIES PVT LTD,224
UNICHARM INDIA PRIVATE LIMITED,223
DYNA,223
ZOTA PHARMACEUTICALS,223
ACCILEX NUTRICORP,223
HALEDEW REMEDIES,222
CRESCENT FORMULATIONS PVT LTD,219
BIOCHEMIX HEALTHCARE PVT LTD,218
MEDO PHARMA,218
ISCON LIFE SCIENCES,218
GARNIER LAB,217
UNISON PHARMACEUTICALS,217
ADMAC FORMULATIONS,217
SUNWAYS (INDIA) PVT LTD,215
OMVED LIFESTYLE PVT LTD,214
SRI SRI AYURVEDA,213
GLAXOSMITHKLINE PHARMA,212
ADLEY LABS,212
ANGLO FRENCH DRUGS & INDUSTRIES LIMITED,212
LLOYD HEALTHCARE PVT LTD,211
AAN PHARMA PVT LTD,210
SERENE LIFESCIENCE,210
MERIDIAN ENTERPRISES PVT LTD,209
HIGLANCE LABORATORIES PVT LTD,208
PULSE PHARMACEUTICALS PVT LTD,207
FOREGEN HEALTHCARE PVT LTD,207
ARINNA LIFESCIENCES PVT LTD,207
EXCARE LABORATORIES,207
TRITON HEALTH CARE PVT LTD,206
EDWARD YOUNG LABS,205
HELIOS PHARMACEUTICALS,203
MOLEKULE (IND)PVT LTD,203
ZODLEY PHARMACEUTICALS PVT LTD,203
WHEEZAL HOMEOPATHY,202
ORTIN LABORATORIES LTD,202
TRUMAC HEALTH CARE,201
FRESENIUS KABI,200
PHARMASYNTH FORMULATIONS,200
EMAMI LIMITED,199
MODI MUNDI PHARMA PVT LTD,199
OSHO PHARMA PVT LTD,199
SURGICAL,197
PANDG,197
LIFEKYOR PHARMACEUTICALS,197
CHANDRA BHAGAT PHARMA PVT LTD,196
MORACEAE PHARMACEUTICALS PVT LTD,195
RADICURA PHARMACEUTICALS PRIVATE LIMITED,195
GENO PHARMACEUTICALS LTD,194
SYNOKEM PHARMACEUTICALS LTD,193
DIVINE SAVIOR PVT LTD,193
WEST COAST PHARMA,192
DWD PHARMACEUTICALS LTD,192
ZENACTS PHARMA,191
JENBURKT PHARMACEUTICALS,191
JAINIK LIFE SCIENCES,191
JASCO LABS PVT LTD,191
SHREE DHOOTAPAPESHWAR,190
LEO PHARMA,190
ROSCH ELMER PHARMACEUTICALS PVT LTD,189
3M INDIA LIMITED,188
HINDUSTAN UNILEVER LTD,188
VENSAT BIO,188
AGLOWMED PHARMACEUTICALS LTD,187
DR RECKEWEG,187
MEDICO HEALTH CARE,187
SRESAN PHARMACEUTICALS,187
FOCUS HEALTHCARE PVT LTD,187
LOREAL INDIA PVT LTD,186
WILLOW PHARMACEUTICALS PVT LTD,186
EDEN PHARMACEUTICALS LTD,186
MIDAS CARE PHARMACEUTICALS PVT LTD,186
RONYD HEALTH CARE PVT LTD,186
SANZYME LTD,186
INDKUS BIOTECH INDIA,186
AARPIK REMEDIES PVT LTD,185
CRONUS BIOTECH LTD,183
DERMOCARE LABORATORIES,183
PCI PHARMACEUTICALS,183
BIOCIN HEALTHCARE,183
MATHIS PHARMA,183
NIVEA INDIA PVT LTD,182
PALSONS DRUGS & CHEMICALS,182
BROSTIN SEIZZ BIOCARE,182
GARY PHARMACEUTICALS PVT LTD,182
MALODY HEALTHCARE LTD,181
BIOCIN GENETICS AND PHARMA,180
AMERICAN BIOCARE,180
CINEREA BIOTECH PVT LTD,180
NUTRON LIFE SCIENCES,180
BAKSONS SUNNY HERBALS,179
OVERSEAS HEALTHCARE PVT LTD,179
ASOJ SOFT CAPS PVT LTD,178
EMENOX HEALTHCARE PVT LTD,178
BEST BIOTECH,176
ANCALIMA LIFESCIENCES LIMITED,175
SERUM INSTITUTE OF INDIA PRIVATE LIMITED,174
UNIMARCK PHARMA INDIA LIMITED,173
SUNRISE REMEDIES PVT LTD,173
SANJEEVANI BIOTECH PRIVATE LIMITED,172
MEFRO PHARMACEUTICALS PVT LTD,172
RITZ PHARMA,170
MEDWILL PHARMACEUTICALS PVT LTD,169
INDIAN DRUGS & PHARMACEUTICALS,169
PIFER PHARMACEUTICALS PVT LTD,169
ABS REMEDIES,169
INFLUX HEALTHCARE,168
MULLER & PHIPPS,168
PROCTER AND GAMBLE,167
BAN LABS,167
TRIPADA HEALTHCARE PVT LTD,167
TAJ PHARMACEUTICALS,167
ALLENS LABORATORY LTD,165
STADMED PVT LTD,165
LOGOS PHARMACEUTICALS,165
AURIGA LABS,165
HAMDARD (WAKF) LABORATORIES,164
GRAF LABORATORIES PVT LTD,163
BAL PHARMA LIMITED,161
A.N.PHARMACIA,160
CADILA PHARMACEUTICALS LTD,159
HBC LIFESCIENCES PVT LTD,159
ELISA BIOTECH PVT LTD,159
DEYS MEDICAL,158
MARC PHARMA,158
DELCURE LIFESCIENCES,158
OXFORD PHARMACEUTICALS PVT LTD,158
ZODAK PHARMACEUTICALS PVT LTD,158
AXIOM THERAPEUTICS PVT LTD,156
OCHOA LABORATIORIES LTD,156
LA PHARMACEUTICALS,156
WIPRO LTD,155
VENUS REMEDIES LTD,155
BEULAH BIOMEDICS,155
KARNATAKA ANTIBIOTICS & PHARMACEUTICALS LTD(KAPL),155
KOPRAN PHARMACEUTICALS LIMITED,154
EDELWEISS LIFECARE PVT LTD,154
KLM LABORATORIES PVT LTD,154
AMBIT BIO MEDIX,153
HIRAL LABS LTD,152
OBSURGE BIOTECH LTD,152
FORGO PHARMACEUTICALS PVT LTD,152
BECTON DICKINSON INDIA PVT LTD,150
LITTLE GREAVE PHARMACEUTICALS PVT LTD,150
VASU ORGANICS PVT LTD,149
DEWCARE CONCEPT PVT LTD,148
SILICON PHARMA,148
COLGATE-PALMOLIVE (INDIA) LTD,147
WILL IMPEX,147
GROUP PHARMACEUTICALS LTD,147
TRIKO PHARMACEUTICALS,147
SARIAN HEALTHCARE,146
BOMBAY TABLET MFG CO PVT LTD,146
HECURES BIOTECH,145
SHREEYAM HEALTHCARE,145
ABYSS PHARMA,144
ANVIK BIOTECH,144
KENTRECK LABORATORIES PVT LTD,144
CURATIO HEALTHCARE INDIA PVT LTD,143
PRIMUS REMEDIES PVT LTD,142
MSD PHARMACEUTICALS INDIAN PRIVATE LTD,142
BIOVEDA,141
GNOVA BIOTECH,141
NIRLIFE HEALTHCARE,141
UNIPHAR BIOTECH,141
HINDUSTAN UNILIVER LTD,140
WINSOME LAB LTD,140
ELFIN PHARMA PVT LTD,140
REMEDIES PHARMA,140
MMC HEALTHCARE LTD,140
VILIN BIO MED LTD,140
BIOTIQUE LTD,139
HENRY PHARMACEUTICALS,139
GILLETTE INDIA LTD,139
MADHAV LABS,139
LEBEN LABORATORIES PVT LTD,139
ARTSANA,138
AARIN LABS,138
ALICON PHARMACEUTICALS PVT LTD,138
KENN PHARMACEUTICALS PVT LTD,138
INTEL PHARMACEUTICALS,137
GENERAL PHARMACEUTICALS,136
PARENTERAL DRUGS (INDIA) LTD,136
ARVINCARE HEALTHCARE,136
SERVOCARE,136
BAXTER INDIA PVT LTD,136
KINEDEX HEALTHCARE PVT LTD,135
NITRO ORGANICS PVT LTD,135
LICHEM PHARMACEUTICALS,134
QUALITRON BIO MEDICA,134
AURZ PHARMACEUTICALS PVT LTD,134
UNIKIND PHARMA,134
LANCER HEALTH CARE PVT LTD,134
DANIEL PASTEUR,133
EAST INDIA PHARMA WORKS LTD,133
COLGEN PHARMA,133
WINGS BIOTECH LIMITED,133
ANTHUS PHARMACEUTICALS PVT LTD,133
PROGRESSIVE LIFE CARE,132
SUNIJ PHARMA PVT LTD,132
INTEGRACE PVT LTD,131
ROCHE LIMITED,131
ESTRELLAS LIFE SCIENCES,131
GATES BYBY PHARMACEUTICALS,130
MERION CARE,130
BANAJI HOMEOPATHIC PHARMACY,130
QUE PHARMA PVT LTD,130
HEALTH CARE FORMULATIONS PVT LTD,130
FERRING PHARMACEUTICALS PVT LTD,129
NOVAGEN PHARMA,129
KERALA AYURVEDA LTD,128
MEPFARMA INDIA PVT LTD,128
CUREX PHARMACEUTICALS PVT LTD,128
NITIN PHARMACEUTICALS PVT LTD,128
AKUMS DRUGS AND PHARMACEUTICAL LTD,127
MANO PHARMACEUTICALS PVT LTD,127
PHARMATECH HEALTHCARE,127
AGIO PHARMACEUTICALS,127
SEAGULL PHARMACEUTICAL PVT LTD,126
PHOENIX LIFESCIENCES,126
PANKAJA KASTURI,126
RAVENBHEL PHARMACEUTICALS PVT LTD,126
ALTIUS LIFE SCIENCES,126
AIMIL PHARMACEUTICAL (INDIA),125
APRICA PHARMACEUTICALS PVT LTD,125
INTEGRA LIFE SCIENCES PVT LTD,125
GLADCARE FORMULATIONS PVT LTD,125
GODREJ CONSUMER PRODUCTS LTD,124
ALAR LABORATORIES PVT LIMITED,124
BELL PHARMA PRIVATE LIMITED,124
M.D.C. PHARMACEUTICALS (P) LTD,124
INDICA LABORATORIES,123
MARC LABORATORIES,123
CALIBAR PHARMACEUTICALS PVT LTD,123
ZENTIS DRUGS PVT LTD,123
SAGA LABORATORIES,122
MERRIL PHARMA PVT LTD,122
PIRAMAL HEALTHCARE,121
AVALANCHE PHARMACEUTICALS,121
REKVINA PHARMACEUTICALS,121
CENTURION LABORATORIES,121
MEDREICH LIFECARE LIMITED,121
HEALTHKIND LABS PVT LTD,121
GOPAL LIFE SCIENCES PVT LTD,120
GALCARE PHARMACEUTICAL PVT LTD,120
AMWILL HEALTHCARE,119
MEDIZEN LABS PVT. LTD. (ZENITH NUTRITION),118
NOEL PHARMA,118
ITC LIMITED,117
BARODA PHARMA PVT LTD,117
GREEN LAB HEALTH CARE PVT LTD,117
OSPER PHARMACEUTICLS PVT LTD,117
10 DRUG MART,116
ESKAG PHARMA PVT LTD,116
AKESISS PHARMA (P) LTD,116
INGA LABORATORIES PVT LTD,116
VENTUS PHARMACEUTICALS PVT LTD,116
BIOSYNC PHARMACEUTICALS PVT LTD,116
MYLAN PHARMA,114
ALGEN HEALTHCARE PVT LTD,114
BAYER PHARMACEUTICALS,114
VIDAKEM LIFESCIENCES PVT LTD,114
VILBERRY HEALTHCARE PVT LTD,114
MAXAMUS INTERNATIONAL,113
WALTER BUSHNELL LTD,113
HONASA CONSUMER PRIVATE LIMITED,113
ZOTA HEALTHCARE LTD,113
LIFECARE NEURO PRODUCTS LTD,113
INDI PHARMA PVT LTD,113
WINTECH PHARMACEUTICALS,113
UNIVERSAL PHARMA,112
ETHICARE REMEDIES,112
OPSISCARE LIFESCIENCSE PVT LTD,112
RAPROSS PHARMACEUTICALS PVT LTD,112
INDU PHARMA PVT LTD,112
CHEMO DRUGS,112
ANABIOSIS MEDISCIENCES LTD,112
MARS THERAPUTICS & CHEMICALS LTD,111
NUMERA LIFE SCIENCES,111
DYCINE PHARMACEUTICALS,111
JAWA PHARMACEUTICAL PVT LTD,111
PLUS INDIA PHARMA,111
ICPA HEALTH PRODUCTS LTD,110
ICARUS HEALTH CARE PVT LTD,110
INTECARE PHARMACEUTICALS,110
RHINE BIOGENICS PVT LTD,110
NORDIC FORMULATIONS PVT LTD,110
CAPLET INDIA PVT LTD,110
ADONIS LABORATORIES PVT LTD,109
GOKUL PHARMA,109
MEDIWIN PHARMACEUTICALS,109
SMART LABORATORIES PVT LTD,108
K.C LABORATORIES,108
PRISM LIFESCIENCE,108
SINSAN PHARMACEUTICALS,108
MEDILEWIS BIOTECH,108
DIAL PHARMACEUTICALS PVT LTD,108
WINGS PHARMACEUTICALS PVT LTD,107
LIFE CARE FORMULATION LTD,107
ALCHEMIST LIFE SCIENCE LTD,107
GLAND PHARMA LIMITED,107
AZINE HEALTHCARE PVT LTD,107
SHINCE PHARMACEUTICALS PVT LTD,107
DR REDDY'S LAB (WOCKHARDT),106
PROCTER & GAMBLE HEALTHCARE,106
UNIPURE BIOTECH,106
WENS PHARMA PVT LTD,106
HERBOLAB INDIA PRIVATE LTD,105
FULFORD (INDIA) LTD,105
AAREEN HEALTHCARE PVT LTD,105
MEDILENTE PHARMA PVT LTD,105
SEPTALYST LIFESCIENCES PVT LTD,105
PACIFIC DRUGS & CHEMICALS,105
STERKEM PHARMA PVT LTD,104
GODREJ SARA LEE LIMITED,104
SYMBIOSIS PHARMACEUTICALS PVT LTD,104
OPTHO REMEDIES PVT LTD,104
GALDERMA INDIA PVT LTD,103
KEE PHARMA,103
EUPHORIC PHARMACEUTICALS (P) LTD,103
ALVIO PHARMACEUTICALS PVT LTD,102
RELAX PHARMA,102
NOVO INDIA,102
PERK PHARMACEUTICALS LTD,102
THEO PHARMACEUTICALS LTD,102
LEEMED PHARMACEUTICALS,101
LIFE PHARMA,101
CHEMINNOVA LIFE SCIENCES,101
ALLERGAN INDIA PVT LTD,100
AUREL BIOLIFE PVT LTD,100
SIGMUND PROMEDICA,100
BIOSANS LIFECARE,100
SIGMAN WELLNESS,100
SYNCOM FORMULATIONS INDIA LIMITED,99
SARABHAI PIRAMAL PHARMA LTD,99
FUSION HEALTH CARE,99
ALBATROSS HEALTH CARE PVT LTD,99
DR ALSON LABORATORIES PVT LTD,99
HEALTHSERCH PHARMA LLP,99
DELVIN FORMULATIONS PVT LTD,98
SAN BOSTON LIFE SCIENCES,98
COXSWAIN HEALTHCARE,98
ATON BIOTECH,98
KAMRON LABORATORIES LTD,98
SERVE PHARMACEUTICALS,97
ETHINEXT PHARMA PVT LTD,97
INNOKON LABORATORIES PRIVATE LTD,97
NOVO NORDISK INDIA PVT LTD,97
CADELL HEALTHCARE PVT LTD,97
IMED HEALTHCARE PVT LTD,97
RECO DURGS,97
PRECIA PHARMA,96
NESLE,96
YACCA PHARMACEUTICALS PVT LTD,96
SKYMAX LABORATORIES LTD,96
DRAKT PHARMACEUTICAL PVT LTD,95
PARRY PHARMA PVT LTD,95
CENTENIAL,95
WINDLAS BIOTECH PRIVATE LIMITED,94
CADBURY INDIA LIMITED,94
ZYDUS HEALTHCARE LIMITED,94
ALKA PHARMACEUTICALS,94
MEDIHEALTH LIFESCIENCES INDIA PVT LTD,94
RECKITT & COLMAN OF INDIA LTD,93
BIODERMA SOLUTIONS,93
MERIDIAN MEDICARE LTD,93
PRAGMATIC LABORATORIES PVT LTD,93
SAYONA MEDICARE PVT LTD,93
ESTER FORMULATIONS,93
HIMALAYA,92
SAFFRON THERAPEUTICS PVT LTD,92
TULIP,92
FEM CARE PHARMA,92
CASSEL RESEARCH LABORATORIES,92
HERBAL HILLS,91
MARICO LIMITED,91
ARIKA HEALTHCARE,91
NATURELL INDIA PRIVATE LIMITED,90
PHARMATAK OPTHALMICS I PVT LTD,90
ANTHEM BIOPHARMA PVT LTD,90
BIOPLASMID HEALTHCARE PVT LTD,90
AMRUTANJAN HEALTH CARE LIMITED,89
MONICHEM HEALTHCARE PVT LTD,89
NULIFE PHARMACEUTICALS,89
MEGHA HEALTCARE PVT LTD,89
DESTA LIFESCIENCES,89
PDC HEALTHCARE,89
ESMA FORMULATIONS PVT LTD,89
VANGUARD THERAPEUTICS PVT LTD,89
INJECTO CAPTA PVT LTD,89
MARICO,88
ATOPIC LABORATORIES PVT LTD,88
ALLEN DALE BIOSCIENCES PVT LTD,88
MONTEK BIOPHARMA,88
JUGGAT PHARMA,88
DOMAGK-SMITH LABORATORIES PVT LTD,88
FIDELITY LIFESCIENCES PVT LTD,88
HEXAGON NUTRITION PVT LTD,87
MEDRAD INC,87
KAPCO INTERNATIONAL LIMITED,87
ORGANON INDIA LIMITED,87
ELINOR PHARMA,87
RASS HEALTH CARE,87
WYETH PHARMACEUTICALS LIMITED,87
AQUILA LABS,87
WISCON PHARMACEUTICALS,87
ANHOX HEALTHCARE PVT LTD,87
ASTAMED HEALTHCARE PVT LTD,87
GLOWDERMA LAB PVT LTD,87
GEN BIOTEC PRIVATE LIMITED,86
HOS & INS PHARMA,86
TYCOON PHARMACEUTICALS PVT LTD,86
UNICURE REMEDIES PVT LTD,86
MASCOT HEALTH SERIES PVT LTD,86
VASU PHARMACEUTICALS PVT LTD,86
ARETAEUS PHARMACEUTICALS,86
JUPITER PHARMACEUTICALS,86
NOVUS LIFE SCIENCES PVT LTD,86
APPLE THERAPEUTICS PVT LTD,86
Q CHECK SPECIALITY CARE PVT LTD,86
COMMONWEALTH PHARMACEUTICALS,86
VASU HEALTHCARE,85
GRANDCURE HEALTHCARE PVT LTD,85
VILCO LABORATORIES PVT LTD,85
GENESIS REMEDIES PVT LTD,85
MODICARE,84
ALMATICA PHARMACEUTICALS PVT LTD,84
KIMBERLY-CLARK LEVER PRIVATE LIMITED,84
BANGIA SCHERING,84
ASTRUM HEALTHCARE PVT LTD,84
RACE PHARMACEUTICALS PVT LTD,84
P &B LABORATORIES PVT LTD,83
HINDUSTAN LATEX LIMITED,83
SRG MEDICAL (DISINFICANT),83
SALVEO LIFECARE,83
REZICURE PHARMACEUTICALS,83
BELLA INDIA HEALTH CARE PVT LTD,82
VICCO LABORATORIES,82
SAF FERMION LTD,82
STANFORD LABORATORIES,82
ULTRAMARK PHARMACEUTICALS,82
ECON HEALTHCARE PVT LTD,82
MHS PHARMACEUTICALS PVT LTD,82
FARLIN,81
JANSSEN,81
NUWILL BIOTECH PVT LTD,81
ASTRAEA LIFE SCIENCES PVT LTD,81
WELKIND PHARMA,81
SIRONA HYGIENE PVT LTD,80
PERCOS INDIA PVT LTD,80
NEMUS PHARMACEUTICALS PVT LTD,80
SOFT PHARMACEUTICALS,80
DR. CURE PHARMACEUTICAL,80
AIOCD LTD,80
MITS HEALTHCARE PVT LTD,79
BIO WARRIORS PHARMACEUTICALS PVT LTD,79
HEAL LABORATORIES PVT LTD,79
BACTOLAC FORMULATIONS PVT LTD,79
TWEET INDIA PHARMACEUTICALS PVT LTD,79
EVA BIOTECH,79
OJB HERBALS PVT LTD,78
ZENOX LIFE SCIENCES LTD,78
VIRBAC ANIMAL HEALTH INDIA PVT LTD,78
AMRAY HEALTH CARE,78
INEX MEDICAMENTS PVT LTD,78
CAPITAL PHARMA,78
SURYA PHARMACEUTICALS,78
DENSA PHARMACEUTICALS PVT LTD,78
SH PHARMACEUTICALS LTD,78
LAKSUN LIFESCIENCES,78
AARUX PHARMACEUTICALS PVT LTD,77
LA PRISTINE BIOCEUTICALS PVT LTD,77
SOLVATE LABORATORIES PVT LTD,77
OMEGA PHARMACEUTICALS PVT LTD,77
SPECIALITY MEDITECH PVT LTD,77
LA MED INDIA,76
JARUN PHARMACEUTICAL PVT LTD,76
NRI VISION CARE INDIA LTD,76
CONNOTE HEALTHCARE PVT LTD,76
A TO Z PHARMACEUTICALS,76
RETRA LIFE SCIENCE PVT LTD,76
LYPHOMED REMEDIES P LTD,76
PARACHUT,76
JUBILANT LIFE SCIENCES,76
HINDUSTAN SYRINGES & MEDICAL DEVICES LTD,75
ORGANIC INDIA PRIVATE LIMITED,75
LYRA LABORATORIES PVT LTD,75
B BRAUN MEDICAL INDIA PVT LTD,75
ARK LIFE SCIENCES PVT LTD,75
PROHEALTH VITAMINS PVT LTD,75
DAFFOHILS PHARMA PVT LTD,75
DALLAS PHARMACEUTICALS,75
HEMA LABORATORIES LTD,75
PANJON PHARMA LTD,75
UNIQUE PHARMACEUTICALS,75
ZENITH HEALTHCARE LTD,75
INTELLECT LIFESCIENCE,75
THREE N PRODUCT PVT LTD,74
ANAX LIFE SCIENCES PVT LTD,74
CHOLAYIL PRIVATE LIMITED,74
REDROOMTECHNOLOGY PRIVATE LIMITED,74
COSMIC LIFE SCIENCES,74
KEPLER HEALTH CARE,74
PHARMANOVA SPECIALITIES PVT LTD,73
DR. VAIDYA'S,73
DEW DROPS LAB,73
KLAR SEHEN,73
SOZIN FLORA PHARMA,73
MAMYPOKO,72
SHANKUS ACME PHARMA PVT LTD,72
BAYER ZYDUS PHARMA,72
SHARANGDHAR PHARMA,72
SALVE PHARMACEUTICALS PVT LTD,71
VOTARY LABORATORIES,71
LOTUS NUTRATECH PVT LTD,71
TREXGEN PHARMACEUTICALS (P) LTD,71
GODDRES PHARMACEUTICALS PVT LTD,71
COSME FARMA LABORATORIES LTD,71
SYNTHIKO FORMULATIONS LTD,71
COSMAS PHARMACEUTICALS,71
WISDOM EXIM,71
SYNCHEM LAB,71
MAPRO,71
MAAN PHARMACEUTICALS LTD,71
MERCURY LABORATORIES PVT LTD,71
4 CARE LIFESCIENCE PVT LTD,71
PANZER PHARMACEUTICALS PVT LTD,70
VERVE HEALTH CARE LTD,70
RAYMED PHARMACEUTICALS LTD,70
OSMED PHARMA,70
SAPIENT LABORATORIES PVT LTD,70
GOLDLINE PHARMACEUTICALS,70
RUSAN HEALTHCARE PVT LTD,69
AVIS LIFE CARE PVT LTD,69
A N PHARMACEUTICALS PVT LTD,69
SUNDYOTA NUMANDIS PHARMA PVT LTD,69
MAC LABORATORIESLTD,69
SANAT PRODUCTS LTD,69
ELITE PHARMA PVT LTD,69
DIVINE LIFECARE PVT LTD,69
VITANE PHARMACEUTICALS PVT LTD,69
ELI LILLY AND COMPANY,69
L G LIFE SCIENCES,69
LA POINTQUE INTE'L LTD,68
JANDJ,68
SENSES PHARMACEUTICALS LTD,68
PHARMACON HEALTHCARE,68
WAVES BIOTECH PVT LTD,68
QUEST PHARMACEUTICALS,68
HEALTH GUARD (I) PVT LTD,68
ELKOS HEALTHCARE PVT LTD,68
BRAWN LABORATORIES LTD,68
SOUTHSHOURNE CORPORATION (INDIA),68
MESTRA PHARMA PVT LTD,68
AYURWIN,67
TRUE ELEMENTS,67
ACCUSURE,67
CMR LIFESCIENCES PVT LTD,67
AYURCHEM PRODUCTS PVT LTD,67
HECURE HEALTHCARE PVT LTD,67
MEDISYNTH CHEMICALS,67
BDH INDUSTRIES LTD,67
SHRRISHTI HEALTHCARE,67
WONSET HEALTH CARE PRIVATE LIMITED,67
AMRA REMEDIES,66
BAJAJ CONSUMER CARE LTD.,66
PEGASUS FARMACO INDIA PVT LTD,66
TRIPADA BIOTEC PVT LTD,66
TENET HEALTHCARE,66
MEDIVOLKS PHARMA,66
VINTAGE LABS PVT LTD,66
MEDICAID LABS LLP,66
ETHIX HEALTHCARE,65
RASNA PVT LTD,65
PHARMA PLUS,65
SURGE BIOTECH PVT LTD,65
BIOSTRASS HEALTH SCIENCES,65
NEST PHARMA,65
MEDICO LABS,65
CANBRO HEALTHCARE,64
SOMATICO PHARMACEUTICALS LTD,64
EL-DORADO BIO-TECH PVT LTD,64
UNIMARCK HEALTHCARE LTD,64
GRACIOUS PHARMACEUTICALS,64
AALTRAMED HEALTHCARE LTD,64
MITOCH PHARMA PVT LTD,64
DERMAKARE PHARMACEUTICALS,63
AERAN INDIA PVT LTD,63
ESKON PHARMA,63
IATROS PHARMACEUTICALS PVT LTD,63
STEDMAN PHARMACEUTICALS PVT LTD,63
LIFE-MEDICARE & BIOTECH PVT LTD,63
QUANTUM NATURALS,62
J.L.MORISON (INDIA) LTD,62
ELBRIT LIFE SCIENCES PVT LTD,62
NAVIL LABORATORIES,62
AMWAY INDIA,62
WALTON HEALTHCARE PVT LTD,62
TRIGENESIS LIFESCIENCES,62
SHREE KRISHNAKESHAV LABORATORIES,62
ADRENA HEALTHCARE PVT LTD,62
PIRAMAL ENTERPRISES LTD,61
STELLAR BIO LABS PVT LTD,61
PROFIC ORGANICS,61
SHIELD PHARMACEUTICALS,61
ASHISH LIFE SCIENCE,61
VET INDIA LIMITED,61
ACTIVA LIFESCEINCES,61
HINDUSTAN ANTIBIOTICS LTD,61
TIDAL LABORATORIES PVT LTD,61
MANFRIDAY LIFESCIENCES,60
AARON PHARMACUETICALS PVT LTD,60
INNOVCARE LIFE SCIENCES PVT LTD,60
CATTLE REMEDIES INDIA LIMITED (VET),60
EXOTIC LABORATORIES PVT LTD,60
WINCARE REMEDIES,60
AUROLAB,60
DEA DELLA LIFE SCIENCES PVT LTD,60
RELIANCE LIFECARE PVT LTD,60
INDIANA OPHTHALMICS,60
NESTOR PHARMACEUTICALS,60
SYMBIOTIC DRUGS & DIABETIC CARE,60
MCW HEALTHCARE,59
DERMAREX HEALTHCARE INDIA PVT LTD,59
MAVERICK PHARMA PVT LTD,59
MEDIEZ PHARMA PVT LTD,59
SINSAN PHARMACEUTICALS PVT LTD,59
COLINZ LABORATORIES LTD,59
ENCORE HEALTHCARE PVT LTD,59
LIFE LINE BIOTECH LTD,59
KAIZEN PHARMACEUTICALS PVT LTD,59
CRATUS LIFE CARE PVT LTD,59
ERGOS LIFE SCIENCES,58
BAJAJ FORMULATIONS,58
CONSERN PHARMA PVT LTD,58
RESILIENT COSMECEUTICALS PRIVATE LIMITED,58
RND LABORATORIES PVT LTD,58
IMMUNA LIFE SCIENCES,58
PREM PHARMACEUTICALS LTD,58
ALMET CORPORATION LTD,58
SAVA MEDICAL LTD,58
BIOCEUTICS INC,57
SBL HOMEOPATHY,57
GRACE DERMA HEALTHCARE PVT LTD,57
LAKSHYA PHARMA PVT LTD,57
AUSPI MEDICAMENTS,57
BLISS GVS PHARMA,57
SYSWIN PHARMACEUTICALS PVT LTD,57
EMERALD PHARMA PRIVATE LIMITED,57
NEWNIK LIFECARE PVT LTD,56
FIXDERMA INDIA PVT LTD,56
R FOR RABBIT BABY PRODUCTS PVT LTD,56
UTH HEALTHCARE,56
STARTOS HEALTH CARE PVT LTD,56
CYNO PHARMACEUTICALS LTD,56
LIBRA DRUGS (INDIA),56
CADOMED PHARMACEUTICALS PVT LTD,56
MERCURY HEALTH CARE PVT LTD,56
GETWELL LIFE SCIENCES PVT LTD (GLS PHARMA LTD),56
MK INDUSTRIES,55
ADROIT BIOMED LIMITED,55
MEDLIFE WELLNESS PVT LTD,55
GELFLEX,55
HLL LIFE CARE,55
SOLDERMA PHARMACEUTICALS PVT LTD,55
ADELMAR PHARMA,55
BHARTI LIFE SCIENCES,55
CORONA LABORATORIES,55
ELAN PHARMA(INDIA) PVT LTD,55
AVINASH HEALTH PRODUCTS PVT LTD,55
SPARK MEDICARE PVT LTD,55
ASTER MEDIPHARM PVT LTD,55
ZENOBIO LIFE SCIENCE,55
APACE LIFE SCIENCE,55
GOLDLINE,55
ATRIMED HERBAL PVT LTD,54
ORGANIC WELLNESS,54
STARUS PHARMACEUTICALS PVT LTD,54
FAST & UP INDIA,54
AUSTRO LABS LTD,54
SYNDICATE LIFE SCIENCES PVT LTD,54
NOSTRUM PHARMACEUTICALS PVT LTD,54
VOXIVA PHARMACEUTICALS,54
PRAYAS PHARMACEUTICALS,54
PHARM PRODUCTS PVT LTD,54
MOUNT METTUR,54
DUPEN LABORATORIES PVT LTD,54
APPASAMY OCULAR DEVICES PVT LTD,54
HINGLAJ LAB OF INDIA,54
STEADFAST MEDISHIELD PVT LTD,54
SYMBIOTIC DRUGS,54
LIA LIFE SCIENCES PVT LTD,53
GERMAN REMEDIES LTD,53
BACFO PHARMACEUTICALS (INDIA) LTD,53
ESMATRIX LIFE SCIENCES PVT LTD,53
BRILLIANT LIFESCIENCES PVT LTD,53
MISSION CURE PHARMA PRIVATE LIMITED,53
AGLOWMED LIMITED,53
BIOMEDICA LIFESCIENCE,53
QUALITY PHARMA PRODUCTS PVT LTD,53
KARLIN PHARMACEUTICALS AND EXPORTS PVT LTD,53
MODHIKE PVT LTD,53
EISEN PHARMACEUTICALS PVT LTD,53
KONTEST CHEMICALS LTD,53
ZYRIS DERMA CARE PVT LTD,53
PROQOL HEALTHCARE PVT LTD,53
IMC PVT LTD,52
HINDUSTAN LEVER LIMITED,52
HIMALAYA DRUG COMPANY,52
MOHRISH PHARMACEUTICALS PVT LTD,52
ZENVITA HEALTHCARE,52
AXIOM AYURVEDA,52
SHILPA MEDICARE LIMITED,52
ORIGO PHARMACEUTICALS PVT LTD,52
ALARSIN PHARMACEUTICALS,52
SHRESHTHA FORMULATIONS,52
CONCERTINA PHARMA PVT LTD,52
R G BIOCOSMETIC PVT LTD,51
KINESIS PHARMACEUTICALS PVT LTD,51
ATHENS LAB LTD,51
SEAGULL LABORATORIES INDIA PRIVATE LIMITED,51
AMRUT PHARMACEUTICALS,51
AS PHARMACEUTICAL,51
ADEL PEKANA GERMANY,51
TRENDS PHARMA PVT LTD,51
VELIKO PHARMACLS,51
ABARIS HEALTHCARE,51
GENETICA PHARMA PVT LTD,51
BURGEON PHARMACEUTICALS PVT LTD,51
MIRACALUS PHARMA PVT LTD,51
INFUGEN PHARMA PVT LTD,51
CUTIGEN INCOPORATION,51
CARE PHARMACEUTICALS,50
THREE DOTS LIFESCIENCE PRIVATE LIMITED,50
REMEMBER INDIA MEDICOS PVT LTD,50
INTERNAL PACKAGING MATERIAL,50
LIVIDUS PHARMACEUTICALS,50
NEXTGEN HEALTH CARE PVT LTD,50
OLYMPUS LIFE SCIENCES,50
ZINNIA LIFE SCIENCES,50
PRAISE PHARMA,50
PEERAGE PHARMA PVT LTD,50
ULTRA CHIRON PHARMACEUTICALS PVT LTD,50
BIOMIICRON PHARMACEUTICALS,50
EMDRIX PHARMACEUTICALS PVT LTD,50
REGALIA PHARMACEUTICALS (I) PVT LTD,50
HEALTHKART,49
UNIVENTIS MEDICARE LTD,49
NEON LABORATORIES LTD,49
BIONOVA LIFESCIENCES,49
DHARA FORMULATION PVT LTD,49
BL PHARMA LTD,49
MAX INDIA LIMITED,49
KALPATARU FORMULATIONS PVT LTD,49
DERMIS LIFE SCIENCES,49
ZERICO LIFESCIENCES PVT LTD,48
NIVEA,48
SWISSE WELLNESS PRIVATE LIMITED,48
UNIWELL MEDICARE PVT LTD,48
ZOVAITALIA BIO TECH,48
CANVARZYS PHARMACEUTICALS,48
AAA PHARMATRADE PVT LTD,48
EFIIA LIFE SCIENCES PVT LTD,48
ASTER ZENITH BIOSCIENCE,48
KESHAV HEALTHCARE,48
LARION LIFE SCIENCES PVT LTD,48
PARAS PHARMACEUTICALS LTD,48
VANCE & HEALTH PHARMACEUTICALS LTD,48
BIPI LIFESCIENCES PVT LTD,48
SYSTACARE REMEDIES,48
SEDULUS REMEDIES,48
GOODCARE PHARMA PVT LTD,47
WORLD WIDE REMEDIES,47
NATURAL LTD. (DIV. A.R.L. LTD.),47
OBAT MEDICARE PVT LTD,47
GOKRIPA PRODUCTS,47
ME N MOMS PVT. LTD.,47
OMNI LIFESCIENCES PVT LTD,47
NOVADUO PHARMA,47
RECKNOR LIFESCIENCES PVT LTD,47
CURE N CURE PHARMACEUTICALS PVT LTD,47
BSP PHARMACEUTICALS,47
SUMAC PHARMA,47
FERON HEALTHCARE PVT LTD,47
DR. ARVIND LIFE SCIENCE PVT LTD,47
3C HEALTHCARE SOLUTION PVT LTD,47
MEDOZ PHARMA,47
BALSONS PHARMACEUTICALS,47
ZEST PHARMA,47
KADEN HEALTH CARE PVT LTD,47
UNILEX LIFESCIENCES PVT LTD,47
JOVEES,46
AGRON INDIA LTD.,46
CONVERGE BIOTECH,46
NUTRICIA INTERNATIONAL PVT LTD,46
REDCLIFFE HYGIENE PRIVATE LIMITED,46
BIO VITAMINS,46
BION THERAPEUTICS,46
FUTURE PHARMA PVT LTD,46
CALIX LIFE SCIENCES PVT LTD,46
ROCKMED PHARMA PVT LTD,46
THEIA HEALTH CARE PVT LTD,46
SOFTECH PHARMA PVT LTD,46
AR-EX LABORATORIES PVT LTD,46
CAPRO LABS EXPORTS INDIA PVT LTD,46
SALVADOR VISION TECH,46
J.K.PHARMA,46
SIOMOND PHARMACEUTICAL PVT LTD,46
SMAYAN HEALTHCARE PRIVATE LIMITED,45
ACTIFIT INDIA PVT LTD,45
ARBRO PHARMACEUTICALS PVT LTD,45
ARKAS PHARMA P LTD,45
JUNIFER PHARMACEUTICALS,45
ANKOM LABORATORIES,45
THETA LAB PVT LTD,45
NIPPON SEIYAKU PVT LTD,45
BANGALORE ANTIBIOTICS & BIOLOGICALS PVT,45
RAYMOND PHARMACEUTICAL PVT LTD,45
MCASTRO PHARMA,45
BOEHRINGER INGELHEIM,45
SKYWAYS HEALTHCARE PVT LTD,45
SALAS PHARMACEUTICALS PRIVATE LIMITED,45
MAMTA PHARMA,45
BRIO BLISS LIFE SCIENCE PVT LTD,44
VITRO HEALTHCARE,44
ALL THINGS BABY LLP,44
MUSCLEPRO NUTRITION PVT LTD,44
NOUVEAU MEDICAMENT PVT LTD,44
BSA PHARMA INC,44
NUKIND HEALTHCARE PVT LTD,44
SOLUMIKS PIRAMAL LTD,44
CRUISE PHARMACIA PVT LTD,44
AGRAWAL DRUGS PVT. LTD.,44
APRICA HEALTHCARE PVT LTD,44
DIOS LIFESCIENCES PVT LTD,44
ROWAN BIOCEUTICALS (P) LTD,44
IPC HEALTHCARE PVT LTD,44
SPINOGEN,44
AUROBINDO PHARMA LTD,44
CM COSMATIC,44
UMANO HEALTHCARE PVT LTD,44
GLADSTONE PHARMA INDIA PVT LTD,43
CAVINCARE,43
MAESTRO PHARMACEUTICALS,43
LANCER PHARMACEUTICALS PVT LTD,43
PHARMAGENICA HEALTHCARE PVT LTD,43
CARYOTA LIFE SCIENCE,43
ENDOCARD INDIA,43
CHEMO HEALTHCARE PVT LTD,43
FRANKFURT PHARMA PVT LTD,43
JUPITER BIOLABS PVT LTD,43
HEALING PHARMA,43
EMCEE PHARMACEUTICALS PVT LTD,43
AUSTRAK PVT LTD,43
PURE & CURE HEALTHCARE PVT LTD,43
DALES PHARMACEUTICALS LTD,43
BV PANDIT,43
PUREWIN LABS PVT LTD,43
RELIANCE LIFE SCIENCE,43
UNIVERSAL MEDIKIT,43
SHANTA BIOTECHNICS PVT LTD,43
BURNET PHARMACEUTICALS PVT LTD,43
MEDICURE LIFE SCIENCES INDIA PRIVATE LIMITED,43
HELAX HEALTHCARE,43
UVB HEALTHCARE PVT LTD,42
SRI SRI TATTVA,42
3A PHARMACEUTICALS,42
BAUSCH AND LOMB,42
ORN REMEDIES PVT LTD,42
BIO PHARMA DRUGS,42
BPL MEDICAL TECHNOLOGIES PRIVATE LTD,42
HAMPS INDIA PVT LTD,42
AYULABS PVT LTD,42
ELTIS ORGANICS,42
NUTRI SYNAPZZ THERAPEUTIS PVT LTD,42
SIDHBALI FORMULATIONS,42
HIPPO LABS PVT LTD,42
MRHM PHARMA PVT LTD,41
PREMIER NUTRACEUTICALS PVT LTD,41
SHIRR PHARMACEUTICALS PVT LTD,41
LIFE VISION HEALTHCARE PVT LTD,41
BUDDSBUDDY,41
MARK INDIA,41
MEDITEK INDIA,41
ARLAK BIOTECH PVT LTD,41
MEDSOL INDIA OVERSEAS PVT LTD,41
VENOVA PHAMACEUTICALS PVT LTD,41
KONVERGE HEALTHCARE PRIVATE LIMITED,41
RECKITT BENCKISER PVT LTD,41
STRASSENBURG PHARMACEUTICALS LTD,41
HEALING PHARMA INDIA PVT LTD,41
INTERMED PHARMA PVT LTD,41
TETRAMED BIOTEK PVT LTD,41
ABBEY HEALTH CARE PVT LTD,41
BRITANNIA INDUSTRIES LIMITED,41
KRYPTON PHARMACEUTICALS,41
NOTUS PHARMACEUTICALS LTD,41
EAST AFRICAN (I) REMEDIES PVT LTD,41
FLOREAT MEDICA PVT LTD,41
NODYSIS PHARMA PVT LTD,41
MAXO CHEM LIMITED,41
PARK AVENUE,40
ANCHOR HEALTH & BEAUTY CARE PRIVATE LIMITED,40
ADFAC LABORATORIES PVT LTD,40
BIOREX HEALTHCARE PVT LTD,40
CONSTANT REMEDIES PVT LTD,40
KNOLL PHARMACEUTICALS LTD,40
ALCON LABORATORIES INC,40
WINMARK PHARMACEUTICALS PVT LTD,40
R.K. MEDICARE PVT LTD,40
TULIP LAB PVT LTD,40
TECHNICA LABS & PHARMA,40
CHETHANA PHARMACEUTICALS,40
NARANKAA PHARMA,40
NEURON PHARMA (P) LTD,40
DR BEST PHARMACEUTICALS PVT LTD,40
STAR PHARMACEUTICALS,40
GLASIER WELLNESS INC,40
PHARMAVEDA (INDIA) PVT LTD,39
KALAN PHARMACEUTICALS,39
ZYPHARS PHARMA,39
JOVEES HERBAL CARE INDIA LTD,39
PIGEON INDIA PVT. LTD.,39
SIGNITY PHARMACEUTICALS PVT LTD,39
OMRON ASIA PACIFIC PVT LTD,39
MARSHA PHARMACEUTICALS,39
KANAD LABS,39
EUROPA HEALTHCARE PVT LTD,39
SUNSHINE PHARMA,39
ZOIC CHEMICALS & PHARMACEUTICALS PVT LTD,39
BAJAJ PHARMACEUTICALS,39
DAKSHINAMURTI PHARMA,39
PARKER ROBINSON PVT LTD,39
SG PHYTO PHARMA PVT LTD,39
MINT PHARMACEUTICALS PVT LTD,39
KUSUM HEALTHCARE PVT LTD,39
UNIVERSAL BIOGENICS,39
RKM HEALTH CARE,39
HEALING PHARMA INDIA PVTV LTD,39
RAMAN & WEIL PVT LTD,39
ROYAL LABS,39
G NINE FORMULATIONS,39
MODULE PHARMACEUTICALS,39
PERCH LABORATORIES LTD,39
LEOLIFE SCIENCES PVT LTD,39
RANISH IMPEX PVT LTD MUMBAI,38
MAHAVEER OVERSEAS,38
VERNA HEALTHCARE,38
ELNOVA PHARMA,38
DEPSONS PHARMA,38
AFFY PHARMA PVT LTD,38
BEWELL LABS PVT LTD,38
AMIDEEP PHARMACEUTICALS,38
BHP,38
WANDER MEDICARE PVT LTD,38
BHARAVI PHARMACEUTICAL LTD,38
STRIVEO HEALTHCARE PVT LTD,38
ADDISSUN LIFE SCIENCE PVT LTD,38
CNX HEALTHCARE,38
AJANTA PHARMA LIMITED,38
SERDIA PHARMACEUTICALS (INDIA) PVT LTD,38
BANJARA HERBALS PVT.LTD.,37
SANTE MERNAUD PHARMECEUTICAL PVT LTD,37
ELIXIR HEALTHCARE SERVICES,37
NEXGEN RX LIFE SCIENCES PVT LTD,37
INTRA LABS INDIA PVT LTD,37
GNOSIS PHARMACEUTICAL PVT LTD,37
UNIVERSAL LIFE SCIENCES,37
ISIS HEALTHCARE PVT LTD,37
ELION HEALTH CARE PVT LTD,37
HEALTH BIOTECH LIMITED,37
SANDU PHARMA,37
SARABHAI CHEMICALS PVT LTD,37
KATG THERAPEUTICALS,37
STANDARD PHARMACEUTICALS LTD,37
PFIMAXX ORGANICS PRIVATE LIMITED,37
APOSTLE REMEDIES,37
COGNITIVE LIFE SCIENCES PVT LTD,37
ADRET RETAIL PRIVATE LIMITED (KAPIVA),36
SHRI GUJARAT MAHILA LOKSWASTHYA SEWA SAHAKARI MANDLI LTD,36
ERA PHARMACEUTICALS PVT LTD,36
GMN HEALTHCARE PRIVATE LIMITED,36
CARE AGRO VET LAB,36
HAMDARD LABORATORIES INDIA PVT. LTD.,36
APPLIED COMMUNICATION AND CONTROLS,36
GERRYSUN PHARMACEUTICALS PVT LTD,36
BROCHEM HEALTHCARE PVT LTD,36
BDF PHARMA PVT LTD,36
SERUM INSTITUTE OF INDIA LTD,36
NEO CARDIAB CARE PVT LTD,36
JK BIOCHEM HEALTHCARE PVT LTD,36
MDC PHARMACEUTICAL PVT LTD,36
B.V.BIO CORP PRIVATE LTD,36
RAVIAN PHARMACEUTICALS PVT LTD,36
EISAI PHARMACEUTICALS,36
MAYFLOWER INDIA,36
ORSIM PHARMA,36
UNIFAB PHARMACEUTICALS,36
LITAKA PHARMACEUTICALS LTD,36
MAGNUS BIOTECH PVT LTD,36
STADCHEM OF INDIA,36
ST. MORRISON,36
SENECHIO PHARMA PVT LTD,35
SSL INTERNATIONAL,35
SUN PHARMA (CONSUMER HEALTHCARE),35
OMRON HEALTHCARE INDIA PVT LTD,35
JIVA AYURVEDA,35
OLCARE LABORATORIES PVT LTD,35
SNOWLAN EPICURE PVT LTD,35
DYNAMIC LABORATORIES PVT LTD,35
ATUL DRUGS HOUSE,35
PRESENS,35
L'OREAL,35
MAITHRI HEALTH CEARE,35
DR WILLMAR SCHWABE INDIA PVT LTD,35
AURUM LIFE SCIENCE PVT LTD,35
SG LIFECARE PVT LTD,35
DIVISA HERBAL CARE PVT LTD,35
SYNERGY PHARMACEUTICALS,35
BAJAJ HEALTHCARE LTD,35
EXCELLAMED LABORATORY PVT LTD,35
PASTEUR LABORATORIES PVT LTD,35
DEXTER LABORATORIES PVT LTD,35
SIESTA PHARMACEUTICALS,35
ERINYLE HEALTH CARE PVT LTD,35
SUREMED LIFECARE PVT LTD,35
NIFLE BIOSCIENCE,35
BIOTABS LIFESCIENCES PVT LTD,35
CORAZON PHARMA PVT LTD,35
NITRO CADINEUR,35
MEDICHEM PHARMCEUTICALS LTD,35
EYEKARE KILITCH LTD,35
ADVENT LIFE SCIENCE,34
SOLACE BIOTECH LTD,34
VELITE PHARMACEUTICALS,34
PATSON LABORATORIES,34
24MANTRA,34
SURECARE PHARMA PVT LTD,34
ALIVE PHARMACEUTICAL PVT LTD,34
ETEX HEALTHCARE PRIVATE LIMITED,34
RIVAN PHARMACEUTICALS PVT LTD,34
PROSIT HEALTH CARE PVT LTD,34
MEDI BIOTECH PVT LTD,34
BONSAI PHARMA,34
EXELTIS,34
KAIZEN RESEARCH LABS INDIA PVT LTD,34
ALCHEM PHYTOCEUTICALS LTD,34
ORRIS PHARMACEUTICALS,34
ASTROPHEL PHARMACEUTICALS PVT LTD,34
HI-TEC LABORATORIES,34
LYRID HEALTHCARE PVT LTD,34
DUCKBILL DRUGS PVT LTD,34
CADILA PHARMACEUTICALS LIMITED,34
SWASTIK PHARMACEUTICALS,34
INDO-FRENCH LABORATORIES LTD,34
SERUM INTERNATIONAL LIMITED,34
EXCELLA LIFE SCIENCES,34
ASKLEPIOS REMEDIES (P) LTD,34
KAPTAB,34
THRIFT PHARMACEUTICALS,33
HERBAL ESSENCES,33
PLAYGARD,33
DR. SCHOLL'S,33
TRANS PHARMACEUTICALS,33
WILBURT REMEDIES PVT LTD,33
MAC MEDILIFE PRIVATE LIMITED,33
GUARDIAN HEALTHCARE SERVICES PVT. LTD,33
HANSAPLAST,33
CORE GESTRA,33
PRISTINE CARE PRODUCTS,33
GRANDIX PHARMACEUTICALS,33
SAAN LABS,33
HICARE PHARMA,33
GEO FRESH ORGANIC,33
ELYSIUM PHARMACEUTICALS LTD,33
A S V LABORATORIES (INDIA) PVT LTD,33
CALIX HEALTH CARE PVT LTD,33
AMPRA PHARMACEUTICALS,33
ARMOUR REMEDIES PVT LTD,33
CHEMECH LABORATORIES PVT LTD,33
NANOCEA BIOTEC,33
REGARDIA PHARMACEUTICALS,33
ASHOK PHARMACEUTICALS,33
AAGAM LIFE SCIENCES PVT LTD,33
BENGAL CHEMICALS & PHARMACEUTICALS LTD,33
SIFCO PHARMA,33
AISHWARYA HEALTHCARE,32
BIO VEDA ACTION RESEARCH COMPANY,32
M.A. HERBAL REMEDIES,32
CLIDE INTERNATION PVT LTD,32
BIOVEDA ACTION RESEARCH CO,32
AVANCER LABS (P) LIMITED,32
EDURA PHARMACEUTICALS PVT LTD,32
WILSHIRE PHARMACEUTICALS,32
RENE LIFESCIENCE PVT LTD,32
SPECTRA THERAPEUTICS PVT LTD,32
YAHER PHARMA,32
CARE FORMULATIONS LABS PVT LTD,32
SWISS GARNIER LIFE SCIENCES,32
OZIEL PHARMA,32
WALNUT LIFE SCIENCES PVT LTD,32
NATIONAL CHEMICAL & PHARMACEUTICAL WORKS PVT LTD,32
OBSURGE PHARMA (P) LTD,32
BDR PHARMACEUTICALS INTERNATIONAL PVT. L,32
E DERMA PHARMA INDIA,32
AURELDERMA,32
INDOSPECTRUM PHARMACEUTICALS PVT LTD,32
ESTRAGEN PHARMA,32
EMPIAI PHARMACEUTICALS PVT LTD,32
UAS LABORATORIES PVT LTD,32
OPTICA PHARMACEUTICALS PVT LTD,32
STEIGEN PHARMACEUTICALS,32
G SURGIWEAR LTD.,32
DALMIA HEALTHCARE LIMITED,32
MONOKEM LABS,32
AXIS LIFE SCIENCE PVT LTD,31
AROMMAC INDUSTRIES,31
DRUKST BIOTECH PRIVATE LIMITED,31
AKCENT HEALTHCARE INDIA PVT LTD,31
NILRISE PHARMACEUTICALS PVT LTD,31
LIFESTAR PHARMA PVT LTD,31
VENCARE FORMULATIONS PVT LTD,31
CELERA HEALTHCARE PVT LTD,31
MATRIX HEALTHCARE,31
SWISSKEM HEALTH CARE,31
MEDOPHARM,31
VIRTUOUS HEALTHCARE LTD,31
ROUZEL PHARMA,31
KELLOGS INDIA PVT LTD,31
TWILIGHT MARCANTIL,31
ASCENT HEALTHCARE,31
HERAMB HEALTHCARE,31
WELCURE DRUGS & PHARMACEUTICALS LIMITED,31
ZOTICUS PHARMACEUTICALS,31
KATZUNG PHARMACEUTICALS PRIVATE LIMITED,31
TAN HEALTH CARE PVT LTD,31
MEGACORP HEALTHCARE,31
APOTEX PHARMACHEM INDIA PVT LTD,31
MCNEIL & ARGUS PHARMACEUTICALS,31
EDOC LIFE SCIENCES PVT LTD,31
REGENT AJANTA BIOTECH,31
PFICUS DE MED PVT LTD,31
MEDICON PHARMA LIMITED,31
MAVIN PHARMACEUTICALS,30
MITSHU,30
MITRA INDUSTRIAL PVT LTD,30
REGALIZ MEDICARE LIMITED,30
BIO GENETICA,30
EVAXO PHARMA PVT LTD,30
APTUS PHARMA PVT LTD,30
TAINWALA PERSONAL CARE PRODUCTS PVT LTD,30
KAVACH 9,30
TIMETECH PHARMA PVT LTD,30
BIOKINDLE LIFESCIENCES PVT LTD,30
LIFE SCIENCES PVT LTD,30
SCHULKE INDIA PVT LTD,30
XENO PHARMACEUTICALS,30
TRUWIN PHARMACEUTICALS PVT LTD,30
UCB INDIA PVT LTD,30
MAGNACHEM PHARMACEUTICALS PVT LTD,30
EG LIFECARE SERVICES PVT LTD,30
SIENNA FORMULATIONS PVT LTD,30
ENDOCARE INDIA,30
WORTH MEDICINES (I) PVT LTD,30
ARRIENT HEALTHCARE PVT LTD,30
TUSKER PHARMA PVT LTD,30
CONCUR PHARMACEUTICALS PVT.LTD.,30
IND BIOSCIENCES,30
CHURCH & DWIGHT UK LTD,29
CHERYL LABORATORIES PVT LTD,29
RUSI REMEDIES PVT LTD,29
BRINTON PHARMACEUTICALS PVT LTD,29
ASSURE LIFE SCIENCE PVT LTD,29
MEDSEA HEALTHCARE PVT LTD,29
BHARAT BIOTECH INTERNATIONAL,29
RAMOSE LABORATORIES PVT LTD,29
HYGEIA PHARMACEUTICALS,29
NUMED LABORATORIES PVT LTD,29
MICROGEN HYGIENE,29
DM PHARMA,29
AYURVED,29
CRITICARE LABORATORIES,29
LEEFORD PHARMACEUTICALS,29
ZIEL PHARMACEUTICALS PVT LTD,29
PROTECH BIOSYSTEMS,29
INTAG REMEDIES,29
BIOS LAB,29
OCTANE BIOTECH,29
AGM BIOTECH PRIVATE LIMITED,29
MAHARISHI AYURVEDA PVT LTD,29
UNIPROGEN BIOTECH PVT LTD,29
PAN HOURS HEALTH CARE,29
BLISS CHEMICALS & PHARMA LTD,29
ARROWIN PHARMACEUTICALS,29
CARDIA LIFE CARE PVT LTD,29
MEDISPAN LIMITED,29
TRIDENT PHARMACEUTICALS,29
MCRONUS LIFESCIENCE PVT LTD,29
SRK LIFE SCIENCES & RESEARCH (INDIA) PVT,29
ZIMALAYA DRUGS PVT LTD,28
BAGRRYS INDIA LTD,28
GLOBAL HEALTHFIT RETAIL INDIA LLP,28
XPEL MARKETING LTD. UK,28
ANUJA PHARMACEUTICALS PVT LTD,28
RENOVA LIFESCIENCES PVT LTD,28
ZEVIC,28
MEDIZEN LABS PVT. LTD. (VISTA NUTRITION),28
DIAMOND,28
PREMIER TISSUES INDIA LTD,28
J K HELENE CARTIJ LTD,28
ROLLINS INTERNATIONAL PRIVATE LIMITED,28
ASCLEPIUS REMEDIES PVT LTD,28
NOBEL HYGIENE PRIVATE LIMITED,28
HERBALIFE,28
AKASH PHARMA,28
UNIVERSAL MEDICARE,28
ADIPS LABORATORIES LTD,28
CHICKY PHARMA PVT LTD,28
DOT PHARMA,28
SARABHAI ZYDUS ANIMAL HEALTH LTD,28
VLCC PERSONAL CARE LTD.,28
STIEFEL INDIA PVT LTD,28
GREENCO BIOLOGICALS PVT LTD,28
VIKRAM CHEMICAL LAB,28
KAPS 3 LIFESCIENCES PVT LTD,28
RONAK LABS,28
SYSMED LABORATORIES PVT LTD,28
NV LIFECARE PVT LTD,28
TALSON PHARMACEUTICALS,28
VARIETY PHARMACEUTICALS PVT LTD,28
UNITED LIFECARE PVT LTD,28
ALPHA LAB,28
CENTURY LIFE SCIENCE PVT LTD,28
BIOALTUS PHARMA PVT LTD,28
ORNATE LABS PVT LTD,28
PRESCRIPTION MEDICINES PVT LTD,28
VIBCARE PHARMA,28
OXYTECH,28
ABN DRUGS,28
VIVID BIOTEK PVT LTD,28
ZEN PHARMA PVT LTD,28
LIFECARE INNOVATIONS PVT LTD,28
DANONE,27
BAJAJ SEVASRAM LTD,27
LEADS PHARMA,27
TIRUPATI LIFE SCIENCES,27
MASCON HEALTHCARE PVT LTD,27
MLT LABORATORIES PVT LTD,27
RADICOOL PHARMACEUTICAL PVT LTD,27
KRISHNIEL INDUSTRIES,27
PHILIPS ELECTRONICS,27
FOUNTIL LIFE SCIENCES PVT LTD,27
FEMURA PHARMACEUTICALS PVT LTD,27
MMC PHARMACEUTICALS LTD,27
KAPIVA,27
TIMON PHARMACEUTICAL,27
AARSHAVEDA WELLNESS PVT LTD.,27
ADDII BIOTECH,27
ERNST PHARMACIA,27
AKSIGEN HOSPITAL CARE,27
DECCAN HEALTHCARE LTD,27
AAROHI PHARMACEUTICALS LTD,27
CHEM + MED PHARMACEUTICALS,27
VISTA HEALTH CARE,27
J J.DECHANE LAB PVT LTD,27
UNITECH HEALTHCARE PVT LTD,27
SUVIK HITEK PVT LTD,27
ROBINS REMEDIES PVT LTD,27
FARM HONEY,26
DEVYAM MEDICARE PVT LTD,26
DIAMOND LIFE SCIENCES,26
BIO-DRUG,26
HENKEL INDIA LIMITED,26
SESDERMA INDIA PVT LTD,26
RAYMOND,26
QUANTUM INTERNATIONAL PRIVATE LIMITED,26
ACINTA PHARMACEUTICALS PRIVATE LIMITED,26
SHAKUNTAL MUKUND WELLNESS,26
PAKSONS PHARMACEUTICALS,26
ACCOSTS REMEDIES PVT LTD,26
APPLE LIFESCIENCE,26
DND,26
UNISOFT ORTHOPAEDICS LTD,26
DER-DERMOCARE,26
HINDUSTAN AYURVED & MEDICAL RESEARCH,26
AUREATE HEALTHCARE PVT LTD,26
HANBURYS HEALTH CARE PVT LTD,26
G D PHARMA,26
BRAINWAVE HEALTHCARE PVT LTD,26
SANATIO PHARMACEUTICALS,26
BRUSSELS LABORATORIES PVT LTD,26
EPIONE PHARMACEUTICALS,26
VIRCHOW BIOTECH PRIVATE LIMITED,26
PROMPT CURE PHARM PVT LTD,26
BALINT PHARMACEUTICALS,26
HASHMI,26
GRINDLAYS PHARMACEUTICALS PVT LTD,26
BRISTOL-MYERS SQUIBB PVT LTD,26
THEO PHARMA PVT LTD,26
AXTER PHARMACEUTICALS PVT LTD,26
FENESTRA PHARMACEUTICALS,26
NUSEARCH ORGANIC,26
ELINOR PHARMACEUTICALS PVT LTD,26
ANTIK BIOTECH,26
LUNDBECK INDIA PRIVATE LIMITED,26
DEEMARK HEALTH CARE PVT LTD,25
S R PHARMACEUTICALS,25
RELY ON PHARMACEUTICALS,25
CHEMO BIOLOGICAL,25
FANDL,25
TOTAL HEALTH CARE,25
TMS INDIA,25
VIVO LIFES SCIENCES PVT LTD,25
BIOSCIENCES PHARMAKON,25
NUTRIZO ADVANCIS HEALTHCARE PRIVATE LIMITED,25
D D NUTRITIONS INDIA,25
SOLIS PHARMA,25
MISSION RESEARCH LABORATORIES PVT LTD,25
SCUTONIX LIFESCIENCES PVT LTD,25
QUEEN PHARMACEUTICALS,25
BIOPLASMA IMMUNOLOGICAL RESEARCH PVT LTD,25
NOVALAB HEALTHCARE PVT LTD,25
CYTOGEN PHARMACEUTICALS INDIA PVT. LTD,25
GALAXUS PHARMACEUTICALS,25
GRAPPLE LIFE SCIENCES PRIVATE LIMITED,25
VINI COSMETICS PVT LTD,25
JOHN BIOTECH PVT LTD,25
AQUALIFE PHARMACEUTICALS,25
KIRTI WORKS,25
EPHORBIA PHARMACEUTICALS,25
VANPROM LIFESCIENCES PVT LTD,25
IDOL BIOTECH,25
PRG PHARMA PVT LTD,25
SIDDHAYU HEALTHCARE PVT LTD/SIDDHAYU AYURVEDIC RESEARCH FOUNDATION PVT LTD,25
INTEGRAL LIFESCIENCES,25
LEKAR PHARMA LTD,25
RAYH HEALTHCARE PVT. LTD,25
KIM LABORATORIES,24
K D CHEM PHARMA,24
INDIAN IMMUNOLOGICALS LTD,24
CURETECH SKINCARE,24
HAIDEN TECHNOLOGY PVT LTD,24
WIPRO ENTERPRISES PVT LTD.,24
HW WELLNESS SOLUTIONS PVT LTD,24
DERMA ESSENTIA,24
NUTREE WORLD LIFE CARE PRIVATE LIMITED,24
NAOS SKIN CARE INDIA PRIVATE LIMITED,24
NEWTRIMED HEALTHCARE PVT LTD,24
LIFELINE REMEDIES INDIA PRIVATE LIMITED,24
STELIOS PHARMACEUTICALS PVT LTD,24
SOL DERMA PHARMACEUTICALS PVT LTD,24
FIDUS HEALTHCARE,24
FORMAN MEDICS PVT LTD,24
KURIAN ABRAHAM PVT LTD,24
KLOSTER PHARMACEUTICALS,24
AAR ESS REMEDIES PRIVATE LIMITED,24
SENTISS PHARMA PVT LTD,24
NOW FOODS,24
UNI LABS,24
MEDICROSS PHARMACEUTICALS,24
DOLVIS BIOPHARMA,24
RANMARC LABS,24
HEALALL PHARMA INDIA PVT LTD,24
LOTUS LAB,24
LYKA LABS LTD,24
INSPIRA LIFE SCIENCES PVT LTD,24
OLAMIC HEALTHCARE,24
MADHAV BIOTECH PVT LTD,24
BIOZAIN LIFE SCIENCES,24
BPL PHARMACEUTICALS (P) LTD,24
PLUS PHARMACEUTICALS,24
MINOL PHARMACEUTICALS,24
TRINITY PHARMACEUTICALS LTD,24
DATLA LABORATORIES,24
NIMBUS HEALTHCARE,24
VERA CONSIGNEE,24
KNIGHT,24
DAKSHINAMURTI PHARMA PRIVATE LIMITED,24
ASTRA MED HEALTH CARE,24
MANAS PHARMA LTD,24
ARROW PHARMACEUTICALS PVT LTD,24
ALLENTIS PHARMACEUTICALS PVT LTD,24
AZILLIAN HEALTHCARE,24
PROFESS HEALTH PRODUCTS (P) LTD,24
I TRUST PHARMA,24
MEDIVISION PHARMA,24
ORISON PHARMACEUTICALS,24
CROSS BERRY PHARMA,24
TREATWELL PHARMA,24
SLANEY HEALTHCARE PVT LTD,23
DOLPHIN LABORATORIES,23
KRUGER NUTRA MED,23
SHREE NARNARAYAN,23
DAS FOODTECH PVT LTD,23
VISAGE LINES PERSONAL CARE PVT. LTD.,23
ANCHOR CONSUMER PRODUCTS PRIVATE LIMITED,23
REMEDY LIFE SCIENCES INDIA PVT LTD,23
MAXCURE NUTRAVEDIC LIMITED,23
INSTARAY PHARMACEUTICALS,23
SERAPH LIFE SCIENCES PVT LTD,23
DAHLIA PHARMACEUTICALS PVT LTD,23
HEALTHCARE LIFE SCIENCE,23
ZEON LIFESCIENCES LIMITED,23
PEDIGREE,23
HS ALDEM HEALTHCARE,23
BIOZENESIS HEALTHCARE,23
STERIS HEALTHCARE,23
HICURE BIOTECH,23
OPTIMUS PHARMA,23
SIMPSON & BRAWN PHARMACEUTICALS,23
ZYBAX PHARMACEUTICALS,23
ASHWIN FINE CHEMICALS,23
ARI HEALTHCARE PRIVATE LIMITED,23
ROSTRUMED BIOTECH PVT LTD,23
SNIG PHARMA PVT LTD,23
ALIVE LIFESCIENCE,23
MYLAN PHARMACEUTICALS PVT LTD,23
ZANDU AYURVEDA,23
RYTUS THERAPEUTICS LTD,23
SPIC PHARMACEUTICALS,23
CARDEON FORMULATIONS PVT LTD,23
ATOR HEALTHCARE PVT LTD,23
ARVIND REMEDIES LTD,23
SKIN ORGANICS,23
JAGSAM PHARMA,23
DIACARDUS,23
SCORTIS LAB PVT LTD,23
INNOVEXIA LIFE SCIENCES PVT LTD,23
PRECISE CHEMIPHARMA PVT LTD,23
AL-RAHIM REMEDIES,23
UNIVERSAL DRUG HOUSE PVT LTD,22
PAN HEALTHCARE PVT. LTD.,22
EUMEDICA,22
BELLISSA PHARMACEUTICALS PVT LTD,22
M.G. SHAHANI AND CO. DELHI PVT. LTD.,22
MANCARE LABS PVT LTD,22
MANASH LIFESTYLE PRIVATE LIMITED,22
CORDIAL LIFESCIENCES,22
ETHICS HEALTH CARE PVT LTD,22
BRIGHT LIFE CARE PRIVATE LIMITED,22
EMAMI,22
R B PHARMACEUTICALS,22
DYNAMIC TECHNO MEDICALS PVT LT,22
MEAD JOHNSON,22
GALENUS PHARMA PVT LTD,22
MEDI LABS,22
MILLENNIUM HERBAL CARE LTD,22
BIG LABORATORIES PVT LTD,22
OMENTA PHARMA PVT LTD,22
ORGUS HEALTHCARE,22
LAMA PHARMACEUTICALS,22
MEDIQUEST INC,22
AGRIGOLD ORGANICS PVT LTD,22
KAISER PHARMACEUTICALS,22
ERINYLE PHARMA,22
NEXEUM PHARMACEUTICALS,22
BIRLA RESEARCH & LIFESCIENCES LIMITED,22
SANDU BROTHERS,22
BIOVITAMINS PRIVATE LIMITED,22
BIRLA AYURVEDA,22
SAG HEALTH SCIENCE PVT LTD,22
MENDINE PHARMACEUTICALS PRIVATE LIMITED,22
DKT INDIA LTD,22
PURE HEALTH PRODUCTS PVT LTD,22
LEVENR PHARMA,22
PAVIOUR PHARMACEUTICALS PVT LTD,22
AMRONCO LIFESCIENCES LIMITED,22
BIOKIND HEALTHCARE PVT LTD,22
BIOXIS HEALTHCARE (INDIA),22
AMUL,22
PREVENTO PHARMA,22
SHINTO BIOTEC PVT LTD,22
LIFESPAN PHARMACEUTICALS PVT LTD,22
CITO REMEDIES PVT LTD,22
MUSCLEBLAZE,21
MONDELEZ INDIA FOODS PRIVATE LIMITED,21
SOUL PHARMA,21
HEINZ INDIA LTD,21
MEDINOVA LABS,21
CASIL HEALTH PRODUCT,21
REMEDIAL HEALTHCARE,21
SRIVEDA SATTVA PVT LTD,21
PRISTINE ORGANICS PVT LTD,21
CHICCO,21
ELIS PHARMA,21
MACSOL LIFESCIENCES,21
VEDIC COSMECEUTICALS PRIVATE LIMITED,21
ADD VEDA,21
WOAKES PHARMA,21
SMITH & NEPHEW MEDICAL LTD,21
L.B.C.P.PVT LTD,21
GOODMAN PHARMACEUTICAL,21
FUTURE CONSUMER LIMITED,21
WELLNESS AGRO,21
JOLLY HEALTHCARE,21
WILLCARE LIFESCIENCES PVT LTD,21
NUPER THERAPEUTICS,21
BIOGENICS PHARMACEUTICALS,21
PHARMTAK OPHTALMICS INDIA PVT LTD,21
SKYSUN LIFESCIENCES PVT LTD,21
ZENLABS ETHICA LTD,21
AYUSH MEDICA,21
PRECISE FORMULATION HEALTH CARE PVT LTD,21
KENTOSSA PHARMA,21
SCEOLEX PHARMA PVT LTD,21
ACE REMEDIES PVT LTD,21
APPLE NEURTRA PHARMACEIUTICALS,21
IKON PHARMA PVT LTD,21
KINDCARE PHARMACEUTICAL,21
BIODYNE REMEDIES PVT LTD,21
GETWELL PHARMACEUTICALS,21
HAEAL PHARMA,21
STABLE PHARMA,21
REPELLERS INDIA LLP,21
GENNEXT LIFE SCIENCES,21
CURAGEN BIOLOGICAL & PHARMACEUTICALS,21
S A HERBAL BIOACTIVES LLP,21
ROUSSEL INDIA LABORATERIES LTD,21
MAXTON PHARMACIA,21
VARUN LIFE SCIENCES,21
SAFE PHARMACEUTICALS,21
MOODS,20
NOURISH ORGANIC FOODS PVT LTD,20
AYURSIDDHA INC,20
NATURIS COSMETICS,20
ALBIN HEALTH CARE,20
HUL-ASSAM-NESA UNIT,20
HAKIM SULEMAN KHAN,20
LOTUS BEAUTY CARE PRO UNIT-II,20
DRUTO LABORATORIES,20
ADCOCK INGRAM HEALTHCARE PVT LTD,20
AERONUTRIX SPORTS PRODUCTS PRIVATE LIMITED,20
MARINE LIFESCIENCES,20
TRUE LIGHT LIFE SCIENCES,20
AREENA HEALTHCARE,20
HITECH FORMULATION,20
MAXFORD LABS PVT LTD,20
GENETIC PHARMA,20
BIOGEN PHARMACEUTICAL,20
VOGUE INTERNATIONAL,20
NUVOX HEALTHCARE,20
ZYDUS HEALTHCARE LTD,20
INLIFE PHARMA PVT LTD,20
OXYGEN PHARMA,20
INNOVAX PHARMACEUTICALS,20
SHYAMAL PHARMA,20
PHARMA DRUGS & CHEMICALS,20
JK LTD.,20
MORAL NUTRACEUTICALS PVT LTD,20
DOWELL PHARMACEUTICAL,20
ALEXA LIFE SCIENCES,20
USV PVT LIMITED,20
KOPRAN LABORATORIES LTD,20
SDL INDIA,20
SUNWELL LIFE SCIENCES PVT LTD,20
VYGON,20
WAKSMED LIFESCIENCE PVT LTD,20
BRIHANS NATURAL PRODUCTS,20
GEO PHARMA,20
M M LABS,20
NATURAL HOMOEO HERBALS,20
AERO-CHEM NEUTRON,20
LAURES PHARMACEUTICALS PVT LTD,20
CONCORD BIOTECH LIMITED,20
WELCARE PHARMA PRIVATE LIMITED,20
KWICK LIVING (I) PVT LTD,20
S.S.M PHARMACEUTICALS,20
B J HEALTHCARE,20
OWSHADH PHARMACEUTICALS,20
PFIMEX INTERNATIONAL LTD,20
LOK BETA PHARMACEUTICALS,20
SOLACE PHARMACEUTICALS,20
AVYUKT PHARMACEUTICALS PVT LTD,20
COGNYZON PHARMACEUTICALS,20
AKTIS PHARMA INDIA PVT LTD,19
SYSCUTIS HEALTHCARE PVT LTD,19
MEDICAL ELECTRONIC SYSTEMS,19
ZELLEVEN HEALTHCARE PVT LTD,19
RESILIO PHARMACEUTICALS PRIVATE LIMITED,19
NATURONLIFE,19
ARYAN,19
BIOSAFE PHARMA,19
RADICO REMEDIES,19
LIVEON HEALTHCARE PVT LTD,19
KOHINOOR PRODUCTS,19
VAGAD'S KHADI,19
RIDHI SIDHI,19
THE UNATI COOPERATIVE MARKETING-CUM-PROCESSING SOCIETY LTD,19
VCARE HERBAL CONCEPTS (P) LTD,19
STANWELL LIFE SCIENCES PVT LTD,19
BEATO,19
MASKS LIFE SCIENCES PVT LTD,19
MEDITIA LABS PVT.LTD,19
ALLEVIATE THERAPEUTICS,19
SANNAP HEALTHCARE,19
HUL,19
RENOWED LIFESCIENCE,19
CALREN CARE LIFESCIENCES PVT LTD,19
REPENS HEALTHCARE INDIA PVT LTD,19
SEASONS HEALTHCARE,19
MAGNET LABS PVT LTD,19
CANIXA LIFE SCIENCES PVT LTD,19
JVJ PHARMACEUTICALS PVT LTD,19
KANAD LABS PRIVATE LIMITED,19
DERMAJOINT INDIA,19
ACHILLES HEALTH CARE PVT LTD,19
AEGIS,19
PAMPES,19
VETCHEM MEDICARE,19
SAMI LABS LIMITED,19
NITHYASHA HEALTHCARE PVT LTD,19
JABS BIOTECH PVT LTD,19
REGENIX DRUGS LTD,19
MEDISTREAM BIOTECH PVT LTD,19
PRIDE HEALTHCARE,19
APHALI PHARMACEUTICALS LIMITED,19
CITADERM PHARMA PVT LTD,19
RETORT LAB,19
PROSAIC PHARMACEUTICALS PVT LTD,19
OLIVE LIFESCIENCES PVT LTD,19
OAKNET LIFE SCIENCES PRIVATE LIMITED,19
ATLANTIS FORMULATIONS PVT LTD,19
AMRIT REMEDIES PVT LTD,19
OMEGA REMEDIES PVT LTD,19
PHARMINDIA,19
SHIMANO HEALTHCARE PEIVATE LIMITED,19
ADMIT PHARMACEUTICALS PVT LTD,19
PEARLSHINE LIFESCINCE PVT LTD,19
OPHELIA PHARMACEUTICAL,19
FOSSIL REMEDIES,19
NEW MAHADEV,19
BAYU HEALTHCARE PVT LTD,19
SYSTEMIC HEALTHCARE,19
MAGNUM HEALTH AND SAFETY PVT LTD,19
3B ELBBRIT LIFE SCIENCES PRIVATE LIMITED,19
SHIVANI LABORATORIES PVT LTD,19
ASTRANOVA BIOTECH PVT LTD,19
MALAR HEALTH CARE,19
DARMAAN PHARMA LLP,19
SIPRA REMEDIES PVT LTD,19
DOCVENTURES PHARMACEUTICALS PVT LTD,19
MAMAEARTH,19
DERMAWIZ LABORATORIES PVT LTD,18
ASTRA LABS,18
MEDIVISION LIFE SCIENCES PVT LTD,18
RAL CONSUMER PRODUCTS LIMITED,18
KAMA SUTRA,18
FRESHOOZ,18
FIXDERMA COSMETIC LABORATORIES INC,18
RETORT PHARMACEUTICALS PV,18
BEURER,18
MATTEO HEALTHCARE PVT LTD,18
MAKEWAY FORMULATIONS PVT LTD,18
OPTIMUN NUTRITION,18
N95 MASKS & SANITIZERS & SAFETY GEAR,18
NVRON LIFESCIENCES,18
ASPEN PHARMA PVT,18
RAHUL ENTERPRISES,18
ICEBERG HEALTHCARE PVT LTD,18
ADISYS HEALTHCARE,18
SPECTRUM LIFESCIENCES,18
MEDREXCARE PHARMA PVT LTD,18
OLAMIC PHARMA PVT LTD,18
ALFAZ LIFESTYLE SOLUTIONS PRIVATE LIMITED,18
REXION HEALTH CARE,18
MEDICANT NUTRIENTS,18
CHERYL LABORATORIES PVT. LTD.,18
ABBOTT INDIA LTD.,18
CHOROID LABS,18
INSIGHT EYE CARE PVT LTD,18
TRUGEN NEUROSCIENCES PVT LTD,18
FULLIFE HEALTHCARE PVT LTD,18
J.S.LABORATORIES,18
PALSON DERMA PVT LTD,18
DIAMOND DRUGS PVT LTD,18
BEIERSDORF INDIA LTD,18
SPARSH REMEDIES PVT LTD,18
SIDVIN PHARMA,18
RECKET,18
VALPRA BIOTECH,18
MULTIPHAR,18
SEGOLILY HEALTH CARE,18
ORIGIN HEALTHCARE,18
MOTHER NUTRI FOODS,18
MG NUTRACEUTICALS,18
AZKKA PHARMA,18
BRISKON LABORATORIES,18
LEEFORD COSMACIA,18
NUTRILIS HEALTHCARE PVT LTD,18
ANKARE PHARMACEUTICALS,18
KINESES LABORATORIES,18
ZION HEALTHCARE PVT LTD,18
AQUA FINA INJECTA PVT LTD,18
PHYTO CASTLE PVT LTD,18
REMEX PHARMACEUTICALS LTD,18
PRAMUKH SWAMI PHARMA LIMITED,18
BIOMIRRA BIOGENICS,18
ESSWEIL PHARMA,18
LEOGENIC HEALTHCARE PVT LTD,18
MEBIO LABS PVT LTD,18
DAWSON HEALTHCARE PVT LTD,18
MEDIWILL LIFE SCIENCES,18
ZEUS PHARMA,18
INIZIA HEALTHCARE PRIVATE LIMITED,18
KRIVEN HEALTH SOLUTION,18
MEDOK LIFE SCIENCES PVT LTD,18
SNOMED PHARMACEUTICALS PVT LTD,18
YUG PHARMACEUTICAL,18
NOVARTIS HEALTHCARE PVT LTD,18
PANCHAMRUT,18
GRANVALOR PHARMACEUTICALS PVT LTD,17
HEALTH SHINE,17
HIS EYENESS OPHTHALMICS PVT LTD,17
PRISURE MEDICARE,17
EVEXIA,17
RUBICON,17
BIGFLEX LIFESCIENCE PVT LTD,17
ADOR MULTIPRODUCTS LIMITED,17
ADALBERT HEALTHCARE PVT LTD,17
TRANSCEND THERAPEUTICS PVT LTD,17
HAPDCO HERBALS PRIVATE LIMITED,17
AIGIS BIOTEC,17
SHREE DHOOTAPAPESHWAR LIMITED,17
NOVALIFE HEALTHCARE,17
J.M.LABORATORIES,17
MEDIMARK BIOTECH,17
SHIELD HEALTH CARE PVT LTD,17
DR. PALEP MEDICAL RESEARCH FOUNDATION,17
FIZIKEM LABORATORIES PVT LTD,17
NEOMEDIX,17
ASTRUM GENETICA,17
VICKS,17
RADIANT HEALTHCARE,17
ARLAK GROUP,17
ENOVUS HEALTHCARE PVT LTD,17
LAXIAN HEALTHCARE,17
PRETIUM PHARMACEUTICALS,17
DERMACIA HEALTHCARE,17
INNOVATIVE LIFE SCIENCES PVT LTD,17
BEAT PHARMA,17
NOVELTY HEALTHSHINE PVT LTD,17
ELIXIA LIFE SCIENCES,17
S C JOHVSON PRODUCTS PVT LTD,17
TTK LIG LIMITED,17
PANBROSS PHARMACEUTICALS PVT LTD,17
GE HEALTHCARE,17
EPITOME LIFE SCIENCE PVT LTD,17
PHARMADENT REMEDIES PVT LTD,17
NECTAR REMEDIES LTD,17
EL DORADO BIOTECH PVT LTD,17
FONCER PHARMA PVT LTD,17
KRAMER PHARMA,17
ZOREX PHARMA,17
RELIC BIOTECHNOLOGY PVT LTD,17
PHARMA TECH INDIA PVT LTD,17
GALENIC PHARMACEUTICALS PVT LTD,17
PILLIX HEALTHCARE,17
ANZALP HERBAL PRODUCTS PVT LTD,17
PARASOL LABORATORIES,17
ESSENTIUM,16
VARROC LIFESCIENCES,16
ASSAM CHEMICAL & PHARMACEUTICAL PVT LTD,16
DERMAJOINT HEALTHCARE PVT LTD,16
KAO BRANDS COMPANY,16
AUROCHEM LAB (I) PVT LTD,16
BE INTERNATIONAL HEALTH PV LTD,16
MHS PHARMACEUTICALS,16
JOY,16
QUINCE LIFESCIENCES PVT LTD,16
SAMARTH PHARMA,16
SIRONA,16
GALAXY BIOTECH,16
HEALTHYWAYS PHARMACEUTICALS PVT LTD,16
RENOVA HEALTHCARE,16
AUSSEE OATS MILLING PVT LTD,16
J.K. HELENE CURTIS LTD,16
MYGLAMM,16
RONTIS,16
STRIDES CONSUMER PVT LTD,16
STRIDES PHARMA,16
DESONS THERAPEUTICS,16
INNOVA CAPTAB PVT LTD,16
EKARD LIFE SCIENCES PVT LTD,16
EDDY PHARAMACEUTICALS PVT.LTD,16
SHARING FORMULATIONS PVT LTD,16
KEGAN WELLNESS,16
STREAX,16
INOLIFE HEALTHCARE,16
L V LIFE SCIENCES,16
LIFESURGE BIOSCIENCES PVT LTD,16
VITABOLIK PHARMACEUTICALS,16
PSYCHOCARE HEALTH PVT LTD,16
SRI SARAD CHEMICALS,16
EMAMI FRANK ROSS LTD,16
LIFECARE PVT LTD,16
SATYAM HEALTH CARE PVT LTD,16
ELEMENTS WELLNESS,16
DERMAWIN PHARMACEUTICALS,16
TERRACE PHARMACEUTICALS,16
CARE BENZ ORGANICS PVT LTD,16
NEXKEM PHARMACEUTICALS PVT LTD,16
ALKA LIFESTYLES PRIVATE LIMITED,16
ZARIA PHARMACEUTICALS PRIVATE LIMITED,16
KNISS LABORATORIES PVT LTD,16
MEJDA PHARMA,16
SYNTHO PHARMACEUTICALS (P) LTD,16
BLOSSOMS BIOLOGICALS,16
CAUSE AND CURE PVT LTD,16
HAFFKINE BIO PHARM CORP LTD,16
PETCARE VET,16
BAKSON DRUGS & PHARMACEUTICALS PVT LTD,16
ADROIT LIFESCIENCES PVT LTD,16
AXON HEALTHCARE LTD,16
SB LIFESCIENCES,16
AYTAS PHARMA,16
CARISE PHARMACEUTICALS PVT LTD,16
MACVED PHARMACEUTICALS,16
INSTANZ LIFE SCIENCES PVT LTD,16
LESANTO LABORATORIES,16
GLOBAL MEDISCIENCES,16
MYCURE PHARMA,16
SNU BIOCARE,16
BONNY BABY-CARE PVT LTD,16
CELERA PHARMA,16
DOCWIN HEALTHCARE,16
M. FRANK PHARMACEUTICALS,16
VEGA LABORATORIES PVT LTD,16
BIOGREEN HEALTHCARE,15
INNOVA MARKETING,15
PRABHAT SURGICAL COTTON(P)LTD,15
DUKES LAB,15
HARSON LABS PVT LTD,15
CIAGA,15
MEYER ORGANICS,15
GENIEMED PVT LTD,15
TECH SMART CLINICS PRIVATE LIMITED,15
MARICO LTD; C/O (S) AMEYA INC,15
BIOSYS MEDISCIENCES,15
SPV LABORATORIES OPC PRIVATE LIMITED,15
GH VISIONCARE LIFESCIENCES,15
GLENMARK PHARMACEUTICALS LTD.,15
SESA CARE PRIVATE LIMITED,15
ARION HEALTHCARE,15
AVRON PHARMA,15
ALTAR HEALTHCARE PVT LTD,15
BROAD INJECTABLE,15
JMS,15
KIVA,15
CHOICEMMED,15
DENT AIDS NEW DELHI,15
MEDIART LIFE SCIENCES PVT LTD,15
DRATI PHARMACEUTICALS,15
APEX FORMULATIONS PVT LIMITED,15
PARAX IMPEX,15
SONIKA LIFE SCIENCES,15
HILT BRANDS INDIA PRIVATE LIMITED,15
UHC LIFESCIENCES,15
ABIA PHARMACEUTICAL,15
ZENO HEALTHCARE,15
GATES PVT LTD,15
WOW,15
IKON PHARMACHEM PVT LTD,15
RENCORD LIFE SCIENCES,15
SERVOCARE LIFESCIENCES,15
GELIOS INDIA (DIVISION OF CIAN),15
DAFFOHILLS LABORATRIES PVT LTD,15
NILKANTH LIFESCIENCE PVT LTD,15
SHP,15
ROSSMAX,15
SUNFLOWER PHARMA,15
UNIVERSAL TWIN LABS PVT LTD,15
GRAY ANON LTD,15
SURAKSHA PHARMA PRIVATE LIMITED,15
HONEST LIFECARE,15
MONTANA REMEDIES PVT LTD,15
STALWART REM PVT LTD,15
ADVIK LABORATORIES LTD,15
OMKAR AYURVEDIC MANDIR,15
BAXTER HEALTHCARE CORPORATION,15
BAKSUN HEALTHCARE PVT LTD,15
MEDISHRI HEALTHCARE PVT LTD,15
ESPEE FORMULATION PVT LTD,15
CUREWIN PHARMACEUTICALS LTD,15
FLAGSHIP BIOTECH INTERNATIONAL,15
MEDI TECH,15
SVEN GENETECH LTD,15
COLES PHARMA,15
RAPTAKOS BRETT & CO,15
TPPL PHARMACEUTICALS PVT LTD,15
BENTELE & REMINGTON PVT LTD,15
ROMAN HEALTH CARE,15
LUREX HEALTHCARE PVT LTD,15
ZOIC LIFESCIENCES,15
CANVARZYS HEALTHCARE LIMITED,15
KIOSCIENCE HEALTHCARE PVT LTD,15
ADROIT HEALTHCARE PVT LTD,15
AMAR PRODUCTS INDIA PVT LTD,15
SYMBIOSIS LAB PVT LTD,15
SOMNOGEN PHARMACEUTICALS PVT. LTD,15
DUKEN PHARMACEUTICALS,15
BAXTON PHARMACIA PVT LTD,15
TENGEE LIFESCIENCE,15
PHARMTAK OPTHALAMICS INDIA PVT LTD,15
N K PHARMA INDUSSTRIES,15
BERRY & HERBS PHARMA PVT LTD,15
MEDICOWIN REMEDIES (P) LTD,15
SAC PHARMACEAUTICALS,15
AVIN PHARMACEUTICALS,15
MAC HEALTHCARE PVT LTD,15
DRS ALEXIA PHARMA,15
DIVINE HEALTHCARE,15
MADOC PHARMACEUTICALS PVT LTD,15
ABL LIFECARE PVT LTD,15
ELMEX DRUGS & HEALTH CARE PVT LTD,15
SAINT MORGAN PHARMACEUTICAL,15
SOOTHE HEALTHCARE PVT LTD,14
INZPERA HEALTHSCIENCES,14
NIRVAANIC LIFE FOODS PVT LTD,14
MEHROTRA CONSUMER PRODUCTS PVT LTD,14
GLAXOSMITHKLINE CONSUMER,14
ZIM LAB LTD,14
HARIDWAR CLS 2,14
BHARAT BIOTECH INTERNATIONAL LTD,14
SHREY NEUTRACEUTICALS & HERBALS PVT LTD,14
STEVIA WORLD AGROTECH PRIVATE LIMITED,14
MIRAJ BIOTECH,14
MEDITECH PHARMA,14
SAI SAMARTH COSMETICS (I) PVT. LTD.,14
RIVPRA FORMULATION PVT LTD,14
ZANETAZ MEDICORP,14
HONEYWELL,14
ARVINCARE PHARMA,14
SPA NEWTRACEUTICALS,14
LIFE GAIN PHARMA,14
ZIVIRA LABS PVT LTD,14
MESMER PHARMACEUTICALS,14
DESUN PHARMACEUTICALS,14
RADHE MEDTECH PVT LTD,14
GENFO BIOCEUTICALS PVT LTD,14
ZITHER PHARMACEUTICALS PVT LTD,14
BCL PHARMA,14
RB PHARMACEUTICALS,14
TRUWORTH HEALTHCARE,14
FLORITE BABY PRDT PVT LTD,14
CRYSTAL VARIETY REMEDIES PVT LTD,14
DR WILLMAR SCHWABE,14
GENEAID PHARMACEUTICALS,14
SKYLANE PHARMA,14
DOUGLAS PHARMACEUTICALS LTD,14
NUTRATEC PHARMACEUTICALS,14
AGGROWIN PHARMA,14
GIPLA HEALTH CARE,14
MEDOX REMEDIES PVT LTD,14
KK HERBAL,14
IFIMED PHARMACEUTICALS PVT LTD,14
AZKKA PHARMACEUTICALS PVT LTD,14
ATHENA LIFE SCIENCES,14
PAVLIN INC,14
HAALDANE LABORATORIES PVT LTD,14
ZOVAITALIA HEALTHCARE PVT LTD,14
INVOMED COTAB PVT LTD,14
PANAKOS PHARMACEUTICALS PVT LTD,14
NEOVAE BIOMEDICS PVT LTD,14
DELLWICH HEALTHCARE LLP,14
CUMBALLA HILL LIFE SCIENCES,14
HANUCHEM LAB,14
MEDCURE ORGANICS PVT LTD,14
MATRIX PHARMA CHEM INDIA PVT LTD,14
PHOENIX PHARMACEUTICALS,14
MEGHA HERBALS,14
PHARMAFABRIKON,14
RALLIS INDIA LTD,14
SANTIS PHARMACEUTICALS PVT LTD,14
CORE HEALTHCARE LIMITED,14
BIOCARE REMEDIES,14
NEPHUROCARE PHARMA PRIVATE LIMITED,14
APPLE BIOTECH,14
SYMCOX RESEARCH LAB PVT LTD,14
SAPHNIX LIFE SCIENCES,14
BIOCELL PHARMACEUTICALS PVT LTD,14
SKN ORGANICS P LTD,14
TERGUM REMEDIES PVT LTD,14
BOMBAY HEMP COMPANY PRIVATE LIMITED,14
GENECIA HEALTH CARE,14
DYNAMED PHARMACEUTICALS,14
AREHK HEALTHCARE,14
ORGANICANA,14
ZYDUS PHARMACEUTICALS LTD,14
VESTAL LIFESCIENCES PVT LTD,14
V MAC PHARMA,14
CHEM MED PHARMACEUTICALS,14
BIRZ PHARMACEUTICALS,14
KRISHCARE REMEDIES,14
LIFE CARE PHARMACEUTICALS PVT LTD,14
SARTHI LIFESCIENCES,14
DEFI HEALTHCARE,14
SMART WELLNESS,14
GPA TEAFLOOR PVT LTD,13
EXCEL WAVES LABS PVT LTD,13
VENUZ BIOCARE,13
RAJPUTANA AGRICO,13
ASIAN IMPEX,13
NOVELL BIOLAB PVT LTD,13
STRIVE MEDICARE PRIVATE LIMITED,13
TIRUPATI MEDICARE LTD,13
CARMESI,13
MAS PHARMACEUTICAL PVT LTD,13
NUTRICORE BIOSCIENCES PVT LTD,13
SAIBLISS HEALTHCARE,13
ELDER PHARMA,13
ERIGHT HEALTHCARE,13
STANLEY PHARMACEUTICALS,13
MERIT HEALTHCARE,13
NEWGENDRA PHARMA PVT LTD,13
WILL IMPEX PHARMACHEM PVT LTD,13
RSL BIOSCIENCE PVT LTD,13
PARNASA MEDIWORLD PVT LTD,13
INTERVET INDIA PVT LTD,13
GELNOVA LAB PVT LTD,13
BLAZE BIOTECH,13
COSMOPACK PRIVATE LIMITED,13
PONTIKA AEROTECH LIMITED,13
ELEGANT INTERNATIONAL,13
ADONIS PHYTOCEUTICALS PVT LTD,13
CUTIK MEDICARE,13
KNOX LIFE SCIENCE,13
BIOTECH PVT LTD,13
ROOTS PHARMA,13
VASANT HERBAL REMEDIES AND COSMECEUTICALS,13
ROSS ROBINZ BIOTECH,13
ANTEX PHARMA PVT LTD,13
KURESYS LABS PVT LTD,13
SANSTUTI PHARMACEUTICALS,13
BONDANE PHARMA,13
MESOVA PHARMACEUTICALS,13
ERINOME HEALTHCARE,13
PONDS,13
SAKSHAM PHARMACEUTICALS INDIA LTD,13
FACES CANADA,13
TRIUMPH FORMULATIONS,13
DR. JRK'S RESEARCH AND PHARMACEUTICALS,13
MACWIN PHARMA,13
ANTHIEA LABS PVT LTD,13
VISION PHARMACEUTICALS PVT LTD,13
ALTOVA HEALTHCARE PVT LTD,13
ALVIZIA HEALTHCARE PRIVATE LIMITED,13
REDMED MEDICAL SERVICES,13
VEDIC BIO LABS,13
BLISSON MEDIPLUS PRIVATE LIMITED,13
COSMODERM INDIA,13
JOSLIN PHARMA INDIA PVT LTD,13
AMAZING RESEARCH LABORATORIES LTD,13
SANDIKA PHARMACEUTICALS,13
GLENON HEALTHCARE,13
OLIVEA,13
MGRM MEDICARE LTD,13
CONCORD MEDIPHARMA PVT LTD,13
SHIVA PHARMA,13
HIMANI LIMITED,13
BESINS HEALTHCARE INDIA PVT LTD,13
UNION DRUG,13
RICHFIELD INDIA PHARMA PVT LTD,13
ADITRI MARKETING PVT LTD,13
HIMERUS MEDICAL SOLUTION LLP,13
BONITAS LIFE SCIENCES PVT LTD,13
BARLEY LENTIL VITAMINS PVT LTD,13
ELDER PROJECTS LTD,13
SEVIDA PHARMACEUTICALS PVT LTD,13
MEDIROSE DRUGS & PHARMACEUTICALS,13
SYNOVIA LIFE SCIENCES,13
VGR BIO LAB,13
LOTUS LIFE SCIENCES,13
SANATRA HEALTH CARE PVT LTD,13
VEDISTRY PRIVATE LIMITED,13
AVENTURE PHARMA,13
VINAYAK CARE SOLUTION PVT. LTD.,13
RAX HEALTH CARE PVT LTD,13
STATURE LIFE SCIENCES PVT LTD,13
AEON FORMULATIONS PVT LTD,13
FORESTA ORGANICS,13
HEALERS PHARMACEUTICALS,13
MALLADI DRUGS & PHARMA PVT LTD,13
CERAS PHARMACEUTICAL,13
CVR BIOTECH PVT LTD,13
MACSYS LIFESCIENCES,13
NUTRAMEDICA,13
FRANK MEDILINK,13
AARSH REMEDIES PVT LTD,13
LAKME,13
GOOD NIGHT,13
YOGABAR,12
CAVIAR DERMACARE,12
BYBY HEALTH CARE,12
TUTTSAN PHARMA PVT LTD,12
GUJARAT TEA PROCESSORS & PACKERS LTD,12
GRACIERA PHARMACEUTICALS LLP,12
ICI PHARMACEUTICALS,12
PHARMA GENICA PVT. LTD.,12
VIVID LABORATORIES PVT LTD,12
ETHNIC BIOTECH,12
AS-IT-IS NUTRITION,12
LF BEAUTY,12
HERBS NUTRIPRODUCTS PRIVATE LIMITED,12
KREIT PHARMA PVT LTD,12
MEGMA HELATHCARE,12
VEDIC NATURAL CARE PVT LTD,12
ESSITY HYGIENE AND HEALTH AB,12
OMNI WELLNESS AND NUTRITION LTD,12
GREFITH LIFESCIENCES PVT LTD,12
EURONOVA PHARMACEUTICALS,12
GREENICHE HEALTHCARE,12
ROSEATE MEDICARE,12
RESCURERS LIFE SCIENCES LIMITED,12
ABETTOR LIFE SCIENCES PVT LTD,12
NUDRUG PHARMA,12
BIO SWIZZ PHARMACEUTICALS,12
HUMAN BIOLIFE INDIA PVT LTD,12
ADSILA ORGANICS PVT LTD,12
DAN LABORATORIES,12
FORGEN HEALTHCARE LTD.,12
HI TECH PHARMA,12
BUTSON BIOSCIENCES,12
CONVATEC,12
DENZAI INNOVATIONS & THERAPEUTICS PVT LTD,12
DOESHEALTH SYSTEMS PRIVATE LIMITED,12
INNOVATIVE HEALTHCARE,12
SANTIAGO LIFE SCIENCES PVT LTD,12
RESOLUTE HEALTHCARE,12
HEBERT BIOTECH,12
EPI DERMIZZ,12
FORMOSUS PHARMA,12
PHOENIX BIOTECH,12
MAGPIE LABS PVT LTD,12
ARNON HEALTHCARE LLP,12
DOCTOR PHARMA,12
SHATAYUSHI HEALTHCARE PVT LTD,12
TORWAY,12
PHARMACIA,12
MAKSUN BIOTECH,12
CLYDE PHARMACEUTICALS PVT LTD,12
MAXAMUS PHARMA PVT LTD,12
THEA TEX HEALTHCARE INDIA PRIVATE LIMITED,12
ALRED HEALTH CARE LTD,12
BIOTECH TRADING,12
SHILPEX PHARMYSIS,12
BIOSS HEALTH CARE,12
HEAD AND SHOULDER,12
TENSHI LIFECARE PRIVATE LIMITED,12
NEWTRAMAX,12
METALIS LIFESCIENCES PRIVATE LIMITED,12
AROMATHERAPY INTERNATIONAL LTD,12
CHEMONIX INDIA LTD,12
MICRON MEDISCIENCES PVT LTD,12
IPSA LABS PVT LTD,12
PHARMANOVA SPECIALTIES PRIVATE LIMITED,12
ALPHA THERAPEUTICS PVT LTD,12
YUZDERM PHARMACEUTICALS PVT LTD,12
ISIS PHARMACEUTICALS,12
SURE HEALTHCARE PVT LTD,12
ULTRATECH PHARMACEUTICAL,12
ANGIOLIFE HEALTHCARE,12
CAPLIN POINT LABS LTD,12
RECRON HEALTHCARE,12
AMBROSIA,12
CORTEX MEDIPHARMA PVT LTD,12
FENDER FORMULATIONS PVT LTD,12
ASTA VISIONCARE PVT LTD,12
GREEN CROSS REMEDIES,12
ASTEMAX BIOTECH PVT LTD,12
BIOZEN PHARMA,12
AFFLUENTIAL PHARMACEUTICALS PVT LTD,12
PHARMA BIOLOGICAL,12
NICSON PHARMA,12
CLANTHIS LIFESCIENCES PVT LTD,12
SUCCOR HEALTH CARE PVT.LTD,12
EXQUISITE PHARMA,12
S.V BIOVAC PHARMACEUTICALS PVT LTD,12
ASTERISK LABORATORIES INDIA PVT LTD,12
MONARK BIOCARE PVT LTD,12
MEDI CHEM PHARMA,12
SALVUS PHARMA,12
SANOMED HEALTH CARE,12
MEZZONE REMEDIES PVT LTD,12
REDSON LABORATORIES PVT LTD,12
SANCTUM HEALTH CARE,12
CUREVEDA HERBAL,12
MINT LIFE SCIENCES PVT LTD,12
ASTELLAS INDIA PVT LTD,12
NIRAMAY LIFESCIENCES,12
BROOKS PHARMACEUTICALS,12
HYMAX HEALTHCARE PRIVATE LIMITED,12
SANMAI PHARMA,12
SOLVIS PHARMACEUTICALS,12
SUNNY DRUG & PHARMA,12
MEDICYTE PHARMACEUTICALS PRIVATE LIMITED,12
JORAS ONCOLOGY,12
BENNET MYPHER PHARMACEUTICALS LLP,12
AYLEN PHARMACEUTICAL PVT LTD,12
AUFTRITT HEALTHCARE PVT LTD,12
ELIVIA LIFE SCIENCES,12
AMBIC AAYURCHEM LTD,12
NEO PHARMA PVT LTD,12
APOLLO SUGAR CLINICS LIMITED,12
RADISUN LIFESCIENCES,12
SANKET,12
HEDGE AND HEDGE,12
WELLMEND PHARMACEUTICAL PVT,12
CORMAN SPA,11
JINEKA HEALTHCARE PVT,11
P AND G,11
ALAINA HEALTHCARE PVT LTD,11
ATRIMED PHARMACEUTICALS (P) LTD,11
TORUNSKIE ZAKLADY MATERIALOW OPATRUNKOWYCH SA,11
RENAKART LIFE SCIENCES PVT LTD,11
INVIGRA,11
ASPIRE REMEDIES,11
SHIVA TEXYARN LIMITED,11
SKINSKA PHARMACEUTICALS PVT LTD,11
FIRST STEP DIGITAL PRIVATE LIMITED,11
STARLIFE HEALTHCARE,11
JIMSUN LIFE SCIENCES PVT LTD,11
RIDLEY LIFE SCIENCE PRIVATE LIMITED,11
DOC JOHNSON,11
ALLIANCE HEALTH CARE,11
NAVCHETNA KENDRA,11
T.M.THAKORE PHARMACEUTICAL LABORATORIES,11
WATERLEY PHARMACEUTICALS PVT LTD,11
SH PHARMACEUTICALS PVT LTD,11
ZYWIE VENTURES PVT LTD,11
ACME LIFE TECH LLP,11
DYOTA NUMANDIS,11
MITS NUTRACEUTICALS PVT LTD,11
REJUVENATE LIFE SCIENCES,11
CUREILL PHARMA PVT LTD,11
MED HEALHCARE,11
ROUCHER BIOSCIENCES PVT LTD,11
BLAZE REMEDIES,11
HAB PHARMACEUTICALS AND RESEARCH LTD,11
MACWELL PHARMACEUTICAL,11
STUVET PHARMACEUTICALS PVT LTD,11
IQ MED HEALTHCARE PVT LTD,11
COSTA RICH,11
RENOCARE PHARMACEUTICAL PVT LTD,11
RYTE PHARMACIA,11
S.S HEALTH CARE,11
SYCAP PHARMA,11
CARDEA BIOTECH,11
AXENIC HEALTHCARE,11
HYGEN HEALTHCARE PVT LTD,11
FRIENDS,11
V R MED HEALTHCARE,11
TIKISH PHARMACEUTICALS,11
RUV PHARMA,11
QUREWELL LIFESCIENCES,11
LEZAA BIOTECH,11
MEDMIDAS PHARMACEUTICALS,11
TAICA PHARMA,11
ULTRACHEM PHARMACEUTICALS,11
BEVIT PHARMCEUTICALS LTD,11
DR. JOHNS LABORATORIES PVT LTD,11
HELIOS LABORATORIES,11
FISHER & PAYKEL HEALTHCARE,11
OCTALIFE PHARMACEUTICALS PVT LTD,11
JAIN SOAP AND DETERGENTS,11
MYSTICO ROSE PHARMA,11
BIOVET PVT LTD,11
AUROMA LIFE SCIENCE PVT LTD,11
BEARDO,11
TELEPLEX MEDICAL PVT LTD,11
PIRAMAL HEALTHCARE LIMITED,11
HERCULES SPORTS & FITNESS CO,11
ENERGIZE PHARMACEUTICALS PVT LTD,11
GROWMAX MEDICARE PVT LTD,11
ORGANIC XTRA CARE,11
BRISK SURGICAL COTTON,11
VITABALANS OY,11
WYTRO,11
LUSTRE PHARMACEUTICAL PRIVATE LIMITED,11
EAST WEST PHARMACEUTICALS PVT LTD,11
RYDDX PHARMETRY,11
VALCRET LIFESCIENCES PVT LTD,11
TOSC INTERNATIONAL PRIVATE LIMITED,11
LIVEON HEALTHCARE PHARMA PVT LTD,11
RAZOR CLUB,11
ALOPA HERBAL HEALTHCARE,11
SHOGUN DIAPERS LTD,11
NEUTRONE PHARMACEUTICALS,11
PACIFIC PHARMACEUTICALS PVT LTD,11
ATLANTA BIOTEC,11
THEON PHARMACEUTICALS LTD,11
BRD MEDILABS PVT LTD,11
ALBIA BIOCARE,11
LEO STAR HEALTHCARE PVT LTD,11
RUBICON CONSUMER HEALTHCARE,11
RAVIAN LIFE SCIENCE PVT LTD,11
DEE GRADIBUS LIFE CARE PVT LTD,11
WECARE FORMULATION PVT LTD,11
ALTIUS PHARMA,11
LUXICA PHARMA INC,11
RELICON PHARMACEUTICAL PVT LTD,11
KAINOS CURATIVES PVT LTD,11
ELSKER LIFESCIENCE PVT LTD,11
UNIMARK HEALTHCARE LTD,11
MILICHEM LABORATORIES,11
MERCK PHARMA,11
CAPRI PHARMACEUTICALS,11
AKRON HEALTHCARE PVT. LTD.,11
BIOGETICA RAVINUM IMPEX PVT. LTD,11
LAN PHARMACHEM,11
RHUMASAFE PHARMA,11
S.P PHARMA,11
TRIMARK PHARMACEUTICALS PVT LTD,11
KHLOROPHYLLS BIOTECH PVT LTD,11
SECURE HEALTH CARE,11
THEOGEN PVT LTD,11
OMNI ORTHOTECHNICS PVT LTD,11
JINDAL NATURECARE LIMITED,11
YAJURVID PHARMA,11
ALBUS HEALTHCARE PVT LTD,11
KRONOS HEALTHCARE,11
VIEW LABORATORIES,11
ECSTASY BIOTECH PVT LTD,11
CANRIS PHARMA,11
VIZE HEALTH & HYGIENE PRIVATE LIMITED,11
FORSIS HEALTHCARE,11
JAINSON BIOTECH INDIA PRIVATE LIMITED,11
CORVIN PHARMA,11
LIFESTYLE DERMACARE,11
FARLEX PHARMA,11
WEWELL BIOTECH PVT LTD,11
AMEE PHARMA,11
SYNMEDIC LABORATORIES LTD,11
SQUARE PHARMACEUTICALS LTD,11
S C JOHNSON,11
DEIFY PHARMA PVT LTD,11
CLOVER HEALTH CARE PHARMA,11
EUPLOID PHARMACEUTICALS PVT LTD,11
BAROQUE PHARMACEUTICALS PVT LTD,11
SUREWIN HEALTHCARE,11
SUN MARKER PHARMACEUTICAL,11
ALNOURISH HEALTHY FOODS PVT LTD,11
ESWAR THERAPEUTICS PRIVATE LIMITED,11
AMIT PHARMACY,11
PRITAM INTERNATIONAL PRIVATE LIMITED,10
BIO CREATIVE LABS,10
MARKETED BY NOT MENTION ON IMAGE,10
MEDILAB INDIA,10
AKBARALLYS PHARMA VET,10
HIBISCUS PHARMACEUTICALS,10
BRUT PRODUCTS,10
HERBAL CANADA,10
SHREE BAIDYANATH AYURVED BHAVAN,10
OPERON,10
PROVEDA HERBALS,10
BIOTIC HEALTHCARE,10
PURPLE PANDA FASHION PRIVATE LIMITED,10
SYNERGYPHARMA FORMULATIONS INDIA PVT LTD,10
ENVIAN LIFE SCIENCES,10
FRIMLINE PVT LTD,10
ACVENTA RESEARCH LABS,10
NUTRACEUTICALS,10
LUXIFER BEAUTY NUTRITION PRIVATE LIMITED,10
SAIPRO BIOTECH PVT. LTD.,10
LANCE BIOTECH,10
IDEAL LIFE SCIENCES P LTD,10
RAINBOW HUMAN CARE PVT LTD,10
BIOLIFE HEALTHCARE,10
PACE,10
VOGUE PHARMACEUTICALS PVT LTD,10
FERMENTIS LIFE SCIENCES PVT. LTD.,10
FAIR AND LOVELY,10
ELLIOT BIOTECH,10
HERBAL CONCEPTS,10
RAY REMEDIES PVT LTD,10
FOREVER BODY CARE INDUSTRIES,10
SANCHETI BIOLABS,10
SHINTO ORGANICS PVT LTD,10
ARTISANAL SKINCARE,10
ELIXIR LIFE CARE PVT LTD,10
NEON NUTRACEUTICALS PVT LTD,10
BEAUTEOUS,10
ATOS LIFESCIENCES PVT LTD,10
JAIN PHARMACEUTICALS,10
MIRACLE PHARMA LTD,10
ERAAS INTERNATIONAL,10
ORCHID BIOTECH LTD,10
ZINDAGI,10
CUTIS DERMA CARE,10
GRACE DRUGS,10
KARSAN HEALTHCARE,10
KOLSON INDIA,10
BIODEAL PHARMACEUTICAL PVT LTD,10
KUDOS LABORATORIES INDIA LTD,10
PINENUT LIFE CARE INDIA PVT LTD,10
RAVENBHEL HEALTHCARE,10
A.S LIFESCIENCES,10
DAGON PHARMA,10
ACS PHARMACEUTICALS,10
SAAOL PHARMA PVT LTD,10
JOY BEAUTY CARE PVT LTD,10
SUNSILK,10
SERON PHARMA,10
ASPRANT LIFE SCIENCE PVT LTD,10
KSHIPRA HEALTH SOLUTIONS LLP,10
DENIS CHEM LAB LTD,10
UNIMAX LABORATORIES PVT LTD,10
VASOLIFE HEALTHCARE,10
WONDER THERAPUTICS PVT LTD,10
EDERMA PHARMA INDIA PVT LTD,10
FUTURE DERMACARE PVT LTD,10
MEDI GLOBE,10
VITO THERAPEUTICS PRIVATE LIMITED,10
LENUS LIFECARE PVT LTD,10
CHEMO BIOLOGICAL LIMITED,10
MACKENZIE PHARMACEUTICAL PRIVATE LIMITED,10
PARIDHI REMEDIES,10
INSTANT REMEDIES PVT LTD,10
SHETH BROTHERS CO LTD,10
P AND P DERMACEUTICALS,10
COMBAT DRUGS LIMITED,10
NORTECH REMEDIES,10
MYOL PHARMA,10
CORAL LABORATORIES LTD,10
NANZ MED SCIENCE PHARMA PVT LTD,10
AUSTIN HEALTH CARE,10
SHREE SHARAVANA SURGICALS,10
NATEL NEUTRATEC,10
DEXBIO PHARMA,10
SAI MIRRA INNOPHARM PVT LTD,10
DOLLAR,10
ACTO PHARMACEUTICAL LAB,10
VESPER PHARMACEUTICALS,10
LEXICA PHARMACEUTICAL,10
OSWALD PHARMACEUTICALS,10
AGE AYURVEDA,10
GLORIOR BIOTECH PVT LTD,10
BAKSONS HOMEOPATHY,10
EMAR HEALTH CARE,10
AVIATOR LIFESCIENCE PVT LTD,10
XPERIA HEALTHCARE,10
CRIUS LIFE SCIENCE PVT LTD,10
THYONE HEALTH CARE,10
MAXX FARMACIA INDIA PVT LTD,10
ZANEKA PHARMACEUTICALS,10
NARVS PHARMA,10
VIILBERY HEALTHCARE PVT LTD,10
ACUPRESSURE,10
BIOCIA HEALTHCARE,10
ZEAL CARDIOS,10
ELIXIR PHARMA,10
SHELON PHARMACEUTICALS,10
HELLIX HEALTHCARE PVT LTD,10
NEURO LIFE SCIENCE,10
L'AMAR HEALTHCARE PRIVATE LIMITED,10
UNICURE INDIA PVT LTD,10
ZUNARSH LIFE SCIENCES PVT LTD,10
APICHEM HEALTHCARE,10
BENCURE LIFE SCIENCES,10
INVASION PHARMACEUTICALS PVT LTD,10
AMORE HEALTH ESSENTIALS PVT LTD,10
NIDHI PHARMACEUTICALS,10
ONCOMED PHARMACEUTICALS,10
COSMEDERMA REMEDIES,10
IDEAL REMEDIES,10
MAESTRO HEALTHCARE PVT LTD,10
TORGEM PHARMACEUTICALS PVT LTD,10
STANMARK PHARMA,10
MVD PHARMACEUTICALS PVT LTD,10
CLARET LIFESCIENCES,10
TAB Q THERAPEUTICS,10
PLENTEOUS PHARMACEUTICAL,10
REDSON PHARMACEUTICALS,10
VINTECH REMEDIES,10
ELIKEM PHARMACEUTICALS PVT LTD,10
DARKT PHARMACEUTICALS PVT LTD,10
SAKTHI PHARMA,10
NEWGEN PHARMA PRIVATE LIMITED,10
HENIN LUKING PHARMA PVT LTD,10
BLISSON MEDICA PRIVATE LIMITED,10
KAIZEN DRUGS PVT LTD,10
DYSNEC PHARMA,10
ALNA BIOTECH PRIVATE LIMITED,10
ASTERISM PHARMACEUTICALS PVT LTD,10
RIOZEN PHARMA,10
FIALE PHARMACEUTICALS,10
AMPUS LIFESCIENCES LTD,10
PHARMAAFFILIATES HEALTHCARE,10
PAGODA PHARMACEUTICALS,10
HEALTH PLAN PHARMA INDIA PRIVATE LIMITED,10
SANJIVANI PARENTERAL LTD,10
NORRIS MEDICINE LTD,10
WINMAC LABORATORIES LIMITED,10
ANGEAS HEALTHCARE LTD,10
DAK PHARMA,10
MORTINE,10
VITHOBA,10
AFFERENT WEARBLE TECH PVT LTD,9
AROMED PHARMACEUTICALS,9
ADOREFEM,9
PARAMOUNT SURGIMED LTD,9
ORIMAX HEALTHCARE,9
RAMARAJU SURGICAL COTTON LTD,9
WEBCOT LTD,9
AARAV PHARMACEUTICALS,9
PROCURE MEDICA,9
KOTAK LIFE SCIENCES,9
MORVIN INDIA HEALTH CARE PVT LTD,9
THE WHITE WILLOW,9
ASOLEAR PHARMA PVT LTD,9
LOTUS HERBALS PVT LTD,9
VIVIMED LABS LIMITED,9
VALENCIA NATURALS,9
MEDYESA HEALTHCARE,9
MEGDE HEALTHCARE,9
YODEVA PLASTICS,9
EMPHAATIC PHARMACEUTICALS PVT LTD,9
LIVA HEALTHCARE,9
PAPILLON PHARMACEUTICAL PVT LTD,9
UNIBIC BISCUITS INDIA PVT.LTD.,9
BIOSIRI LIFE SCIENCES,9
CALL THE DOC HEALTHCARE SOLUTIONS PVT. LTD.,9
ROOTS LIFE SCIENCES,9
STRATEGI,9
CONCEPT BIOSCIENCES PVT LTD,9
3M HEALTHCARE,9
SMEAR INDIA HEALTHCARE PVT LTD,9
JOINTCARE PHARMA,9
GAMMEX,9
GLENWELL PHARMA,9
DIABLISS,9
UNITED LABORATORIES INDIA PVT LTD,9
SLEEPRITE SHOTZ,9
OLYMPUS THERAPEUTICS PVT LTD,9
SAT PHARMA,9
VIRTUE REMEDIES,9
MICRO2MRGA HEALTHCARE,9
MAY AND BAKER PHARMACEUTICALS LTD,9
ORIVA LIFESCIENCES PVT LTD,9
LIVIA HEALTHCARE LLP,9
GENERIX LIFESCIENCES PVT LTD,9
MAKEOWN PHARMA PVT LTD,9
SARGAS LIFE SCIENCES,9
ZIMINTA,9
NOPEX HEALTHCARE,9
SATVEN AND MER PHARMA,9
DEPSONS HEALTHCARE,9
DIVERSEY,9
DERMACEUTICS INDIA,9
MEDMORE PHARMA PVT LTD,9
HICK THERMOMETER LTD,9
ENVIRON CARE,9
DHANVANTARI MEDCINES AND EQUIPMENTS PVT LTD,9
ORIENT PHARMACEUTICALS,9
STERLING LAB,9
ALISIER DRUGS PVT LTD,9
SYNOD PHARMA PVT LTD,9
INDILLINA PHARMACEUTICALS LTD,9
CYTOZ PHARMACEUTICALS,9
SUNLIFE SCIENCES PRIVATE LIMITED,9
KRUPS,9
MEDLIFE GENETICS,9
ASSENTUS BIOGENICS,9
SAINTLIFE MEDISCIENCE PVT LTD,9
MEDISUN PHARMA,9
BRUZE LAB PVT LTD,9
JMS MEDICON PVT LTD,9
H AND CARE INCORP INDIA,9
WISTERIA HEALTH CARE LTD,9
JIOMED HEALTHCARE PVT LTD,9
DELIZIA PHARMACEUTICAL PVT LTD,9
KIWI PHARMACEUTICALS PVT LTD,9
BIOSWIZZ PHARMACEUTICALS,9
MEDINN BELLE HERBALCARE PVT LTD,9
BENGAL IMMUNITY LTD.,9
MEDISTE PHARMACEUTICALS PVT LTD,9
AYUSHMAN PHARMACEUTICAL,9
SOLARIUM PHARMACEUTICALS,9
FOREVER LIVING,9
RION LIFE SCIENCE PVT LTD,9
ARMOUR INDIA,9
MAHESHWARI INDUSTRIES,9
CUTE CARE LIFE SCIENCES PVT LTD,9
VIX PHARMA INTERNATIONAL,9
BIOVZN,9
ROYAL CANIN LABS,9
ACMEDIX PHARMA LLP,9
BIOPHARM LABORATORIES,9
GLANTO PHARMA,9
LACTONOVA INDIA,9
MEDICIS LIFESCIENCES PVT LTD,9
ALDAN HEALTHCARE PVT LTD,9
MANCARE HEALTHCARE PVT LTD,9
OCEAN DRINK PVT LTD,9
OZONE AYURVEDICS,9
EVEREN HEALTHCARE,9
SAGAR PHARMACEUTICALS,9
EK-TEK,9
CADILA HEALTHCARE LIMITED,9
HYGIENIC RESEARCH INST,9
RANGOON CHEMICAL WORKS,9
MEDIHANDS PHARMACEUTICALS,9
NIKHI HEALTH CARE PRIVATE LIMITED,9
RIZER HEALTHCARE PVT LTD,9
ODDIANT FORMULATIONS,9
AKOGNOS LIFE SCIENCES,9
TRIO REMEDIES,9
VETCARE,9
HALLMARK FORMULATIONS PHARMACEUTICALS,9
AFFINITY,9
PHILIPS INDUSTRIES,9
METLAR FORMULATIONS,9
ARIAAN PHARMACEUTICALS,9
CROSSED FINGERSS ORGANIC PRIVATE LIMITED,9
BIO OXY PHARMA,9
HILBERT HEALTHCARE,9
ZYDICA HEALTHCARE,9
ZEN LIFE SCIENCES LTD,9
OPTICARMA (INDIA) SMC PVT LTD,9
MEPRO PHARMACEUTICALS,9
USR REMEDIES,9
ASMED HEALTH CARE,9
TECHNO PHARM PVT LTD,9
MERYL PHARMA,9
POLAIRE PHARMACEUTICALS,9
MEDI SOFT PHARMA,9
TRIO BIOTECH PRIVATE LIMITED,9
AURIS BIOSCIENCES,9
SIMPEX PHARMA PVT LTD,9
LGLSI PHARMA,9
SUPERMAX LABORATORIES,9
UNIMAC PHARMACEUTICALS PVT LTD,9
MEDMERUS LIFE SCIENCES,9
KANSAS LAB,9
ASARVA LIFESCIENCE PVT LTD,9
REPS PHARMACEUTICALS,9
LEMFORD BIOTECH PVT LTD,9
MEDGENIX PHARMA INDIA PVT LTD,9
NEPTUNE LIFE SCIENCES PVT LTD,9
PSYCOREMEDIES LTD,9
RADIUS HEALTHCARE,9
ESQUIRE DRUG HOUSE,9
HEAL INDIA LABORATORIES PRIVATE LIMITED,9
LAKSHYA REMEDIES PVT LTD,9
GENOME REMEDIES PVT LTD,9
KOSHA LABORATORIES,9
AVITA BIOPHARMACEUTICALS,9
INDKUS DRUGS PHARMA PVT LTD,9
KARE HEALTH SPECIALITIES PVT LTD,9
BAYBERRY PHARMA,9
RAMYLABS HEALTH CARE,9
CARREL PHARMA,9
WELGENIC PHARMA,9
FUJIN KAMI PHARMACEUTICO,9
NORDIC PHARMA LTD,9
LUPITAS PHARMA PVT LTD,9
OCEAN DRINK PRIVATE LIMITED,9
BIOZEN HEALTH PRODUCTS PVT LTD,9
SUNGRACE PHARMA,9
EVOK LIFESCIENCES PVT LTD,9
SUMBIOTIC PHARMACEUTICALS PVT LTD,9
SOLUTIA PHARMA,9
CERSPIN HEALTHCARE PVT LTD,9
OYSTER PHARMA PVT LTD,9
BIOFIELD PHARMA PVT LDT,9
ANDIC LIFESCIENCES PVT LTD,9
THEMIS GENERIC,9
VIDYUT METALLICS LTD,9
PUSHPARAJ,9
L AND L,9
SS HEALTHCARE,8
BELIEVE PTE LTD,8
ENKAY (INDIA) RUBBER CO. LTD,8
ZUNISON HEALTHCARE,8
HUMAN PHARMACEAUTICALS,8
GSA BIO PHARMA,8
STERICON PHARMA,8
LOTUS BEAUTY CARE PRODUCTS PVT LTD,8
SWAYAMACARE PVT. LTD.,8
SANSTUTI PHARMACEUTICALS PVT LTD,8
SRIVEDA SATTVA PRIVATE LIMITED,8
VALIANT HEALTHCARE LTD,8
JOYDIVISION,8
ORRIN PHARMA,8
DILIGENCE PHARMA,8
ZYDILLAC BIOTECH,8
BLISS LIFECIENCES LLP,8
INDO RAMA ENGINEERS,8
NECTOR FOOD PRIVATE LIMITED,8
IMMORTAL BIOTECH PVT LTD,8
BODYGUARD,8
GREEN CROSS HEALTH INNOVATION,8
SCINTICAA PHARMA,8
TANISHQ LIFE CARE,8
FUTURE CONSUMER ENTERPRISE LTD,8
SHALMAN PHARMACEUTICALS PVT LTD,8
GLENMARK CONSUMER HEALTHCARE,8
VEEBA FOOD SERVICES PRIVATE LIMITED,8
LIFELINE HEALTH CARE,8
LIFREE,8
OXIRICH HEALTHCARE PVT LTD,8
ROYAL CANIN,8
FLORIS SKIN CARE,8
SHIMMER PHARMA,8
LAVUE PHARMACEUTICALS PVT LTD,8
R R TRADING PVT LTD,8
PRECEPT PHARMA LTD,8
MALVERN PHARMA,8
GUARDEVER LIFE SCIENCES,8
TACTUS NUTRASCIENCE,8
AMELIA HEALTHCARE,8
UNEXO LIFE SCIENCES,8
JAFFMAN PHARMACEUTICALS,8
MEDICON HEALTHCARE,8
MEDICON LABORATORIES,8
PHOENIX REMEDIES PVT LTD,8
MAXNOVA,8
ISHA AGRO DEVELOPERS PVT LTD,8
FIRST CARE INDIA PRIVATE LIMITED,8
DERMONT PHARMACEUTICALS PVT LTD,8
REAL CARE LIFE SCIENCES,8
INDOMEDIX,8
FIDES PHARMACEUTICALS,8
SHEF BIOTECH PRIVATE LIMITED,8
STAUNCH HEALTH CARE PVT LTD,8
HEAL INDIA PHARMACEUTICALS LLP,8
SUNWIN HEALTHCARE PVT LTD,8
CURADOR HEALTHCARE PVT LTD,8
BSN MEDICAL PVT LTD,8
INCIPE PHARMCEUTICALS,8
VYONICS,8
HANDH,8
RUDRAKSHA PHARMACEUTICAL,8
SHAILESH SURGICAL,8
ARTEMISIA HEALTH CARE,8
FHM PHARMA PVT LTD,8
Q4Q HEALTH SOLUTIONS,8
CHIRON PHARMACEUTICALS PVT LTD,8
CISTA MEDICORP,8
P & P DERMACEUTICS,8
SEDGE BIOCEUTICALS INC INDIA,8
RAYMOND CONSUMER CARE PRIVATE LIMITED,8
BALSARA HOME PRODUCTS,8
TRION PHARMA,8
STRENUOUS HEALTHCARE PVT LTD,8
AKAY COSMETICS,8
AYURVEDA RASASHALA,8
SOOTHE HEALTHCARE PVT LTD.,8
ELEMENT PHARMACEUTICALS PVT LTD,8
MEDFORD PHARMA,8
HEALTHLINE,8
SAFFRON FORMULATIONS PVT LTD,8
COLOPLAST,8
TTK PROTECTIVE DEVICES LIMITED,8
GROWELL VISION,8
AKROVIS PHARMACEUTICALS,8
SUNCARE FORMULATIONS PRIVATE LIMITED,8
WONDER DRUGS PVT LTD,8
UNILEVER,8
GREENKURE,8
TRIKONA PHARMACEUTICALS PRIVATE LIMITED,8
GLADIOLUS LIFESCIENCES PVT LTD,8
ORIEL,8
SPLENDID PHARMACEUTICALS PVT.LTD,8
IIFA HEALTHCARE,8
ELIO BIO CARE LIFESCIENCES PVT LTD,8
BIO-MED PRIVATE LIMITED,8
NISARGA HEALTH CARE PVT LTD,8
MOXY LABORATORIES PRIVATE LIMITED,8
NOBEL HYGEINE PVT LTD,8
SENTINEL REMEDIES,8
NUTRILIFE PVT LTD,8
PHYTO PHARMA,8
ROWLINGES LIFE SCIENCES,8
LOTUS HERBALS,8
EUCARE PHARMACEUTICALS,8
HAGNOUS BIOCEUTICALS,8
BEEKAY ENTERPRISES,8
KYMEX HEALTHCARE,8
MEDIGENESIS,8
ASHWINI HOMCO,8
TRI PHARMA,8
SHREE BAIDYANATH AYURVED BHAWAN PVT. LTD.,8
NOIR PHARMA PVT LTD,8
NATURE'S BOUNTY,8
AZVESTON PHARMACEUTICALS,8
RADICURA PHARMA,8
PRO VITALIS LIFE KARE,8
BIROTIS LIFE SCIENCE PVT LTD,8
ARGIL LIFE SCIENCES,8
ADIKAN HEALTHCARE,8
MIDAS HEALTHCARE LTD,8
DREAM PHARMA,8
WOLVER BIOTEC,8
RADDISON PHARMACEUTICALS,8
HBC DERMIZA HEALTHCARE PRIVATE LIMITED,8
DR MONI PHARMA,8
J M REMEDIES,8
CURATAS PHARMACEUTICALS,8
ADMAK PHARMACEUTICALS PVT LTD,8
MEDILLOYD MEDICAMENT PVT LTD,8
J B LIFE SCIENCES,8
SBS BIOTECH,8
COGENTRIX PHARMA,8
CIAGA PRIVATE LIMITED,8
CNX HEALTHCARE PVT LTD,8
SAN BIOMEDICS,8
ALPORTS HEALTHCARE PVT,8
GREEN REMEDIES,8
ECLIPSER PHARMACEUTICALS,8
NEXUS PHARMA,8
ATLINA LIFESCIENCES (OPC)PVT LTD,8
GLEBIT LABORATORIES,8
EVERWELL PHARMA PVT LTD,8
SHILA ART PACKAGING,8
VIBRANT HEALTHCARE PVT LTD,8
UNIVERSAL LIFECARE,8
WISDOM PHARMA PVT LTD,8
ANCHAL LIFESCIENCES,8
QUORTICAL SR LIFE SCIENCES,8
CROFORD PHARMA PVT LTD,8
MAX PHARMA,8
GREVIS PHARMACEUTICALS PVT LTD,8
GAYLON,8
STAFFORD LABORATORIES PVT LTD,8
UNIROYAL BIOTECH,8
CURACASA PHARMA,8
SAMCO PHARMACEUTICALS,8
Q CHECK PHARMACEUTICALS,8
VITAL FORMULATIONS,8
ASTRA IDL LIMITED,8
ZYDUS BIOCHEM,8
AFFIANCE DRUGS & FORMULATIONS,8
MACROCHEM,8
SALI HEALTH CARE,8
ONTOP PHARMACEUTICALS LTD,8
OKINAWA PHARMACEUTICALS PVT LTD,8
ZEPHON LIFESCIENCES,8
SERVO HEALTH CARE,8
RADIX BIOTECH PVT LTD,8
KIND'S PHARMA,8
RECOUPE PHARMA,8
UNIVERSAL LABS,8
SAPAT,8
TARGOF PURE DRUGS TD,8
KARLE HEALTH SCIENCES PVT LTD,8
JOGSONPAL PHARMACEUTICALS PVT LTD,8
ASSIDUOUS LIFE SCINCES PVT LTD,8
FIGOMED HEALTH CARE,8
GLOBE PHARMA,8
KAYTROSS HEALTHCARE LTD,8
OSVEL PHARMA,8
WELLNESS REMEDIES PVT LTD,8
HIPOTEN BIOCHEM PVT LTD,8
GLAT PHARMACEUTICAL LTD,8
DELVIN FORMULATIONS PRIVATE LTD,8
MONARCH LABS,8
CHEMIDA LABS (P) LTD,8
AUZTUS LABORATORIES PVT LTD,8
MEDITUNE HEALTHCARE PVT LTD,8
MENARINI INDIA PVT LTD,8
CHOROID LABORATORIES,8
KARNA INATERNATIONAL,7
GUFIC BIOSCIENCES,7
DR JOHNS LABS HEALTHCARE PRIVATE LIMITED,7
DORCA MARKET MAKERS P LTD  CHENNAI,7
SKORE,7
SECURA LIFE SCIENCES,7
PAARZON PHARMACEUTICALS,7
NATROL LLC,7
SARA LEE,7
PINQ STORY PVT LTD,7
FAIR DERMA REMEDIES,7
PRAGATI PHARMA,7
KAIPRO HEALTHCARE,7
NUTRITIONALAB PRIVATE LIMITED,7
APRAZER HEALTHCARE PVT LTD,7
BIOMAX LABORATORIES,7
MEDICARE PHARMACEUTICALS,7
PARAG MILK FOODS LTD,7
GREAT LIFESCIENCES PVT LTD,7
SRS INDUSTRIES,7
SSK PHARMA,7
GRANMED PHARMA PVT LTD,7
TECHYON BIOTECH PVT LTD,7
SOMEX LIFE SCIENCES PRIVATE LIMITED,7
MERISANT INDIA PRIVATE LIMITED,7
FLOURISH PHARMA,7
PIERRE FABRE DERMA COSMETICS,7
J.K. ANSELL LIMITED,7
CURATIO HEALTH CARE,7
CONTOUR,7
V R MED INFORMATICS PVT LTD,7
NURECA PRIVATE LIMITED,7
PINNACLE MEDICARE PVT LTD,7
RHYTHM PHARMA,7
LIVE PHARMA,7
SOLISTAA PHARMACEUTICALS PRIVATE LIMITED,7
MARTIN & HARRIS PVT LTD,7
DATT MEDIPRODUCTS PVT LTD,7
WOW SKIN SCIENCE,7
JONAS PHARMACEUTICALS,7
ALENTICA PHARMACEUTICALS PVT LTD,7
BIOGEN LIFE,7
PARK PHARMACEUTICAL,7
CLARISSE PHARMACEUTICALS,7
ROWEZ LIFE SCIENCES PVT LTD,7
CUPID LIMITED,7
KAVIVA LIFE SCIENCES PVT LTD,7
PACIFIC MEDITECH PVT LTD,7
MEDHEAL PHARMACEUTICALS,7
STARTELL BIOCEUTICALS PVT LTD,7
KOSMICA DERMACARE,7
PRISTYN PHARMA,7
SUDHA LIFESCIENCES,7
RUPASHREE HEALTHCARE PVT LTD,7
LA NUTRACEUTICALS,7
FIELDFRESH FOODS PVT LTD,7
MEDICO HEALTHCARE,7
THREPSI SOLUTIONS PVT LTD,7
VIMSON DERMA,7
SCITECH SPECIALISTIES PVT LTD,7
UPAKARMA AYURVEDA,7
HOLY LIFESCIENCES,7
MEDISYS BIOTECH PVT LTD,7
DEVOTION HEALTHCARE PVT LTD,7
CHARAN LABORATORIES PVT LTD,7
BAL PHARMA,7
SYNERHEAL PHARMACEUTICALS,7
DWARKESH PHARMACEUTICALS PVT LTD,7
MUSCLETECH NUTRITION,7
OSR PHARMA,7
MITIS BIOMEDICS LTD,7
RENAUXE PHARMA INDIA PVT LTD,7
MEDICOM HEALTHCARE,7
CARYOTA LABS INDIA PVT LTD,7
HEALTHCARE FORMULATIONS PVT LTD,7
NOVACHEM LIFE SCIENCE PVT LTD,7
OPTHO LIFE SCIENCES PVT LTD,7
EVERSHINE LIFESCIENCES PVT LTD,7
FOGG,7
ACE KINETICS HEALTH CARE PRIVATE LIMITED,7
ACCRA PAC PVT LTD,7
WELLMARK LIFESCIENCES PRIVATE LIMITED,7
PARCIT AUTOCRAZY,7
BPL SOFT ENERGY SYSTEMS LTD.,7
SHILAR PHARMACEUTICAL,7
VASELINE,7
URBAN GABRU,7
TRESEME,7
AVETA PHARMA,7
CUTIS BIOLOGICALS,7
LEOGARD PHARMACEUTICALS PVT LTD,7
SCHWITZ BIOTECH,7
BRIGHT LIFECARE PVT LTD,7
AIRIER PHARMACEUTICAL PVT LTD,7
CELL SALVE PHARMACEUTICALS,7
ARMOR REMEDIES,7
ARAVIND REMEDIES LTD,7
LIFESCAN SCOTLAND LTD.,7
NIMVAS DERMACARE,7
ASK ENTERPRISES,7
BIOCUTE LIFE CARE,7
INNOVA FORMULATIONS PVT LTD,7
SHREE DHANWANTRI HERBALS,7
ALBATROSS PHARMACEUTICALS,7
KYNA PHARMA,7
PROKURE LIFE SCIENCES,7
BESTEL LABORATORIES PVT LTD,7
APEX LABORATORIES LTD,7
HINIKAM DRUGS & PHARMACEUTICALS,7
ALLEN LABORATORIES,7
ADN PHARMACEUTICALS PVT LTD,7
RHYS HEALTHCARE PRIVATE LTD,7
CAMILLUS HEALTHCARE,7
VIRCHOWS LABORATOTIES LTD,7
BODE CHEMIE,7
INDO LABS,7
HOSPIMAX HEALTHCARE PVT LTD,7
MARKSANS PHARMA LTD,7
GEOLIFE SCIENCES,7
EVANTAS BIOTECH PVT LTD,7
AARKIOS HEALTHCARE,7
JAYCOT INDUSTRIES,7
QUORA PHARMACEUTICALS PVT LTD,7
OVERSEAS HEALTHCARE PVT LTD.,7
FIRST HORIZON PHARMACEUTICALS,7
UNIVED,7
SATGURU,7
MEDCURE ORGANICS,7
PROCTOR ORGANICS (P) LTD,7
VOLINI,7
CYPER DRUGS & PHARMACEUTICALS PVT LTD,7
SYMPHONY,7
DISHA SURGICALS PVT LTD,7
MAGANLAL CHUNILAL GANDHI,7
E MERCK INDIA,7
KERALA AYURVEDIC PHARMACY LTD,7
MARS REMEDIES,7
DERMACO,7
NAPHA PHARMA.PVT LTD,7
EASTERN HEALTHCARE,7
SUNNIVA LIFESCIENCES,7
MAXZIMAA PHARMACEUTICALS PRIVATE LIMITED,7
GAYATRI ENTERPRISES,7
PROPEL HEALTHCARE,7
NUTRIGEN PHARMA,7
GLOBAL ORGANICS,7
QUIXOTIC PHARMA PVT LTD,7
COMEX PHARMA,7
SAANVIKA PHARMA,7
GLENWOOD BIOTECH PVT LIMITED,7
TRIGAT LIFESCIENCES,7
SIMBROWN LABORATORIES PVT LTD,7
SOLANO HEALTHCARE,7
CYGNUS PHARMACEUTICAL,7
EURO BIOTECH,7
VINCA LIFE SCIENCES,7
VATICAN LIFE SCIENCES PVT LTD,7
LIFECOM PHARMACEUTICALS,7
AMBROZA LIFECARE LLP,7
ICARUS HEALTHCARE PRIMUS,7
ARCHICARE LIMITED,7
EGOR PRODUCE,7
EMIL PHARMACEUTICALS INDUSTRIES PVT LTD,7
AQUINA PHARMA,7
KRISTA LIFE SCIENCES,7
MC MEDIBIO LIFE SCIENCES PVT LTD,7
INDO SWISS REMEDIES,7
CALYX REMEDIES PVT LTD,7
YAMI PHARMA,7
VEREOR HEALTHCARE,7
AKSHAR MOLECULES,7
SUNVIJ DRUGS PVT LTD,7
ZYDUS ONCOSCIENCES,7
CAVENTIS PHARMA PVT LTD,7
ETHYPHARM,7
MONISON'S,7
WAYONEXT PHARMACEUTICALS PVT LTD,7
DYNAMARK LIFE SCIENCES PRIVATE LIMITED,7
MARK REMEDIES PVT LTD,7
PAEON WELLNESS AND NUTRITION LIMITED,7
LOBA CHEMIE PVT LTD,7
INFRA PHARMACEUTICALS PVT LTD,7
SHERRING LIFE SCIENCES,7
LIFEZEN HEALTHCARE PVT LTD,7
EVERCURE PHARMACEUTICALS,7
P C INDIA PHARMA PVT LTD,7
MIRAH BELLE,7
GENOME THERPEUTICS,7
CURIS MANKIND,7
INTERPHAR HEALTHCARE PVT LTD,7
SAVAN LAB,7
OSTRICH PHARMACEUTICALS PRIVATE LIMITED,7
SUNNY INDUSTRIES PVT,7
ACME GENERICS LLP,7
ALTAVISTA,7
SAITECH MEDICARE PVT LTD,7
RATCHET BIOTECH PVT LTD,7
M S OPTHALMIC,7
MACSOL PHARMA,7
ARKSON PHARMACEUTICALS,7
AYURVED VIKAS SANSTHAN,7
MEDIQUEST PHARMACEUTICALS PVT LTD,7
ALSUN PHARMACEUTICAL,7
MYREN LIFE SCIENCE INDIA PVT LTD,7
DAEWOO HEALTH CARE,7
ALKED BIOTECH,7
KLOKTER LIFE SCIENCES,7
TRIO LIFESCIENCE PVT LTD,7
SYNOMED HEALTHCARE,7
ANTIGEN HEALTHCARE P LTD,7
ARGUS COSMETICS,7
AXA PARENTERALS LTD,7
ETHICARE PHARMA,7
SURGE PHARMACEUTICALS PVT LTD,7
MEDOCEAN PHARMACEUTICALS,7
TREATWELL BIOTECH,7
XCEL LABS PVT LTD,7
VIBCARE PHARMA PVT LTD,7
P & P PHARMACEUTICALS,7
SVESSCARE PHARMA,7
OPTHO PHARMA PVT LTD,7
GNEXT LAB PVT LTD,7
XYRIS LIFE SCINCES PRIVATE LIMITED,7
DEMAX BIOTECH PVT LTD,7
NEURACLE LIFESCIENCES PVT LTD,7
GENIP PHARMACEUTICALS PVT LTD,7
ARTEL LABORATORIES,7
MAXIMON PHARMA PVT LTD,7
DOC'S SURGICAL MFG. CO.,7
JPEE DRUGS,7
SYDLER REMEDIES PVT LTD,7
SKYMAP PHARAMA,7
MAHADEV,7
FIGARO,7
UPRISING,7
MULTANI PHARMACEUTICALS LIMITED,6
ARKA VITAL SCIENCES PVT LTD,6
BAIDYANATH AYURVED BHAWAN,6
PENTAGON,6
UHC REMEDIES,6
MAXCURE NUTRAVEDICS LIMITED,6
BUTTER CUP CONFECTIONERY LTD,6
BEAUTYCOS,6
NEXACARE LIFESCIENCES PVT LTD,6
3C PHARMACEUTICAL PVT LTD,6
ZOGENIX HEALTHCARE PVT LTD,6
VENKATESH NATURAL EXTRACT PVT. LTD,6
NEM LABORATORIES,6
AEOMEDS HEALTH CARE PVT LTD,6
MAX FORD LABS,6
ACROSS LABS PVT LTD,6
GOOD LIFE CONSUMER PROVATE LIMITED,6
GENETIC LIFESCIENCES PRIVATE LIMITED,6
KARAA,6
HN CURE PHARMA PVT LTD,6
GREENBACK INC,6
JINAL HEALTHCARE,6
MYPROTEIN,6
ZEPSILON HEALTHCARE PVT LTD,6
FINE FORMULATIONS,6
FINE BIO SCIENCE PVT LTD,6
COOPER PHARMA LTD,6
RNGALLA FAMILY PVT LTD,6
KESH KING,6
ZENO LIFE CARE,6
DAYLON HEALTH CARE PVT LTD,6
LEROY NUTRASCIENCE,6
CUTEM LIFE SCIENCE,6
NEWGEN HEALTHCARE PRIVATE LIMITED,6
N.G. ELECTRO PRODUCTS (P) LIMITED,6
UNIPHASE INDIA PHARMACEUTICAL,6
MEDREX PHARMA PVT LTD,6
GILLETE INDIA,6
OMEGA BIOTECH LIMITED,6
VENUS,6
CHARITRA PHARMA,6
HILL ROUTE,6
ASTA PHARMACEUTICALS,6
VICOLEODS BIOTECH PHARMA,6
DIACARDUS PHARMACY PVT LTD,6
KOTTARAM AGRO FOODS PRIVATE LIMITED,6
GENERAL MEDICINE THERAPEUTICS PVT LTD,6
MAXXLIFE FORMULATION,6
SKINO PHARMACEUTICALS,6
VISSCO REHABILITATION AIDS PVT. LTD,6
ETHINEXT PHARMA,6
CIEO REMEDIE,6
OM SAI PHARMA PACK,6
MERACUS PHARMACEUTICALS,6
MARK PHARMACEUTICALS LTD,6
UNISON PHARMACEUTICALS PVT LTD,6
NUORIK HEALTHCARE,6
BIOZEN HEALTHCARE,6
CRIZON HEALTHCARE PVT LTD,6
BIOVESTHA HEALTHCARE,6
ELIPH NUTRITION PVT LTD,6
PHARMA FORCE LAB,6
PAN INDIA,6
NATURES BLOSSOM PVT LTD,6
ODDWAY ICARE PVT LTD,6
SYNTHIKO FORMULATIONS LTD.,6
AYUSHAKTHI HEALTH CARE,6
PHARMA LIMITED,6
CORPUS LIFESCIENCE PVT LTD,6
RENOVA NUTRITION,6
LACTONOVA NUTRIPHARM PVT LTD,6
EMBARK LIFESCIENCE PVT LTD,6
MAHURI,6
MAYA,6
NOVA INDUS PHARMACEUTICALS,6
VIWACURE HEALTHCARE,6
MATIAS HEALTHCARE PVT LTD,6
TRIGLOBAL BIOSCIENCE PVT LTD,6
EMMAMI,6
BRIO VINEGARS,6
LANARK LABORATORIES PVT LTD,6
ENTERO,6
ZYDUS NEPHROSCIENCES,6
JAIWIK BIOTECH,6
KEIMED,6
RAMBAN PATENT DEPOT,6
SALUD CARE,6
REGALIZ INDIA LTD,6
BABUL BIOMEDICALS PVT. LTD.,6
INDUS,6
AESTHETIX COSMECEUTICALS,6
MICROGENE DIAGNOSTIC SYSTMS PVT LTD,6
UNION DRUG COMPANY LTD,6
AVENUE REMEDIES,6
MPI ETHICALS PRIVATE LTD,6
ANUSPAA HERITAGE PRODUCTS PVT LTD,6
MY FAIR LADY LTD.,6
ARKRAY HEATHCARE PVT LTD,6
ARROWS 2 PHARMACEUTICALS,6
NUFACE PHARMA,6
BAFNA PHARMACEUTICALS LTD,6
THE SADVAIDYASALA PVT LTD,6
INDO HERBAL PRODUCTS,6
AYUR HERBALS,6
MEDISCOT PHARMACEUTICALS,6
VEEON HEALTHCARE,6
RYNEL CLIFTON PHARMA PVT LTD,6
VEE REMEDIES,6
SCA HYGIENE PRODUCTS INDIA PVT. LTD.,6
GODIVA BIOADVANCES PVT LTD,6
VEGETAL BIOACTIVES PVT LTD,6
THE AYURVEDEEYA ARKASHALA LTD,6
APICAL HEALTHCARE PVT LTD,6
ALESSA HEALTHCARE,6
GOLDWIN MEDICARE LTD,6
DECCAN AYUR PHARMA LTD,6
HERBZ INTERNATIONAL,6
ENDURA MASS,6
SAB LIFE CARE PVT LTD,6
ABIBA PHARMACIA PRIVATE LIMITED,6
NUTRI INTERNATIONAL,6
RIPPED UP NUTRITION,6
AVN AYURVEDA FORMULATIONS PVT LTD,6
MEDIZEN LABS PVT. LTD. (DELTA MATTERS),6
WINALLURE COSMECEUTICALS & PHARMACEUTICALS,6
SANADOR HEALTHCARE,6
RESERCA HEALTH CARE PVT LTD,6
S KUNDU & SONS,6
PURE DERMA,6
HEGDE & HEGDE PHARMACEUTICALS LTD,6
UNIQ HERBAL,6
NAGARJUNA HERBAL CONCENTRATES LTD,6
AKJ ENTERPRISES,6
AXIS LABS PVT LTD,6
SCORLEON PHARMA,6
CHINA MADE,6
HINDUSTAN HEALTHCARE,6
ORANGE BIOTECH,6
MAN COP REMEDIES,6
RELYON HEALTH CARE,6
NEISS LABS PVTLTD,6
MEDLIFE,6
ESSENTIAL PHARMACEUTICAL,6
SIGNATURE PHYTOCHEMICALS,6
MIRACLE LIFE SCIENCES,6
MAGNUM LABORATORIES PVT. LTD.,6
G.AMPHRAY LABORATORIES,6
MODI PHARMA,6
WESTERN GHATS PHARMA,6
TIME PHARMACEUTICALS PVT LTD,6
ARTEMIS PHARMACEUTICAL,6
DR URJITA JAIN PHARMA,6
MED INDIA,6
SVIZERA HEALTHCARE,6
PHARMA CURE,6
GLOBUS LABS,6
SYNOVION LABS,6
EPSILON BIOTECH,6
BRANKO PHARMA,6
BENIQUE PHARMACEUTICALS,6
AQUA LABS,6
TRENDS PHARMA PVT. LTD.,6
OCEAN OPHTHALMICS,6
STANROSS,6
GRUENTZIG PHARMA,6
PRIMUS PHARMACEUTICALS,6
XENON PHARMACEUTICALS,6
AEQUITAS HEALTHCARE PVT LTD,6
CRYZER FORMULATION PVT LTD,6
J B CHEMICALS,6
PARADIGM PHARMACEUTICALS PVT LTD,6
COSMIC PHARMA PVT LTD,6
PRO-PROLIVA SCIENCE,6
BETAMAX REMEDIES,6
COTEC HEALTHCARE PVT. LTD,6
MAGNIFUR LIFE SCIENCES,6
OSIANTE BIOTECH,6
DN THERAPEUTICS PVT LTD,6
MEDIHEALTH LIFESCIENCES PVT LTD,6
NEW LIFE PHARMACEUTICALS,6
G.AMPHRAY PHARMACEUTICALS PVT,6
HEALTH RY PHARMACEUTICALS,6
CYDIA HEALTH CARE PRIVATE LIMITED,6
ANKAA PHARMACEUTICALS,6
AVONIC LIFE SCIENCES,6
NIPPON LIFE SCIENCES PVT LTD,6
ALLIEN PHARMACEUTICALS,6
APOTEX LIFESCIENCES,6
SPEY MEDICAL PVT LTD,6
WHITE AND TRUST PHARMACEUTICAL INDIA PVT LDT,6
ASTRELLA PHARMA,6
MAXFORD HEALTHCARE,6
911 DERMATOLOGY PVT LTD,6
H & CARE INCORP,6
CONVINA RESEARCH LAB,6
SHINEMAX PHARMA,6
TIMES HEALTHCARE PVT LTD,6
MIOTIC PHARMA,6
REXUS HEALTRHCARE,6
LIFT LIFE BIOTECH PRIVATE LIMITED,6
CREST PHARMA PVT LTD,6
TACHYON,6
NEXGEN PHARMA PVT LTD,6
ARSUN,6
PARAS IMPEX,6
GEOMED HEALTH CARE,6
WELLWOK PHARMA,6
MAHBOOBIA HERBAL,6
AQUARIUS HEALTH CARE PVT LTD,6
GM PHARMA,6
D M PHARMACEUTICAL PRIVATE LIMITED,6
EUGENETIC,6
HEALTH BERRY LIFESCIENCES,6
ORSAL PHARMACEUTICALS,6
GIRIRAJ HEALTH CARE,6
CUREGA HEALTHCARE PVT LTD,6
BENSON DRUGS,6
PCI GENERICS,6
WELLSA PHARMACEUTICALS,6
MEMBRANE PHARMA,6
ADMARK PHARMACEUTICALS,6
ALAXIA HEALTHCARE,6
WARIN PHARMACEUTICAL,6
PRIM RESEARCH LABORATORIES,6
SARTHAK BIOTECH PRIVATE LIMITED,6
EDMUND HEALTHCARE PVT LTD,6
FERTIN PHARMA,6
GLASSTON PHARMACEUTICAL,6
RONISH BIOCEUTICALS,6
MALOOK PHARMACEUTICALS PVT LTD,6
M G NEUTRACEUTICALS,6
SUVIK HITEK PVT. LTD.,6
CUROSIS HEALTHCARE,6
GLIVITA PHARMA PVT LTD,6
VAPI CARE PHARMA,6
XELLENCE LABORATORIES PVT LIMITED,6
AYURVED SUMSHODHANALAYA(PUNA) PVT LTD,6
CITADEL FINE PHARMACEUTICAL PVT LTD,6
INTRACIN PHARMACEUTICALS,6
VETNEX ANIMAL HEALTH LTD,6
GOODLUCK PHARMACEUTICALS,6
BRANOLA CHEMICAL WORKS,6
DERMIA CONTICARE PRIVATE LIMITED,6
NEOFALCON LIFE SCIENCE,6
BLUEWATERRESEARCH,6
AEON PHARMA,6
LEKSEL PHARMACEUTICALS,6
ALLYSIA LIFESCIENCES PRIVATE LIMITED,6
OPTIMAL PHARMTECH,6
AN PHARMACEUTICALS PVT LTD,6
QREN LIFESCIENCES PVT LTD,6
BRANDS LABORATORIES,6
HD PHARMACEUTICALS,6
ASIA PHARMACEUTICALS INDUSTRIES,6
DANLION PHARMACEUTICAL PVT LTD,6
FLUENSE HEALTHCARE PVT LTD,6
BENITO PHARMA,6
ZUBIT LIFECARE,6
NETWORK PHARMA,6
PLEASANT CARE PHARMA,6
REGENT HEALTHCARE LTD,6
DIOSMA,6
SWIZZ PHARMA,6
EXMO BIOGENICS PRIVATE LIMITED,6
JACKSON LABORATORIES (P) LTD,6
HEAL ALL PHARMACEUTICALS PVT LTD,6
AXYZEN LIFE SCIENCE,6
INDO FRENCH MARKETING COMPANY,6
DURAM PHARMACHEM PVT LTD,6
DEON HEALTHCARE,6
VHVL INC,6
COOL COSMETICS PRIVATE LTD,6
HBPCL,6
NANO LIFE CARE PVT LTD,6
SERBIA MOLECULES PRIVATE LIMITED,6
REVENZA PHARMACEUTICALS PVT LTD,6
MACLAN PHARMACEUTICALS PVT LTD,6
SAIBOON LIFECARE PVT LTD,6
GAMETE PHARMA PRIVATE LIMITED,6
KUREASIA PHARMA PVT LTD,6
J P LIFE SCIENCE,6
ORPHIC PHARMA,6
ESTEEM PHARMACEUTICALS PVT LTD,6
GENISTA HEALTHCARE,6
GLUCONATE HEALTH LTD,6
BEFAM PHARMACEUTICAL PVT LTD,6
ARIST HEALTH CARE,6
ELEGANT COSMED PRIVATE LIMITED,6
ALTON BIOSCIENCES PVT LTD,6
MILIMAX HEALTHCARE,6
KCM LABORATORIES,6
UNICORN PHARMACEUTICALS (INDIA) LIMITED,6
GALACUS HEALTHCARE PVT LTD,6
SPENCHEM PHARMACEUTICALS PVT. LTD,6
NATURESTASK,6
FERVENT LIFESCIENCE PVT LTD,6
LIPPINCOTTS PHARMACEUTICAL PVT LTD,6
BONNE,6
NIHAR SH,6
FANDH,6
DR ORTHO,6
NEW MAHALXMI,6
IODEX,6
SENSODYNE,6
AJANTA MEDICALS PVT LTD,5
CAMBRIDGE HEALTHCARE LTD.,5
GLENMARK PHARMACEUTICALS LTD,5
A S DERMACEUTICALS,5
DOVE,5
ORIAN PHARMACEUTICALS,5
ST. GEORGES,5
FIT & GLOW HEALTHCARE PVT LTD,5
RELIEF PHARMACEUTICALS,5
KUTCH SOAPS,5
CARESS BEAUTY CARE,5
GUJARAT PHARMA LAB PVT. LTD,5
LIMRA PHARMACEUTICAL,5
CURAX PHARMA,5
SRIGEN PHARMACEUTICALS,5
GEM MANKIND,5
PHARVAX BIOSCIENCE,5
BUDWHITE TEAS PVT LTD,5
COTEC HEALTHCARE LTD (LICENSED USER OF EMAMI LIMITED),5
UNION SWISS,5
ACURAGLOBE LLB,5
GOODNESS OF NATURE,5
RNOVA BIOLOGICALS PVT LTD,5
PUNEET LABORATORIES PVT LTD,5
GENEKA HEALTHCARE,5
OCEAN SPRAY,5
GLARIZONTO PHARMA,5
NUTRABUFF NUTRACEUTCIALS,5
OASIS BIOTECH,5
DR SR LABS PHARMA,5
DYNAMIC TECHNO MEDICALS PVT LTD,5
MEDIX BIOCARE,5
CAREXIA HEALTHCARE,5
GENMEDIC HEALTHCARE PVT LTD,5
MAXIS HEALTHCARE PVT LTD,5
SAMIKA NUTRICARE PRIVATE LIMITED,5
MEDIGEN LIFE SCIENCES,5
KLINGEN LIFE SCIENCES PRIVATE LIMITED,5
VIP PHARMA,5
VICHY LABORATORY,5
ALCOLABS,5
UNITED SURGICAL COMPANY,5
JONS,5
G.S PHARMBUTOR PVT LTD,5
PHARMA MEDICO (INDIA) PVT LTD,5
LIFECARE FORMULATION PVT LTD,5
NEUMEC HEALTHCARE,5
INMART COMMERCE PRIVATE LIMITED,5
SALUDAR HEALTHCARE PVT LTD,5
PSI INDAI PVT LTD,5
SUMAGES PHARMA PVT LTD,5
VITABIOTICS,5
BIOLIFE TECHNOLOGIES,5
JANTEC PHARMA,5
AVIGENIX INNOVATIONS PVT LTD,5
AILRON PHARMA,5
SRI BIOTECH PVT LTD,5
ABHIGYAAN LABS PVT LTD,5
TORONTO PHARMACEUTICALS PRIVATE LIMITED,5
HI BRAND PHARMULATION,5
STEPAN LABORATORIES LTD,5
EAU ZONE,5
KHADI ESSENTIALS INDIA,5
SWATI SPENTOSE PVT LTD,5
PURE NUTRITION,5
WELLA,5
SBL LIMITED,5
JAY,5
AROMA TREASURE PVT LTD,5
LIFECARE BIOTEC,5
YOGA JAL,5
SANUS LIFE SCIENCES,5
MOOV,5
BRITISH LIFE SCIENCES PVT LTD,5
ASPRIUS,5
ALLEN NUTRACEUTICALS,5
HERBS NUTRIPRODUCTS PVT LTD,5
VIRGO HEALTHCARE PVT LTD,5
BENZ PHARMACEUTICALS,5
AXIOM SAFETY DEVICES PVT LTD,5
DERMCURE'S PHARMA,5
GERMEX LABORATORIES,5
UNICON LIFE SCIENCES,5
MED GENIX,5
WELLONA PHARMA,5
BRIJ HEALTHCARE PVT LTD,5
RGI MEDITECH PVT LTD,5
FISCHER BIOSCIENCES PVT LTD,5
RADIX PHARMACEUTICALS,5
HEAND AND SHOULDER,5
CRATE LABORATORIES,5
CL REDDY HEALTHCARE,5
HTC INSTRUMENTS,5
G S PHARMBUTOR PVT LTD,5
AEOBURY HEALTHCARE PRIVATE LIMITED,5
DEEKAY LIFE SCIENCE,5
PROPHEX HEALTH CARE,5
STRENUOUS PLUS HEALTHCARE,5
LEAD STAR PHARMACEUTICALS,5
BIO FELIXER HEALTH CARE,5
J AND J,5
PHARMA CORP INC PVT LTD,5
PLASORON BIOTECH PRIVATE LIMITED,5
KIVONYX HEALTHCARE,5
DERMANATION LIFESCIENCE,5
KAMASUTRA,5
NATCON BIOLIFE SCIENCES PVT LTD,5
DERMALAND PRIVATE LIMITED,5
REKKE PERSONAL CARE PVT LTD,5
VXL NATURAL HEALTH & HYGIENE,5
NAAV HEALTHCARE PVT LTD,5
SHREEM DRUGS PRIVATE LIMITED,5
9M MEDICAL SYSTEM CO.,5
ORBITAL HEALTHCARE PVT LTD,5
UNIQLIFE BIOSCIENCES PVT LTD,5
WILSON MEDICINE COMPANY,5
BHASKARA BIOTECH,5
ARISE BIO CARE PHARMA LTD,5
ZEON LIFESCINCES LIMITED,5
NAGARJUN PHARMA,5
ONESTA LIFECARE,5
MADAUS PHARMACEUTICALS,5
SALUBRES FORMULATION PVT LDT,5
PALSONS DERMA,5
YASH HERBAL INTERNATIONAL PVT LTD,5
AONE COSMETICS PRODUCT,5
R K PHARMA,5
VINTAS PHARMACEUTICALS PVT LTD,5
MEXATO,5
LAXIAN PHARMACEUTICALS PVT LTD,5
ERIS HEALTHCARE PVT LTD,5
VANMED PHARMACEUTICALS,5
NATURALIS,5
SAVIOR LIFESCIENCES,5
VEENA INC,5
CURIOUS BIOTECH,5
JEMON PHARMACEUTICALS,5
SASSO,5
OSREN HEALTHCARE PVT LTD,5
GAMA MEDIWAVE PRIVATE LLIMITED,5
LAPIEL BIOTECH PVT LTD,5
SVI HEALTHCARE PVT LTD,5
HERBAL SPECIALITIES,5
TELIC PHARMA,5
SAILLON PHARMA,5
DAFFOWORTH PHARMACEUTICALS PVT LTD,5
UNIMARK REMEDIES LTD,5
GELUK PHARMA PVT LTD,5
RAPID LIFE DRUGS AND HEALTHCARE,5
SUNAXA PHARMA,5
SCIENZA HEALTHCARE PVT LTD,5
EUROMED,5
HOT GMBH,5
METAMORF LIFESCIENCES,5
PRIME LIFE SCIENCES,5
AZZURRA PHARAMACONUTRITION PVT LTD,5
REANTIS PHARMACEUTICALS,5
RESEARCH MEDICINES,5
CONTACARE OPHTHALMICS & DIAGNOSTICS,5
ZYDUS OSTIVIA,5
ADLIB BIOLOGICAL,5
SAPCO LABORATORIES PVT LTD,5
CURETOOL PHARMACEUTICALS,5
ROSETTE AEON LIFE CARE,5
DHANVANTARI MEDICINE & EQUIPMENTS PVT LTD,5
ELANCE HEALTH CARE,5
ASTLEY LIFESCIENCES PVT LTD,5
CALCUTTA CHEMICAL,5
NEO VISION HEALTHCARE,5
SEASHELL LAB PVT LTD,5
ASTECH PHARMA,5
GENESIA PHARMACEUTICALS PVT LTD,5
ECOGEN,5
BIOPHOENIX HEALTH CARE,5
BIO ETHICALS PHARMA LTD,5
NICHOLAS PIRAMAL INDIA LTD,5
ENRICH HEALTH CARE,5
EUMED HEALTHCARE,5
UDIK PHARMACEUTICALS,5
CRESCENT PHARMACEUTICALS,5
INGRAM BIOSCIENCES PRIVATE LIMITED,5
MEDTECH LIFE PVT LTD,5
WIN MEDICARE PRIVATE LIMITED,5
BLUBELL PHARMA PVT LTD,5
OBERLIN HEALTHCARE PVT LTD,5
KRISO PHARMA,5
PACIFIC BIOENGINEERING PVT LTD,5
FLARING,5
AYURVRUDHI HERBAL PRODUCT,5
PATANJALI AYURVEDA LTD,5
ALCURE PHARMACEUTICALS LAB,5
SANTOOR,5
ANMOL HEALTHCARE,5
NEW LIFE LABORATORIES PVT LTD,5
MACRO LABS PRIVATE LIMITED,5
HERBS DE OLIVIA,5
ABBOTT HEALTHCARE PRIVATE LIMITED,5
VAIDYA PATANKAR PHARMACY,5
SOMATICO LAB PVT LTD,5
JYOTHI LAB,5
CAMLIN LTD,5
KUNNATH PHARMACEUTICA,5
NATICON NURTURING LIFE,5
MAXIMAA PROYURVEDA,5
PRISM LIFE SCIENCES LTD,5
PHARMACON GIGNOS,5
KESAR,5
JIWADAYA NETRAPRABHA KARYALAYA,5
ENDOLABS,5
ULTRA DRUGS PVT LTD,5
AXODIN PHARMACEUTICAL PRIVATE LIMITED,5
GENIAL MEDICAMENTS,5
DURGA PHARMACEUTICALS PVT,5
ARIHANT PHARMA PVT LTD,5
MAGBRO HEALTHCARE PVT LTD,5
AMEYA PHARMACEUTICALS,5
ICON DRUGS PVT LTD,5
ZEDAWAN FORMULATIONS,5
PHARMA PLANET INDIA,5
INFOMED PHARMA,5
DEVTRIS PHARMACIA,5
ADHYA PHARMACEUTICALS PVT LTD,5
HERBATOL PLUS,5
NEXICON PHARMACEUTICALS,5
KURIT PHARMA PVT LTD,5
ALENCURE BIOTECH PVT LTD,5
CROIRE HEALTHCARE,5
SPINE HEALTHCARE PVT LTD,5
HEALTHVIT,5
AMCOR PHARMA (P) LTD,5
VISION MEDLINK,5
PRIMUS PHARMA,5
ASVINS LIFECARE,5
CYRIL PHARMACEUTICALS,5
LOUIES LIFE SCIENCES,5
ABSEIL PHARMACETICALS PVT LTD,5
UNISTAR BIOTECH LIMITED,5
EASTERN AGENCIES HEALTHCARE PVT LTD,5
ATISHYA BIOTECH,5
PRABATH COMPANY,5
GENBLUE PHARMA PVT LTD,5
GALENCIA HEALTHCARE PVT LTD,5
BASIL PHARMA,5
SAMBRIK MEDISCIENCES PVT LTD,5
OPTIDERMA SKIN CARE LLP,5
BRAVEHEART HEALTHCARE PVT LTD,5
NIPRO INDIACORP PVT.LTD,5
TICOMA PHARMACIA,5
SKARS HEALTH CARE PVT LTD,5
NUWILL BIOTECH,5
LIFA HEALTHCARE,5
BRIGADE PHARMA,5
ARDENT LIFESCIENCES PVT LTD,5
SYNTHERGEN THERAPEDTICS PVT LTD,5
LENSKART SOLUTIONS PRIVATE LIMITED,5
HOECHST MARION ROUSSEL LTD,5
AZCAD PHARMA,5
MERLION LIFE SCIENCE,5
NUTRAGENIX HEALTHCARE PRIVATE LIMITED,5
ERIKSON PHARMA,5
SBS LIFE SCIENCES PVT LTD,5
DSS PHARMA,5
XENA CORONUS HEALTH CARE PRIVATE LIMITED,5
MESCO LAB LTD,5
MEDWOCK PHARMACEUTICALS PRIVATE LIMITED,5
ASSOCIATED BIOTECH,5
HELPLAB HEALTHCARE PVT LTD,5
ZYSTUS NUTRACEUTICALS PVT LTD,5
CGN LIFESCIENCES PRIVATE LIMITED,5
HEALTH N U THERAPEUTICS PVT LTD,5
CRESTIGE LIFE CARE,5
KABIR LIFESCIENCES & RESEARCH PVT LTD,5
AKS LIFE GLOBAL PVT LTD,5
EUTHERVA PHARMA,5
GLOBEX HEALTHCARE,5
MAXELL PHARMA PVT LTD,5
PRIDE PHARMA,5
TOTEM BIOTECH,5
DOLPHAR PVT LTD,5
GREYLAND PHARMA PVT LTD,5
SPARK HEALTHCARE PVT LTD,5
PRO BIOS HEALTHCARE,5
CHIRON PHARMA,5
GOODRICH LABORATORIES,5
JENOME BIOPHAR PRIVATE LIMITED,5
DEVBHOOMI PHARMACEUTICALS,5
ZIRCON PHARMACEUTICALS,5
MEDICRON LIFESCIENCES PVT LTD,5
LYCEUM LIFE SCIENCES PRIVATE LIMITED,5
VITAL CARE PVT LTD,5
YOGI AYURVEDIC PRODUCTS,5
VARTRIX BIOSCIENCES,5
AVILLION BIOGENICS,5
ZOETIC AYURVEDICS PVT.LTD,5
RUSAN PHARMA LTD,5
AINGO PHARMA PRIVATE LIMITED,5
PURE HEALTH,5
BANGLORE PHARMA,5
GETRON PHARMA,5
TRI- TRI PHARMA,5
AMEZIA PHARMA,5
BEATS PHARMACEUTICALS,5
BIOWELL PHARMA,5
COLOSIEM HEALTHCARE PVT LTD,5
AARTHA PHARMA,5
HRI HEALTHCARE PRIVATE LIMITED,5
SUMAC PHARMA PVT LTD,5
BIONEXT PHARMA PVT LTD,5
CUREWIN HYLICO PHARMA PVT LTD,5
PHARMA CONCEPTS,5
SYSTEMIC HEALTHCARE PVT LTD,5
TITAN HEALTHCARE PVT LTD,5
JAKSON LABORATORIES PVT. LTD.,5
VYONICS HEALTH CARE PVT LTD,5
YASH REMEDIES,5
BIOGUARD ORGANICS LTD.,5
AIRMESH AYURVEDIC,5
OSTER REMEDIES,5
MIGLIORE LIFE SCIENCES,5
MAGNOVIA PHARMACEUTICAL PVT LTD,5
AILERON LIFESCIENCE,5
OLYCARE LIFE SCIENCES,5
LEXUS PHARMACEUTICALS,5
MEDITOUCH WELLNESS,5
HEALTHY INDIA PHARMACEUTICALS,5
APELLON BIOTECH PRIVATE LIMITED,5
SAIFEE PHARMA,5
AURIO PHARMA LABORATORIES,5
BIOVEL LIFE SCIENCES,5
LAVANYA BIOTECH,5
GENETIAC PHARMA,5
HOUSEHOLD PHARMACEUTICALS LTD,5
PUREMED BIOTECH,5
RAHAT INDUSTRIES,5
SYKOCURE LIFESCIENCES,5
DRAKT INTERNATIONAL,5
DERMA CONCEPTS,5
ALLEN HEALTH CARE,5
KPH COSMOS PVT LTD,5
CELSIUS HEALTHCARE PVT LTD,5
INNOTHERA LABORATORIES,5
BIOCURA LIFE SCIENCES PVT LTD,5
ADINATH MANUTRADE,5
COSTA RICH PHARMACEUTICALS,5
THEMIS PHARMACEUTICAL LTD,5
STRIVOS PHARMA,5
UNIBIOTECH FORMULATIONS,5
HP PHARMACEUTICALS,5
GENEZEN HEALTHCARE,5
DAVIS MORGAN LABS,5
MARS AND MOON HEALTH CARE,5
LAXIAN INCORPORATION,5
JAY ELL HEALTHCARE PRIVATE LIMITED,5
CENTERCON PHARMA,5
EYERIS VISION CARE,5
MAXNOVA HEALTHCARE,5
TEKNOVATIONS LIFE SCIENCE,5
MEDICAMEN BIOTECH,5
UROSTARK PVT LTD,5
SYCON HEALTHCARE PRIVATE LIMITED,5
SGS PHARMACEUTICALS PVT LTD,5
GENOZED FORMULATIONS,5
ESSARR,5
MITISHA PHARMA,5
CALDERN PHARMACEUTICALS LTD,5
APPLE PHARMA,5
SATYAM LIFESCIENCES,5
WIZAD BIOTECH PVT LTD,5
MEDMEX HEALTH CARE,5
M FRANK,5
MEDWISE PHARMACEUTICALS,5
ULTRAMARK HEALTHCARE PVT LTD,5
MEDLEY PHARMACEUTICALS LTD,5
VESTIGE MARKETING PRIVATE LIMITED,5
LEVIN HEALTHCARE,5
PARKER ROBINSON PRIVATE LIMITED,5
POLLEN HEALTHCARE PVT LTD,5
ATHIKO LIFESCIENCES,5
MAHIDA AND SONS,5
CORTINA LABORATORIES PVT.LTD,5
UNIVED PHARMA,5
PRAGUR HEALTHSCIENCES PVT LTD,5
DABUR LAL,5
VEE EXCEL,5
VAKS PHARMA PRIVATE LIMITED,5
EVERYCOM ELECTRONICS,5
USP MEDICRAFT,5
HAHNEMANN SCIENTIFIC LAB,5
REEHAAHERBAL MARKETING,5
PITAMBARI PRODUCTS PVT LTD,5
SCOSHIA REMEDY INC,5
SOLANS,5
JONSA,5
LIPTON,5
BALAJI TAMBE,5
HEAL UP,5
ENGAGE,5
WAI,5
TIGER,5
VEET,5
INDOLANDS PHARMA PVT LTD,4
MEDDICONFORT,4
NECESSITEA,4
AURIGA INTERNATIONAL,4
ADVENTURE PHARMA,4
BHAWSAR CHEMICALS PVT LTD,4
BIO BEST HEALTHCARE PVT LTD,4
CUTINOVA HEALTHCARE,4
SHALAKS HEALTHCARE,4
IMPACT METALS LTD,4
PROVIMI ANIMAL NUTRITION INDIA,4
CRAZA LIFESCIENCES PVT LTD,4
CROSS Q DERMA,4
BIOFORD REMEDIES PRIVATE LIMITED,4
SENORITA SPAIN,4
VIJYA FOOD,4
INDULEKHA,4
MEDICIAL & SURGICAL SOLUTIONS,4
RAYMOND PHARMACEUTICALS P.LTD,4
WELSTAR PVT LTD,4
ALLIANCE INDIA,4
COOL&COOL INT`L LTD UK,4
4 SENSES,4
BURNET PHARMACEUTICALS P. LTD,4
SPECIA REMEDIES INDIA PVT LTD,4
DELON LIFE SCIENCE LLP,4
MYRACLE VENTURES,4
ERICURE REMEDIES PRIVATE LIMITED,4
DROOLS ABSOLUTE,4
LOWKAL HEALTHCARE PRIVATE LIMITED,4
J & J,4
SARAN BIOTECH,4
HEXTAR PHARMACEUTICALS PVT LTD,4
AUSTRALIAN FOODS INDIA PVT LTD,4
VIBSUN,4
MARICO LTDGANESHA PERSONAL CARE PVT LTD,4
DALBERT HEALTHCARE PVT LTD,4
ZOIC HEALTHCARE,4
ZHENPI LIFE SCINCE,4
SANDPUPPY,4
NEW SEARCH LIFE SCIENCES PVT LTD,4
JLS PHARMA PVT LTD,4
ZYDUS,4
UNIVICTOR,4
DELISTED,4
CHRISTY FOODS,4
SPACE LIFE SCIENCE,4
ADVEN NATURALS,4
NURECA LTD,4
RENNEX MEDICAL,4
CRESCENZIA TRADETECH PRIVATE LIMITED,4
TITANIUM TECHNOLOGIES PVT. LTD.,4
PERPETUAL PHARMACEUTICALS,4
CYTOZ PHARMA,4
ORGANIC RIOT,4
NOREVA LABORATOIRES,4
SHAPRA TRADING PVT LTD,4
NEON NATURALS,4
EASTERN MEDIKIT,4
NAVNIDHI LIFE SCIENCE PVT LTD,4
WEALTH CARE PHARMA,4
VEERHEALTH CARE LTD,4
J K PHARMACEUTICALS,4
UNJHA PHARMACY,4
GUANGDONG YICHAO BIOLOGICAL CO. LTD.,4
CLEAN CARE,4
ALGEN REMEDIES PVT LTD,4
LUMINUS GROUP,4
SHETASTIC PRIVATE LIMITED,4
BLISS LIFE SCIENCES,4
PRISTOWAVE TRADERS,4
MARICO LTD; C/O SARVOTHAM CARE LTD,4
ZEUSON MEDICINES PVT LTD,4
RAMSON INDUSTRIES/MYMY VENTURES,4
VJOLEN PHARMACEUTICALS,4
ASTRAL NUTRITIONS,4
CURE & CARE BIOTEC PVT LTD,4
CONIAK LIFESCIENCES,4
BLUE STAR MEDICAL COMPANY PVT LTD,4
ITC LTD,4
VIVEZ LIFESCIENCE,4
KITTOS,4
ULTIMATE NUTRITION INC,4
ATLANTIC PHARMACEUTICALS,4
OASIS REMEDIES,4
UNIMAX MEDICARE,4
SKIN DOCTOR LONDON PVT LTD,4
GENMED LIFESCIENCES,4
INNOVISION PLUS PVT LTD,4
INVENTZ LIFESCIENCES PVT LTD,4
RAGHUNATH VENTURE,4
GORGEOUS PHARMA PVT LTD,4
ARCAS BIOLABS,4
PURE DRUGS & LIFES SCIENCES,4
AS LIFESCIENCES,4
AADAR HERBALS,4
BIOMICS INDIA,4
MAS LIFE SCIENCE,4
SPHERE PHARMACEUTICALS PVT LTD,4
MAXMIN PHARMA,4
PROLAB,4
CALISTTA HEALTHCARE,4
KANAM LATEX INDUSTRIES PRIVATE LIMITED,4
GNC,4
ANEVAY PHARMACEUTICALS PVT LTD,4
MANSI HERBAL PHARMA,4
BIOFIT,4
VEE MEDI BIOTECH,4
UPS (PONDICHERRY),4
AQUA PARENTRAL,4
XENO LIFE SCIENCE PVT LTD,4
NUTRUS,4
MODERN LABORATORIES,4
INFUTEC HEALTHCARE LTD.,4
UNIPEX PHARMACEUTICALS PVT LTD,4
AANAV HEALTHCARE,4
CAREMED PHARMA,4
ZYCUS HEALTHCARE,4
ANCHOR MEDICARE PRIVATE LIMITED,4
HAMAX PHARMACEUTICALS,4
BIOGEN FORMULATION PVT LTD,4
DELTAS PHARMA,4
APIKOS PHARMA,4
SUSHRUTA PHARMA,4
TSAR HEALTH PVT LTD,4
REJUVA HEALTHCARE,4
VITAL NEUTRACEUTICALS PVT LTD,4
DR EDWIN LAB,4
CALIGEN LABS PVT LTD,4
MAXRELIEF HEALTH CARE,4
MALACHITE GOLD LABORATORIES PVT LTD,4
GILLATE,4
COLAGTE,4
GOLIFE,4
BRANDOZ PHARMACEUTICALS,4
MEDVIHAS HEALTHCARE,4
JUPIVEN PHARMACEUTICALS PVT LTD,4
NEXT LIFESCIENCES,4
JEEN LIFESCIENCES PVT LTD,4
SHREE PARAS TRADERS,4
J & J DECHANE LABORATORIES PVT LTD,4
BIOTRON PHARMA,4
ALERE MEDICAL PVT LTD,4
EASY CARE,4
V R HEALTHCARE,4
MEDLOCK HEALTHCARE,4
DD NUTRITIONS INDIA,4
NUVOMAX NUTRITIONALS PRIVATE LIMITED,4
RAJ DISTRIBUTOR,4
SURECURE REMEDIES (P) LTD,4
RAAPSON PHARMACEUTICALS,4
BHARGAVA PHYTOLAB PVT LTD,4
ANANDALAKSHMI TEXTILES,4
NESTLE NANGROW NUTRITIOUS MILK DRINK FOR GROWING CHILDREN - CREAMY VANILLA (FROM 2 TO 5 YEARS) - 400GM,4
ALLAN HEALTHCARE,4
NUCLEUS LIFE SCIENCES,4
ZANON LIFESCIENCES,4
KARSY HEALTH CARE PVT LTD,4
ATOPIC DERMOCARE,4
SANO CITO THERAPEUTICS INC,4
GOLDEE FOOD TECHNOLOGIES PVT. LTD.,4
SAMI DIRECT MARKETING PVT LTD,4
REGIUM PHARMACEUTICALS OPC PVT LTD,4
ORGANIX SOUTH,4
DIAMOND DRUGS,4
PINQ,4
PHILIPS RESPIRONICS,4
RENOVISION EXPORTS PVT LTD,4
REMEZY LIFE SCIENCES,4
SARTHI PHARMACEUTICALS PVT LTD,4
PRIME MEDITEK,4
HIRAN AGROCEUTICALS,4
LIFE LINE PHARMA,4
DERMA NEXT,4
VISHWAROOPA (INFOOD NUTRICARE,4
BINDUMADHAV PHARMA,4
BEURER GMBH,4
FORCE INDIA PHARMA,4
DR KUMARS PHARMACEUTICALS,4
DR JRK S SIDHA RES & PHARMA,4
NUTREX LIFE SCIENCES INC,4
INDIAN NATIONAL DRUG CORPORATION PRIVATE LIMITED,4
DERMATOLOGIC COSMETIC LABORATORIES,4
GUJRAT CO-OPERATIVE MILK MARKETING FEDARATION LTD,4
SK INDUSTRIES,4
BESTOCHEM FORMULATIONS,4
MAX NODAZ LIFE SCIENCES,4
REVIVE FORMULATION INDIA PVT LTD,4
ACE LABORATORIES LTD,4
REVLON,4
AYUSYA NATURALS LLP,4
ULTRA BIOTECH FORMULATIONS,4
CROWN PHARMACEUTICALS (I) LTD,4
NUTHATCH NUTRICARE P LTD,4
KLM PHARMACEUTICALS,4
FOLTENE LABORATORIES S.R.I,4
HELEN PHARMACEUTICALS,4
LAVITH PHARMA PRIVATE LIMITED,4
MASABA HEALTHSERIES,4
HEALTHAID LTD,4
PLENUM BIOTECH,4
OREVA DERMACARE,4
PRECISION PHARMACEUTICALS PVT LTD,4
MAMA,4
SHREE,4
AMAN HEALTH CARE,4
C&C LABORATORIES,4
UNIVERSAL IMPEX,4
WELL HEALTH PHARMA,4
B JAIN PHARMACEUTICALS PVT LTD,4
SPIRITUAL LIFE SCIENCE PVT LTD,4
NAGARJUNA AYURVEDIC CENTRE,4
KASEN PHARMA,4
ALLAN BIOTECH,4
DHAMUS PHARMA,4
CONDOR BIOTECH LIMITED,4
NOVELTY PHARMA GDD SA,4
MARK (I) PHARMA,4
WEBCON LABS PVT LTD,4
AAPTHI PHARMA,4
ZESTICA PHARMA,4
E.S.PATANWALA,4
CLEMENTIA PHARMACEUTICALS PVT LTD,4
AMAZE HEALTHCARE PVT LTD,4
MILITH PHARMA,4
GOODLUCK AYURVEDA,4
WELLIX HEALTHCARE PVT LTD,4
SITNEZ BIOCARE PVT LTD,4
SPECTRUM PHARMACUTICAL,4
KIRAN PHARMACEUTICALS,4
DR. SURIS LIFE SCIENCES PRIVATE LIMITED,4
MEDIWON RESEARCH & HEALTHCARE CORP,4
MEGA BIOSCIENCES,4
SAVAVET,4
SUNNY DRUG&PHARMA,4
JM HEALTHCARE PVT LTD,4
RAVI HEALTHCARE,4
NAVCURE,4
HIBISCUS PHARMACEUTICALS PVT LTD,4
HORIZON BIOCEUTICALS PRIVATE LIMITED,4
TRIDOSS LABORATORIES PRIVATE LIMITED,4
GRIFOLS ASIA PACIFIC PTE LTD,4
ALCON LABORATORIES PVT LTD,4
WALNUT CORPORATION,4
SKAN RESEARCH LAB PVT LTD,4
ALOBIOTE,4
RAKESH PHARMACEUTICALS,4
GMS BIOMAX HEALTHCARE,4
SANSILL FORMULATIONS,4
GYNOFEM HEALTHCARE PVT LTD,4
SALVEO LIFE SCIENCES LIMITED,4
UNIMED TECHNOLOGIES PVT LTD.,4
DELAUREATE HEALTH CARE PVT LTD,4
IMPEGNO PHARMA PRIVATE LIMITED,4
LABORATOIRES GRIFFON PRIVATE LIMITED,4
SUPRAN HEALTHCARE,4
SPECTRUM BIOCHEM PVT LTD,4
GEM PHARMACEUTICALS PVT LTD,4
GINNI FILAMENT,4
YAXON BIOCARE PVT LTD,4
AROVEA LIFE SCIENCES,4
EXEMED PHARMACEUTICALS,4
AJAY SURGICALS CO.,4
REDDY PHARMACEUTICALS,4
MEDIAL PHARMA LTD,4
ALESTER PHARMA,4
REDMAX PHARMA,4
GROMAX HEALTHCARE PVT LIMITED,4
SKG INERNATIONALS,4
NSK HEALTHCARE PVT LTD,4
ZENN BIOTECH,4
CRIMSON LAB PVT LTD,4
KEEN PHARAMCEUTICALS,4
MAX LIFE SCIENCES,4
SAMRVIR BIOTECH PVT LTD,4
CU V KAR GENETIC MEDICINES PVT LTD,4
BIOCORE PHARMACEUTICALS,4
HARMAIN PHARMACEUTICALS,4
OREN LIFESCIENCES PVT LTD,4
EVEREST PHARMACEUTICALS,4
BIOMEDICA INTERNATIONAL,4
NOVO NORDISK PHARMA INDIA LTD,4
SIA LIFE SCIENCES,4
FILANT INDIA HEALTHCARE,4
QUASAR LABS PVT LTD,4
ASSURE PHARMA,4
VIBRANT LIFESCIENCES,4
AUSTRAZEN BIO PHARMACEUTICALS PVT LTD,4
XENON PHARMA PRIVATE LTD,4
VIBCARE PHARMA PVT LIMITED,4
ELICAD PHARMACEUTICALS PVT LTD,4
PANM BIOTECH PVT LTD,4
MIDAS BIOTEK PVT LTD,4
ASIATIC PHARMA,4
TRIMURTHI DRUGS & PHARMACEUTICALS LTD,4
NAVNIDHI LIFE SCIENCE PVT.LTD,4
HEMP GLOBAL PVT LTD,4
JAWA LABORATORIES,4
HY TECH PHARMA,4
INOVIS HEALTHCARE PVT LTD,4
ASTRICA BIOMEDICS PVT LTD,4
CURIS LIFECARE,4
MANITH HEALTHCARE PVT LTD,4
PROVENTIS PHARMACEUTICALS P LT,4
HEYDAY CARE LLP,4
NIMBUS MEDICARE PVT LTD,4
HEAL CRAFT PHARMACEUTICALS,4
SECURE LIFE SCIENCES PVT LTD,4
SYSKA HEALTHCARE,4
ONE STOP PHARMA SERVICES,4
PHARMACOPIUS DRUGS PVT LTD,4
MEDINEX PHARMA,4
KAVYA HEALTHCARE,4
ACCENT PHARMA,4
SANTEN INDIA PVT LTD,4
ESPERER ONCO NUTRITION PVT LTD,4
BERBRICK HEALTHCARE PRIVATE LIMITED,4
NOW,4
PLANET HERBS LIFESCIENCES PVT LTD,4
SHERVOTEC PHARMACEUTICALS,4
VIENTO HEALTHCARE,4
INDUS PHARMA PVT LTD,4
PDPL,4
SAMS PHARMA,4
BIOSURE HEALTH CARE,4
DOSCHEMEN PHARMACEUTICALS,4
TANVI HERBALS,4
MOFON DRUGS,4
SARCOMA REMEDIES PVT LTD,4
FLUENSE PHARMACEUTICALS,4
ANGEL BIOTECH,4
WINSUN LABORATORIES,4
ALLYSIA LIFESCIENCES PVT LTD,4
LE VANZA PHARMA PVT LTD,4
WARNER HINDUSTAN LIMITED,4
WONDER PLUS MEDICARE PVT.LTD,4
TRISTAR PHARMACEUTICALS,4
MEDLIFE FORMULATIONS PVT LTD,4
COMMONWEALTH LABORATORIES (INDIA) PVT LTD,4
DOMAIN HEALTHCARE,4
RIKI THERAPEUTICS,4
YSP INDUSTRIES,4
NEWGEN PHARMA PVT LTD,4
ISCON LIFESCIENCE,4
ZEEZ PHARMACEUTICALS PVT LTD,4
ACCURA CARE PHARMACEUTICAL PVT LTD,4
COSMOS LIMITED,4
NEO VEDIC DRUG PHARMA,4
BACHXEN PHARMACEUTICALS PRIVATE LIMITED,4
GLORY HEALTH CARE,4
SHRINE PHARMACEUTICALS PRIVATE LIMITED,4
HIMALAYA CHEMICAL LABORATORIES,4
ORNICON HEALTHCARE,4
NECLIFE,4
KRAYON LIFESCIENCES,4
COSMODERM SOLUTIONS,4
EDWARDS,4
ERICSUN LIFESCIENCES PVT LTD,4
AMBASSADOR PHARMACEUTICALS,4
BRISKINN SOLUTIONS,4
COCOCOLA,4
METRIX HEALTHCARE PRIVATE LIMITED,4
HIMEROS PHARMA,4
VIVIANO,4
COCONUT HCL,4
POLY MEDICURE LTD,4
GREENBRREW,4
SAHAJANAND LIFE SCIENCES PVT LTD,4
MAXQURE LABS,4
GENEES PHARMACEUTICALS PVT LTD,4
SHERWYN PHARMA,4
MEDIPOL PHARMACEUTICALS INDIA PVT LTD,4
GURMAIL BROTHERS,4
ANITEK LIFESCIENCES,4
MIRTH PHARMACEUTICALS,4
SEHAT PHARMA,4
ITC INDIA LIMITED,4
ASTRIA BIOTECH,4
MAXX FARMACIS,4
SHERINGS AUSTMARK,4
CU CARD HEALTHCARE,4
SCORSIS LABORATORIES,4
SANGROSE LABORATORIES,4
KAVIT SOAP INDUSTRIES,4
KANHA BIOGENETIC,4
RONAM HEALTHCARE PVT LTD,4
INDO PACIFIC LIFE SCIENCES,4
YOURS MEDICARE PVT LTD,4
SAMRIDHI PHARMACARE PRIVATE LIMITED,4
GREENWELL HEALTHCARE,4
CASCADE INDIA PHARMACEUTICALS,4
ROSE PHARMACEUTICALS,4
MECH PHARMACEUTICALS,4
IYNX LIFESCIENCES PVT.LTD,4
KENDALL HEALTHCARE PVT LTD,4
MADBRIS LIFE SCIENCES PVT LTD,4
CLYDE BIOTECH (P) LTD,4
MEDINZA BIOTECH,4
TRIPADA LIFECARE PRIVATE LIMITED,4
CITIZEN REMEDIES,4
AGNES LIFE SCIENCES,4
PREVEGO HEALTHCARE & RESEARCH PRIVATE LIMITED,4
PARIJAT LIFESCIENCES PVT LTD,4
JV HEALTHCARE,4
VEECUBE HEALTHCARE PVT LTD,4
CIMERA SKIN CARE,4
SUPRABHA PHARMA,4
STANFORD ORGANICS PRIVATE LIMITED,4
STEENBRASS PHARMACEUTICALS PRIVATE LIMITED,4
VELNEX LIFE SCIENCES,4
UNICURE PHARMA,4
MEGA LIFESCIENCES PVT LTD,4
TABSULE PHARMACEUTICALS,4
ASTORION PHARMA,4
LEALIFE SCIENCES PRIVATE LIMITED,4
MATTOX HEALTHCARE PRIVATE LIMITED,4
LOUIS MATRIX GMBH,4
VETOQUINOL INDIA,4
HI TEC PHARMACEUTICALS PVT LTD,4
UNIVERSAL HEALTH SCIENCES,4
XYLO LIFESCIENCES,4
ISIKA PHARMA INC,4
GALLBERRY LIFE SCIENCE PRIVATE LIMITED,4
AMPHO HEALTHCARE,4
GRAMPUS LABORATORIES,4
BIONYX PHARMA,4
PYRAMID PHARMA,4
AYURVED SUMSHODHANALAYA PVT LTD,4
OLENS HEALTHCARE,4
MAGPIE LABS PRIVATE LIMITED,4
LIFEMAX CANCER LABORATORIES,4
GLENWOOD LAB,4
AZCAD PHARMACEUTICALS PVT LTD,4
FAVEO PHARMA,4
BIOGETICA EQUISALUDS.L.U.,4
MACWAY BIOTECH PVT LTD,4
EMCO BIOTECH,4
ANAND HEALTHCARE LTD,4
BIOLOGICS INC,4
SURVIN PHARMACEUTICALS,4
LEE PHARMA LTD,4
LIFE MEDICARE & BIOTECH PVT LTD.,4
SHRI SAI BALA JI PHARMATECH PVT LTD,4
ELI PHARMACEUTICALS,4
LAKSHYA LIFE SCIENCES,4
MEDICARE HYGIENE LIMITED,4
COROGUARD,4
SEVEN SEAS LTD,4
OXYGEN REMEDIES PVT LTD,4
INVENTIA HEALTHCARE PVT LTD,4
LYSOFORM RUSHAIL PHARMADIN,4
SHAUNON REMEDIES,4
ADVEN BIOTECH PVT LTD,4
SANDOZ GENERICS,4
UNICON PHARMA,4
MERITOR PHARMACEUTICA PVT LTD,4
ZENVISTA MEDITECH PVT. LTD.,4
ZODIACAL PHARMACEUTICS PVT LTD,4
B-TEX OINTMENT MFG CO. NAVSARI,4
CUBIC LIFE SCIENCES PVT LTD,4
LYZA LABORATORIES INDIA PVT LTD,4
MERIT ORGANICS LTD,4
CHS FORMULATIONS,4
UNI PEX,4
BOSNER LIFESCIENCES PVT LTD,4
ZURINOVO HEALTHCARE PRIVATE LIMITED,4
CANVAS LIFE SCIENCES,4
MNW LIFE SCIENCES,4
BIOVED LIFE SCIENCE,4
ABEER PHARMACEUTICALS,4
HINDUSTAN MEDICARE,4
PRESCRIPTO LIFE SCIENCE,4
NASCENT LIFESCIENCE PVT. LTD.,4
CARE ORGANICS LTD,4
ZIFAM PINNACLE PVT LTD,4
BECK & KOLL,4
JIBOK PHARMA,4
AZUR HEALTHCARE,4
MEDITREX PHARMA,4
LEBEN LIFE SCIENCES,4
ROSSWELT LIFESCIENCE,4
AGASTYA RESEARCH,4
WINLYN PHARMACEUTICALS,4
MORPHIL LIFE SCIENCES PVT LTD,4
KRISHGIR PHARMA,4
MEDISURGE HEALTHA CARE,4
ANSTER PHARMACEUTICALS,4
AKCENT HEALTHCARE,4
CORPORSANO MEDIAID PHARMA PVT LTD,4
BIOACE PHARMACEUTICALS,4
KEVIN PHARMA,4
BIO JOHN HEALTH CARE PVT LTD,4
ADESAN PHARMA,4
BENMED PHARMACEUTICALS,4
AXIOMMAX ONCOLOGY PVT LTD,4
HFA PHARMA ETHICS PRIVATE LIMITED,4
SANTO MEDI SCIENCES PVT LTD,4
ANITEK LIFECARE,4
TRUWIN MED PRIVATE LIMITED,4
BIOSMITH LABORATORIES,4
NANOTEK REMEDIES,4
NEXUS BIOTECH,4
MEDIZEN LABS PVT. LTD. (JOINT EXPERTS),4
SYCARDIAN DRUGS & PHARMA,4
ESHAN PHARMACEUTICALS PVT LTD,4
DIVYA AYURVEDIC,4
NOVAE HEALTHCARE PVT LTD,4
GRIPIL PHARMACEUTICAL PVT LTD,4
ANN PHARMA,4
AAVHANZR PHARMA,4
XEMEX MEDIC SCIENCES,4
PROTON REMEDIES PRIVATE LIMITED,4
MAMA EART,4
DAXIA HEALTHCARE,4
ALLIANCE OVERSEAS,4
SKYMAX LIFESCIENCES PVT LTD,4
SYNERGY VACCINE LLP,4
SHIV INDUSTRIES,4
VOSTOK & WILCURE REMEDIES,4
INDIAN PHARMA,4
ADLER MADAUS GERMANY,4
EASTERN DRUG,4
BONNE SANTE THERAPEUTICS INDIA LTD,4
TRYBIRD HEALTHCARE,4
REIGN FORMULATIONS,4
GREEN MILK CONCEPTS,4
UNIX HEALTHCARE,4
SIRIS LABORATORIES,4
REAL HEALTHCARE,4
MACLORENTIS,4
CHERRYMED PHARMACEUTICALS PRIVATE LIMITED,4
MONJI VISHRAM AND CO,4
ADD LIFE PHARMA LTD,4
AXENIC HEALTH,4
SMAYAN HEALTHCARE PVT LTD,4
EVERYUTH,4
M.U. AMRELIA,4
GSK,4
ASTER PHARMACEUTICALS,4
DR BATRAS POSITIVE HEALTH PRODUCTS LTD,4
LAKSSHA PHARMACEUTICALS,4
NATURE HEALTH CARE,4
ROLLYS PHARMA,4
ALICE HEALTHCARE PVT LTD,4
JESTMADHU,4
UNIVERSAL GENERICS,4
SAPAT & CO,4
STIKO PLAST,4
CHERRY,4
JIDEN,4
KARKHANA ZINDA TILISMATH,4
GOGO,4
MG5,4
NOORANI,4
PLIX,4
SAPAT GROUP,4
SPINZ,4
MAXTRY COSMOS,3
ENDO LABORATORIES LIMITED,3
BIOLEYS CARE LTD,3
KALASH PHARMACHEM PRIVATE LIMITED,3
IASIA LLP,3
ETHIDRUG RESEARCH LAB PVT,3
SPB PHARMA,3
HEMSTECH PHARMACEUTICALS LLP,3
BAXIUM HEALTH SCIENCE,3
IMIS PHARMACEUTICAL,3
FORMOSUS REMEDIES,3
LIFESCAN EUROPE GMBH,3
BRINTON HEALTHCARE LIMITED,3
OMNICEUTICS,3
AYURLAB PHARMACEUTICALS,3
SPEY MEDICAL,3
NOVIQUE LIFESCIENCES,3
ZYCURE HEALTHCARE PVT LTD,3
VELITE INDIA,3
EVIZA BIOTECH PVT LTD,3
CHETAK POLYMERS,3
MEDVIK PHARMACEUTICALS PRIVATE LIMITED,3
GINNI FILAMENTS LTD,3
PETZONE,3
PEEBUDDY,3
NEUTRAWELL HEALTHCARE PRIVATE LIMITED,3
ZENITH CORPORATION,3
SREEDHAREEYAM,3
NAWOR INCEPT,3
AUTHENTIC BIOTECH,3
VEDSONS INDUSTRIES ( INDIA),3
BLINKNET HEALTH CARE PVT LTD,3
SYENERGY ENVIRONICS LIMITED,3
RUFFLES PHARMA PVT LTD,3
SIDDHAYU,3
AMARA FOOD & WELLNESS PRIVATE LIMITED,3
AMSTER LABS,3
MEDIMASK,3
AERO PHARMA,3
TRYNITY FRUCTA LTD,3
RATAN AYURVEDIC SANSTHAN LTD,3
AVVATAR,3
ATULAYA MEDILINK,3
CENESYS CARE INDIA PVT LTD,3
TAKEDA PHARMACEUTICALS,3
BALAJI COMPANY,3
AMBIENCE BIOMEDICS,3
ZEON FORMULATION,3
NOBLE HYGIENE PVT LTD,3
NUTRICORE BIOSCIENCE PVT LTD,3
MEDIVAXIA PHARMA,3
POLLUX BIOSCIENCES,3
AXONAV PHARMA PVT LTD,3
SABME PHARMACEUTICALS PRIVATE LIMITED,3
INDIAN BIOLOGICALS,3
AURACARE PHARMACEUTICAL PVT LTD,3
AZAH PEROSNAL CARE PRIVATE LIMITED,3
NATURE PURE BIO PRODUCTS PVT. LTD,3
DORPHYLL HEALTHCARE,3
BIOMARG,3
EZ-LIFE,3
ASHWIN PHARMA,3
AMOR GUMMIWAREN,3
KENMED REMEDIES,3
PRETTY LOVE,3
TRIVENI FORMULATIONS LIMITED,3
RAINBOW LABS,3
ATHENE LABORATORIES,3
ERICSON LABORATORIES,3
SMOTEC PHARMA,3
ANSUYA SURGICALS LTD,3
WINSTON LIFESCIENCES PVT LTD,3
ADELMO HEALTHCARE,3
MAKIN LABORATORIES PRIVATE LIMITED,3
LEZEVIA,3
HARSORIA HERBAL CARE,3
SCION PHARMA,3
SAFENT,3
PRAKRUTI PRODUCTS PVT LTD,3
BIO-BIOWELL PHARMA,3
BALAJI PHARMA,3
AGARWAL DRUGS PVT.LTD,3
AB PHARMACEUTICALS,3
EARTH CARE SOLUTIONS,3
VIE PHARMA,3
WEVOLVE CONSUMER PRIVATE LIMITED,3
SYMET DRUGS LTD,3
SOFTTOUCH,3
MED BIOLOGICALS,3
CIRUS LIFE SCIENCES PVT. LTD.,3
FABILOUS HEALTH CARE,3
ARJAN BIOTECH,3
ZORTICOS LIFESCIENCES,3
ANSELL LTD,3
MEGLIFE PHARMACEUTICALS PVT LTD,3
MAX NUTRACEUTICALS,3
GLOWEL COSMETICA,3
ALDAC NUTRACEUTICALS,3
ARUN ENTERPRISES,3
MASTROWIN LIFE LINE PVT LTD,3
DELUX,3
SAI LIFE SCIENCES,3
SINAG HEALTHCARE PRIVATE LIMITED,3
PEARS,3
PANKAJAKASTHURI HERBALS INDIA (P) LIMITED,3
V2 PHARMACEUTICALS,3
MEDICORP PHARMACEUTICALS,3
AMBRONS PHARMA,3
HELSE PHARMACEUTICALS,3
LEE ZENESIS HEALTH CARE PVT LTD,3
CAPRICORN BIOTECH,3
MEDCALIFORNIA SCIENTIFIC PVT LTD,3
SEGMENT CARE,3
GANGWAL CHEMICALS PVT.LTD,3
JESSUNS PHARMA,3
PEE SAFE,3
WHIZ LABORATORIES INDIA PVT LTD,3
DR GENE HEALTH & WELLNESS,3
SKUDS PHARMACEUTICALS,3
LUXICA PHARMA,3
NAOS BIODERMA LABORATOIRE DERMATOLOGIQUE,3
CLEVELAND PHARMACEUTICALS INDIA PRIVATE LIMITED,3
MEDZEST LIFE SCIENCES,3
C M R LIFE SCIENCES,3
ZENIX REMEDIES,3
SPECTER,3
MEDIOLL PHARMACEUTICALS,3
ZETA PHARMACEUTICALS,3
HINDUSTAN MEDICAL DEVICES INDIA,3
NAOMI LABORATORIES PRIVATE LIMITED,3
DEWPHAR ORGANICS,3
FORTUNE HEALTH CARE,3
HINDUSTAN AGENCIES,3
MADHURA PHARMACY,3
CPM MOHENA COMPANY,3
ARP PHARMA,3
CAMRUT PHARMA,3
RSR,3
REMEMBER INDIA COSMED PRODUCTS,3
JAC OLIVOL HERBAL PRODUCTS PVT LTD,3
M H JAVERIAN & SONS,3
NIRMAL AYUR LIFE PVT LTD,3
QURAX PHARMA,3
H N GIRI & SONS,3
URIAGE LABORATOIRES,3
A ONE PHARMA PVT LTD,3
GARNIA,3
ORAL B,3
COSMEWAX S A,3
FRIMLINE PRIVATE LIMITED,3
MEDIZEN ORGANICS,3
ORANGE HEALTHCARE,3
MAPS PHARMA PVT LTD,3
EXTIMUS HEALTHCARE PRIVATE LIMITED,3
OMAKAR AYURVED MANDIR,3
DR.JAINS BY PURENATURAL,3
ARWANA PHARMACEUTICALS,3
UVISUN ORGANIC PVT LTD,3
HRI HEALTHCARE PVT LTD,3
BG TELEPHONE,3
DAVIDSON'S PHARMACEUTICALS,3
NEW SHAMA LABORATORIES,3
SEAMAC FORMULATION PVT LTD,3
SOLAR HEALTH CARE PVT LTD,3
PUREGANIC HEALTHCARE,3
SPRANZA VITA PHARMACEUTICAL LLP,3
STERIDEX ANTISEPTIC PVT.LTD,3
STOE,3
ENCORE PHARMACEUTICALS INC,3
UNWIND,3
VORA PHARMACEUTICALS,3
UVB HEALTHCARE PVT LIMITED,3
GLYDEX PHARMACEUTICALS,3
GREYCELLS LIFESCIENCES PVT LTD,3
NIKSAN PHARMA,3
SNEH ENTERPRISES,3
GROWEL AGROVET PRIVATE LIMITED,3
UNEXO LABORATORIES LTD.,3
J L MORRISON INDIA LTD,3
ADESHWAR MEDITEX,3
LIFESCAN EUROPE,3
AICE HEALTH CARE,3
ARAR PHARMA RESEARCH CENTER,3
MAY VARY,3
SOLIFOM MEDICARE PVT LTD,3
MOTHER REMEDIES,3
SHARNAM BIOTECH,3
ZYNOVIA LIFECARE,3
PARKE DAVIS (INDIA) LIMITED,3
MEDILIEF BIOSCIENCE PVT LTD,3
WEST COAST PHARMACEUTICAL WORKS LTD,3
LENVIN PRODUCTS,3
UAS PHARMACEUTICALS,3
INDIAN AUCULTURE,3
PELL TECH HEALTH CARE PVT LTD,3
AVENTURA HEALTHCARE PVT LTD,3
ACON,3
PLENA REMEDIES,3
CELAGENEX RESEARCH (INDIA) PRIVATE LIMITED,3
IZNG PHARMACEUTICALS,3
AURORA NUTRACEUTICALS PVT LTD,3
BRITISH LIFE SCIENCES,3
MADHUR PHARMA AND RESEARCH LABORATORIES,3
CHOOSTIX,3
MYLIN BIOTECH INDIA (P) LTD,3
VASUNDHARA HEALTH CARE PVT LTD,3
MEDCORPUS PHARMA,3
KAIRALI AYURVEDIC PRODUCTS PVT LTD,3
CUREAIM PHARMACUTICALS,3
NANO TECHNOLOGY,3
ALANZA PHARMACEUTICALS,3
GLOBAL DENT AIDS PVT LTD,3
KOSMOCARE,3
BEAPHAR,3
MANVE BIO HEALTH CARE,3
MAHARSHI BADRI,3
TRIREME LIFE SCIENCE,3
TYSON BIO,3
VIBOSI PHARMA AYURVED,3
EVERSHINE HEALTHCARE,3
PYL HEALTHCARE,3
ALCHEM INTERNATIONAL PVT LTD,3
INNOVCARE LIFESCIENCES PVT LTD,3
QUEST BIOTECH INDIA PRIVATE LIMITED,3
BUGFREE,3
CANCURE,3
DAL PHARMA,3
MAKA PHARMA LTD,3
TROST PHARMA,3
KAUSHCURE PHARMACEUTICALS PRIVATE LIMITED,3
PUREDERMA HEALTHCARE PVT LTD,3
CKRIS LABS,3
GOLGI USA RESEARCH LABORATORIES,3
MGH HEALTHCARE,3
RAMAN AND WEIL PVT LTD,3
NATURAL REMEDIES,3
GURNEX BIOTECH,3
NUTRIGOLD OMEGA,3
UNI ORANGE,3
TRICOS DERMATOLOGICAL PVT LTD,3
N K ETHICAL LABS,3
CORAL BIOTECH,3
VETRI SCIENCE LABORATORIES,3
NEWCOS AESTHETICS,3
H & I CRITICAL CARE,3
QURAX REMEDIES LTD,3
SHREE MARUTI HERBAL,3
VINDECA LIFESCIENCES,3
WIDCURE HEALTHCARE,3
NITIN LIFESCIENCES,3
ZENOVA BIO NUTRITION PVT LTD,3
VHB PHARMA PVT LTD,3
NG HEALTHCARE,3
OSTRA UNIQUE PROHEALTH PVT LTD,3
AYURVED INDIA,3
AXA LIFE SCIENCES,3
ZYDUS LIVA,3
EUGENICS MEDICARE PVT LTD,3
AAKASH PHARMACEUTICALS,3
IMAC HEALTHCARE,3
NEMI PHARMA,3
NAULAKHA,3
WHISPER,3
GLOBAL PHARMACEUTICALS PVT LIMITED,3
PEDEGREE,3
PHARMACIA & UPJOHN INDIA PVT LTD,3
BACANS BIOTECH PVT LTD,3
CUROSIS HEALTHCARE PVT LTD,3
KOZIVA UK LTD,3
LUNA PHARMA,3
HINDUSTAN CIBA- GEIGY LTD.,3
ORNIVA,3
BANGALORE HOMOEOPATHY,3
VALYOU PRODUCT,3
NATURS,3
DANIEL LIFESCIENCE,3
D.M PHARMA LTD,3
SEA LIFE CARE,3
HASLAB,3
TRUWORTH HEALTH TECHNOLOGICS,3
RENASCENT VISION,3
B TEX MANUFACTUR,3
MLS HEALTHCARE PVT LTD,3
BERRY AND HERBS PHARMA PVT LTD,3
CARDINEX HEALTHCARE,3
JEMSTER HEALTHCARE PRIVATE LIMITED,3
TYCHOS THERAPEUTICS,3
PHARMA FABRIKON,3
VERBENA HEALTHCARE PVT LTD,3
ORLIFE HEALTHCARE,3
KRIPA PHARMA,3
JODIAC PHARMACEUTICAL,3
DEL LABORATORIES INC.,3
INDIAN HEALTHCARE,3
CLARIBEL PHARMA,3
MERACUS PHARMACEUTICALS PVT.LTD.,3
NGS BIOTECH PVT LTD,3
NEUVOCARE PHARMACEUTICALS,3
KEN BIOTEC,3
SOHM INDIA PVT LTD,3
VALENG LABORATORIES,3
MAXLIVE PHARMACEUTICALS PVT LTD,3
MEDRIX PHARMA,3
ROHAN MEDI PHARMA,3
ICI HEALTHCARE PVT LTD,3
LA REVAS PHARMA PRIVATE LIMITED,3
HYPILL PHARMA,3
BLUESHIELD PVT LTD,3
ALLEVIATE PHARMACEUTICALS PRIVATE LIMITED,3
MEDIZEN LABS PVT. LTD.,3
VIVIFI LIFE SCIENCES PRIVATE LIMITED,3
NEXT LABS PVT LTD,3
ENDOVELICUS HEALTHCARE PVT LTD,3
UNINOR BIOTECH,3
HYLAND'S,3
AGS PHARMACEUTICALS PRIVATE LIMITED,3
VYAPITUS SPECIALITIES,3
SERIN FORMULATIONS,3
TEK TEKNOVATIONERS,3
EARTHMED PHARMACEUTICALS PRIVATE LIMITED,3
ASTRA HEALTHCARE LTD,3
KUMAYUN DRUGS PVT LTD,3
PASCUAL LABORATORIES INC.,3
INDICO PHARMACEUTICALS,3
FRENCH FORMULATIONS,3
CRIMSONS PHARMA,3
DIGITAL VISION PHARMA,3
MANEESH HEALTH CARE,3
ORA ASIA PHARMACEUTICALS P.LTD,3
GEMITH PHARMA PVT LTD,3
INVISCUS LIFECIENCE LLP,3
R R BIOTECH,3
BIOTICS LAB,3
SYDNEY LIFESCIENCE PVT LTD,3
ELIPH NUTRITION PRIVATE LIMITED,3
TIDAL HEALTHCARE PRIVATE LIMITED,3
QUINTOS,3
VARENYAM HEALTHCARE PVT LIMITED,3
ORION HEALTHCARE,3
BROCHEM HEALTHCARE P. LTD,3
ODIN HEALTHCARE PVT LTD,3
OMEX HEALTHCARE,3
AKUNEZ BIOTECH,3
BIO LIFESCIENCE,3
A S LIFESCIENCES,3
KARE IN,3
CIRON DRUGS & PHARMACEUTICALS PVT LTD,3
AROMA REMEDIES,3
VATS BIOTECH PRIVATE LIMITED,3
AMBLE BIOTECH PVT LTD,3
IMED PHARMA,3
MEDIVISTA LIFESCIENCES PRIVATE LIMITED,3
SOIGNER PHARMA,3
ADELSON PHARMA PVT LTD,3
JANUS REMEDIES PVT LTD,3
ARBER HEALTHCARE PVT LTD,3
NEXOCARE BIOTECH PVT LTD,3
HAYYMED HEALTHCARE PRIVATE LIMITED,3
NISCHAL PHARMA,3
PCM BIOTECH,3
RENOCIS PHARMACEUTICALS PRIVATE LIMITED,3
JACSIMS PHRMACEUTICAL,3
BIOGENETIC PHARMACEUTICALS,3
SPERO MEDICARE PRIVATE LIMITED,3
MEXICAN WAVE PHARMA,3
CANON BIOTECH,3
KARLIN PHARMACEUTICALS,3
DELTAKEM PHARMACEUTICALS,3
MARUDHAR AGENCY PVT LTD,3
PIL PSYCHOTROPIC LIMITED,3
AMERICAN FORMULATIONS,3
MEDIARKA LIFE SCIENCES PVT LTD,3
CELEBRITY BIOPHARMA LIMITED,3
KAIROS HEALTHCARE,3
VARN PHARMACEUTICAL,3
RAYMEDICA PHARMACEUTICALS,3
PEBBLE PHARMACEUTICALS PVT.LTD,3
CASSEL PHARMA,3
DOCTORS BIOLAB PVT LTD,3
G G NUTRITIONS,3
CURAXIS HEALTHCARE,3
BILLS BIOTECH PRIVATE LIMITED,3
MECOSON LABS,3
M K SURGICALS,3
OASIS LABORATORIES PVT LTD,3
SANTO FORMULATION,3
BIOCIN GENETICS & PHARMA,3
SMA PHARMACEUTICALS,3
MAHA RESEARCH LABS,3
FUGO LIFE SCIENCES PVT LTD,3
INNATE BIOTECH PVT LTD,3
SIDDHI PHARMACY PRIVATE LIMITED,3
MEDIMIND DRUGS AND CHEMICALS,3
KELVIN REMEDIES,3
EVENTS PHARMACEUTICALS PRIVATE LIMITED,3
NS UNIBIOSYS MEDICARE PVT LTD,3
DEEPAR PHARMACEUTICALS PRIVATE LIMITED,3
NUSMITH PHARMA PVT LTD,3
OCTAVIUS PHARMA PVT LTD,3
SALSIM PHARMA,3
NOVOGEN,3
SAICHEM PHARMA,3
KRISAN PHARMA,3
DORRIS PHARMACEUTICAL PVT LTD,3
PHARMACIA LABORATORIES,3
HOSTA LABS,3
SOLEON LIFE SCIENCES INDIA PVT LTD,3
AMBROSIA HEALTHCARE,3
ALLIAANCE BIOTECH,3
DROOLS,3
PANVIK PHARMACEUTICALS,3
HETERO DRUGS,3
JUMPER,3
BIOCORDIS PHARMACEUTICALS PRIVATE LIMITED,3
GMD PHARMACEUTICALS,3
TANBE PHARMACEUTICALS,3
LEO LIFE SCIENCE PVT LTD,3
THEMIS CHEMICALS LTD,3
MERCIGO HEALTHCARE,3
IVY HEALTHCARE,3
MRL MISSION RESEARCH,3
ICON PHARMA & SURGICALS PVT LTD,3
HABITAT HEALTHCARE,3
EVIAN DERMACARE,3
FAHRENHEIT,3
MUSCLE PHARMA,3
MEDICON OPHTHALMICS PVT LTD,3
BRIO WELLNESS,3
GENSPEC LIFESCIENCE,3
PRANSHU HEALTHCARE,3
FORTUNE LABS,3
VOIZMED PHARMA PRIVATE LIMITED,3
FULFIL HEALTHCARE PVT LTD,3
CROXLEY OVERSEAS,3
WYNCLARK PHARMACEUTICALS PVT LTD,3
GLEE PHARMA,3
VINCOR LIFE SCIENCES PVT LTD,3
TBG PHARMA LTD,3
CARE ON PHARMACEUTICALS,3
SILVER PHARMA,3
CARNATION CORN CAPS (INDIA) LTD.,3
NUTRACOS,3
CELL SCIENCE PHARMACEUTICALS PVT. LTD,3
BLEACH HEALTHCARE,3
MEDI ACCESS SOLUTIONS PRIVATE LIMITED,3
RUNYON PHARMACEUTICALS PVT LTD,3
VYPA LABORATORIES,3
MICROMAXX,3
FORRIT LIFECARE,3
REGENCY HEALTH CARE,3
OCTAVIA LABS PVT.LTD,3
MICRON BIOTECH,3
ASTERISK HEALTHCARE,3
AMEECOSMO PHARMA LTD.,3
REPLICA REMEDIES PVT LTD,3
ZEDAWN FORMULATIONS PVT LIMITED,3
YASHO HEALTHCARE PVT LTD,3
SYNERGY DIAGNOSTICS,3
RENATA LIMITED,3
DIVERSE HEALTH SERVICES,3
NEXGEN LIFESCIENCE,3
SD BIOSENSOR,3
ATLANTIS PHARMACORP INC,3
LANCER BIOMED PVT LTD,3
ZEUS FORMULATIONS,3
PROTEUS HEALTHCARE,3
SCHIFFER & MENEZES INDIA PVT LTD,3
HAW PAR HEALTHCARE LTD,3
ALLURE REMEDIES PVT LTD,3
EMBARK PHARMACEUTICALS,3
IMPULSE PHARMACEUTICALS,3
CONVERGE BIOTECH PVT LTD,3
VRINDA LIFE SCIENCES,3
PIRAMAL PHYTOCARE LIMITED,3
AVERIE LIFECARE,3
ARORA PHARMA,3
HEALERS NUTRACEUTICALS PVT LTD,3
SUNCURE REMEDIES,3
EXOPLANET PHARMTECH PRIVATE LIMITED,3
IRISKA PHARMACEUTICALS PVT LTD,3
CADEX LABS,3
INAMED PHARMA,3
SUNMARKER PHARMA,3
EL SHADDAI BIOLOGICALS LTD,3
MM PHARMA,3
IWIN-CARE,3
PANGEA PHARMA LTD,3
CRIS PHARMA LTD,3
APS BIOTECH,3
VEGA PHARMACEUTICALS,3
RONAK LIFECARE PRIVATE LIMITED,3
HEALTH BIOMED PHARMA,3
EAR INDIA OVERSEAS,3
RIYADH PHARMA,3
ARCHMED BIOTECH,3
CHEMCURE BIOTECH,3
SAVI PHARMA,3
ADVANCE PHARMA TECH,3
AVANCE PHYTOTHERAPIES PVT LTD,3
HUMED LABS,3
UNIREACH HEALTHCARE PVT LTD,3
ALIVE PHRMACEUTICAL PVT LTD,3
GIOCON PHARMA PVT LTD,3
SUNLIGHT,3
DOMINION LABORATORIES LTD,3
ULTRAMED LIFE SCIENCE,3
ADITHYA PHARMACEUTICALS,3
RUT PHARMA PVT LTD,3
ALVID BIOCARE,3
SRIDEEP PHARMA,3
ZENLABS ETHICA LIMITED,3
BLUEBERRY SOLUTIONS,3
EDEN HEALTH CARE,3
SUN LIFECARE,3
NEISS WELLNESS INDIA LTD,3
MEDULLA PHARMACEUTICALS PRIVATE LIMITED,3
AUGMENT REMEDIES EXPORT,3
SANTE VISION,3
MEDIGRAM HEALTHCARE,3
OLSKI,3
SMS LIFE CARE PVT. LTD.,3
KAYA LIMITED,3
SWADESHI PHARMACEUTICALS,3
UNIBIOTICS PHARMACEUTICAL,3
ALPHA PHARMACEUTICALS,3
TEJOSH PHARMA COS,3
CADDES LIFE SCIENCES,3
GENEAID PHARMA,3
HELFEN LIFESCIENCES,3
KAMADA BELT LTD,3
NEELABS HEALTHCARE PVT LTD,3
DREAMZ BIOTECH,3
XANOCIA LIFESCIENCES,3
SBEED PHARMACEUTICALS,3
SURE FOR CURE FORMULATIONS INDIA PVT LTD,3
BRZEE MEDSCIENCE,3
KRISH HEALTH CARE INDIA,3
INTECH PHARMA,3
PHARMAKON H & B CARE PVT LTD,3
MERIDUS PHARMACEUTICALS,3
MEDIQAS PHARMACEUTICALS,3
ALPHA AROMATIC,3
SUN LIFE SCIENCES,3
DANGI LABORATORIES,3
CUREWEL INDIA PHARMACEUTICALS,3
ASTEROID PHARMA,3
WINMARK HEALTHCARE PVT LTD,3
AARMAC LABS,3
MRS BECTORS FOOD SPECIALITIES LTD,3
DNA LIFE CARE,3
SUNRISE PHARMACEUTICALS,3
BRISCON REMEDIES,3
QUEEN PHARMACEUTICALS LTD,3
ARCHES PHARMACEUTICALS,3
ACTIFF PHARMACEUTICALS PVT LTD,3
ALIXIA PHARMACEUTICALS,3
BIOLOGIC AND PSYCHOTROPICS INDIA PVT LTD,3
IMPACT PHARMA,3
BIOVISTA LIFESCIENCES,3
DAASO PHARMACEUTICALS PRIVATE LIMITED,3
BAXIL PHARMA PVT LTD,3
MEA AME SOINS,3
TRANS LIFE SCIENCES,3
TRUST PHARMA,3
DOPSON PHARMA,3
LEX MARK PHARMACEUTICAL,3
JOYCE HEALTHCARE,3
PRISA PHARMACEUTICALS,3
SAVER PHARMA,3
VALMICARE PHARMACEUTICALS PRIVATE LIMITED,3
ERIKA REMEDIES PRIVATE LIMITED,3
INDU DRUGS,3
SOFI HEALTHCARE LLP,3
NYG PHARMACEUTICALS PVT LTD,3
HAUSTUS BIOTECH PRIVATE LIMITED,3
SIPL PHARMA,3
SYNCOM FORMULATIONS,3
LIVLONG NUTRACEUTICALS LTD,3
AQUNOVA PHARMA PVT LTD,3
HEALTHEON LIFESCIENCES,3
WESTRIDGE INDUSTRIES,3
BIOGEM HEALTHCARE,3
GARICON LIFESCIENCES PVT LTD,3
REPL PHARMA,3
NAVAL ENTERPRISES,3
EDIFICE,3
M/S. SPARSHA PHARMA INTERNATIONAL PVT LTD,3
ALPS LAB.,3
MEDLAR HEALTHCARE,3
NBLS PHARMA,3
LINNET LIFE SCEINCES,3
GLYCO REMEDIES,3
AMRITA BINDU,3
VELLINTON HEALTHCARE,3
NIKVIN HEATHCARE,3
HEALTHPRO PHARMACEUTICALS PRIVATE LIMITED,3
KRYPTON HEALTHCARE PVT LTD,3
SYNETIC HEALTHCARE,3
HILTON LIFESCIENCE,3
AYURLAB HERBALS PVT.LTD,3
ALIXAR HEALTHCARE,3
MARS PHARMA PVT LTD,3
SHREY REMEDIES,3
BALSAM PHARMA PVT.LTD.,3
KARDIC KARE,3
ASTHA PHARMACHEM,3
ABHINAV HEALTH CARE,3
ALCON LABORATORIES,3
URIAGE EAU THERMALE,3
SOVIA ALTIS,3
EVA PHARMACEUTICALS,3
WALRUS LIFE SCIENCES PVT LTD,3
EXCEL DRUGS PVT LTD,3
AUXILIARE HEALTHCARE PVT LTD,3
DEO PHARMA,3
ZECON PHARMACEUTICALS PVT.LTD,3
RAYON PHARMACEUTICAL,3
RASHMI NUTRITIONS,3
GLENSMITH LABS PRIVATE LIMITED,3
MACTER PHARMA,3
SYNER MEDICO PVT LTD,3
NIPL HEALTH CARE PRIVATE LIMITED,3
SNYDER HELATHCARE,3
ENCYCLO HEALTHCARE,3
GLAD DRUGS AND PHARMA,3
AYURVEDIC DAWAKHANA,3
ONESTEP HEALTH CARE PRIVATE LIMITED,3
URSAPHARM INDIA LTD,3
NUEVOMED ORGANICS,3
VENTURA,3
JAYWIN REMADIES,3
ROHTO PHARMA (INDIA) PRIVATE LIMITED,3
HYDERABAD ANTIBIOTICS,3
NEXON HEALTH CARE PVT. LTD,3
FLUENCE PHARMA,3
INTROGEN HEALTHCARE PVT LTD,3
ELSIS HEALTH CARE,3
VIOLETTE,3
SPARKLES EXIM PVT LTD,3
MEDIS,3
PARAMOUNT HEALTHCARE PVT.LTD,3
SISKAN PHARMA,3
SIGMA LABS,3
ASTOPIC LIFESCIENCES,3
RELAX BIOTECH,3
ASCORE PHARMA,3
ADVENTUS LABS,3
RIGHT MED BIO SYSTEM,3
AMITY HEALTHCARE,3
BERRY MARKETING P LTD,3
MEDIZEN LABS PVT. LTD. (SUPER AYURVEDA),3
SAMVEE PHARMACEUTICALS PRIVATE LIMITED,3
DARWIN HEALTH CARE,3
MICRO LIFE CARE,3
REMEDIUM HEALTHCARE PVT LTD,3
AXON DRUGS PVT LTD,3
ZYDUS CELEXA,3
MEDIWORLD LABORATORIES P. LTD,3
BIOZINIK HEALTHCARE PVT LTD,3
GEOFMAN PHARMACEUTICALS,3
CONVA TEC LTD,3
ZARGAN HEALTHCARE,3
WELLSHARK PHARMACEUTICALS,3
MACRO PHARMACEUTICALS,3
UNITED HEALTH CARE,3
ADICHEM LABORATORIES,3
KWALITY PHARMACUTICALS LTD,3
ADVENTIA INNOPHARMA PVT. LTD,3
DEE PHARMA,3
GLAZTAR LIFESCIENCES PRIVATE LIMITED,3
CARTEL LABORATORIES,3
ELITE BIOTECH,3
CORSEL LIFE SCIENCES PVT LTD,3
SPICA LABS,3
ALONSOA LIFE SCIENCE,3
NEW HORIZONNS HEALTHCARE PVT LTD,3
INTERVET LABORATORIES LTD,3
AASHRAY PHARMACEUTICAL,3
NEUTRACIAA LIFESCIENCE PVT LTD,3
DOLIOSIS HOMOEO PHARMA PVT LTD,3
UNIVERSAL CORPORATION LTD,3
MEDSPAC PHARMACEUTICALS,3
MEDIMIX,3
FEDLEY HEALTHCARE,3
SURAKSHA PHARMA PVT LTD,3
NAVRATNA,3
EXCELLA LIFE SCIENCES PVT LTD,3
PHARMAROOF PHARMACEUTICALS,3
DETTOL,3
ZUVIUS LIFESCIENCES PVT. LTD.,3
CRESTICA LIFESCIENCES,3
ROCHE,3
MUCOS PHARMA (INDIA) PVT LTD,3
ABLAZE LIFE SCIENCE,3
BIOGYN PHARMA,3
ARIHANT REMEDIES PVT LTD,3
WELLCARE LIFESCIENCES,3
AYURVET LTD,3
MARUTI HERBAL,3
IND SWIFT LIMITED,3
EVANS PHARMA,3
CEZA FORMULATIONS,3
MAS HEALTHCARE PVT LTD,3
SHARANGDHAR NATURAL HEALTHCARE,3
RESILENT (MARQUIS),3
EUROIND LAB,3
AVGROW HEALTHCARE,3
CHEMOSYN LTD,3
LUCKYS PHARMA,3
WESTERN REMEDIES (INDIA),3
FEMGRACE FORMULATIONS,3
ROMZ PHARMACEUTICALS,3
COPMED PHARMACEUTICALS PVT LTD,3
ARMASTUS HEALTHCARE PVT LTD,3
PRISTINE PEARL PHARMA PVT LTD,3
PACIFIC INDIA,3
POPULATION HEALTH SERVICES,3
Q'RAS PHARMACEUTICALS,3
SANTULAN AYURVEDA,3
HEALING TOUCH,3
COSMONOVA,3
RAYLON INDUSTRIES,3
LIFESTYLE BIO SCIENCES PRIVATE LIMITED,3
AUZALUS LIFESCIENCES,3
HAIMEN PHARMA,3
SEVEN HILLS LIFE SCIENCES,3
GRN,3
ANIMATE HEALTH CARE,3
IPCON LABS PVT LTD,3
RIYAR,3
SERENE LIFECARE LLP,3
QUICK HEAL LIFE SCIENCES,3
GREENRAY PHARMACEUTICALS,3
HANDC,3
DEV AYURVEDA PHARMACY,3
SALUBRIOUS HEALTH CARE,3
VITALYS PHARMACEUTICALS PVT LTD,3
SAINT PHARMA,3
CM,3
AMERICAN VITAMINS PVT LTD,3
ALL OUT,3
MADHURAJ,3
HEALLING,3
PUSHKARAJ,3
REPPAL,3
BELAVITA,3
BOROPLUS,3
WHISKES,3
MUMMY POKO,3
BLUE HEVAN,3
GHP,3
DR RASHEEL,3
MORYA,3
GOOD HOME,3
LEFORD,3
ABHAY AYURVEDIC PHARMACY,3
KESARI,3
LIZOL,3
MINIMALIST,3
GURUKRUPA DRIM HARBAL,3
STX,3
WHITETONE,3
ARYAN CLOTHING COMPANY,2
GENERIC,2
MEDI SHINE PHARMA,2
CURAGEN ENTERPRISES,2
ARYAMAN SOAP INDUSTRY,2
XGIST HEALTH CARE PVT LTD,2
OLEFIA BIO PHARMA PVT.LTD,2
BSN MEDICAL PVT.LTD,2
PIL PAL HEALTHCARE,2
ALBAT REMEDIES LTD,2
HB PHARMACEUTICALS,2
MEDISYNTH CHEMICALS PVT LTD,2
S D HEALTHCARE PVT. LTD.,2
APS,2
PADMASRI LIFE SCIENCES PRIVATE LIMITED,2
AMBE PHYTOEXTRACTS PVT.LTD.,2
BEXIMCO PHARMACEUTICALS LTD,2
ZYDUS WELLNESS LTD,2
DR ODIN,2
CERELAC,2
MEDICARE LTD,2
AMAZON REMEDIES,2
GARNIER,2
CUREWELL GENERICS,2
OPTIX HEALTH CARE,2
RECXIA FORMULATIONS PVT LTD,2
VITA HEALTH PVT LTD,2
DROOLS DR.,2
QUANTUM FORMULATIONS,2
ETHICON,2
QRS HEALTHCARE,2
VALUE FORMULATIONS,2
RAL CONSUMER PRODUCTS LTD,2
GROWMAX HEALTHCARE PVT LTD,2
KAI MANUFACTURING INDIA PVT LTD,2
SABAI ENTERPRISES,2
HALYARD HEALTH INDIA PRIVATE LIMITED,2
HOLLY DRUG & CHEMICALS,2
D D NUTRACEUTICALS,2
HI BORN PHARMA,2
REIGN INDIA,2
GREEN CROSS HEALTHCARE,2
BAYSIDE FOODS,2
PRIME CURE,2
JGS HEALTHCARE PVT LTD,2
BETLIFE FORMULATIONS PVT LTD,2
DATUM LABS,2
K P NAMBOODIRI AYURVEDIC,2
KINGS PHARMA,2
LIFE EXTENSION HEALTHCARE,2
KAPLIN HEALTHCARE PRIVATE LIMITED,2
VIMAC HEALTHCARE,2
ANSELL,2
TURTLE SHELL TECHNOLOGIES,2
GLOBAL NUTRITION,2
FLEXTRONICS INDUSTRIAL PVT LTD,2
CINTHOL,2
BELLAPREMIER HAPPY HYGIENECARE PVT.LTD.,2
MICOBIOMED CO LTD,2
ATLANTIS FORMULATIONS PRIVATE LIMITED,2
MEDREK PHARMACEUTICALS,2
GEOFFROI LAB. PVT LTD.,2
OTHANTIC PHARMACEUTICALS,2
INDAMED PHARMACEUTICALS PVT LTD,2
MAGNUS PHARMA,2
STILE PHARMACEUTICALS PRIVATE LIMITED,2
RECENT HEALTHCARE LTD,2
UNIQ MEDICARE,2
ZM LABS,2
BIOSTREAK PHARMACEUTICALS,2
KURIZON HEALTHCARE PVT LTD,2
RED BERYL PHARMACEUTICALS,2
GLEN HEALTH CARE,2
COSMAX,2
EUPHORIA HEALTH CARE PRIVATE LIMITED,2
NEO HERBALS,2
MEDISMITH PHARMA LAB,2
AZURITE BIO SCIENCE PVT LTD,2
INNO WELL PHARMACEUTICALS PRIVATE LIMITED,2
EUREKA LABS LIMITED,2
GREENDOT ECO VENTURES PVT.LTD.,2
CURATIO HEALTH CARE PVT LTD,2
THORAB PHARMA AND RESEARCH LAB,2
DAXAL COSMETICS PRIVATE LIMITED,2
WALPAR HEALTHCARE,2
PULSE REMEDIES,2
SMILES HEALTHCARE,2
SETHI RASAYAN SHALA,2
NEUTRIA PHARMA & HEALTH CARE,2
SPACE ORGANICS,2
CUZDERM,2
NAVA HEALTHCARE PVT LTD,2
KRP PHARMACEUTICALS,2
VIBSAN PHARMACEUTICALS PVT LTD,2
MINOCHA INDUSTRIES,2
HOFFMANN-LA ROCHE AG,2
SPRING HEALTHCARE,2
VENKY'S,2
DARIS BIOCARE,2
CAVINKARE PRIVATE LIMITED,2
ELERA PHARMA PVT LTD,2
PMV NUTRIENT PRODUCTS PVT. LTD.,2
PENTA LATEX,2
MEDIFORCE HEALTHCARE PVT LTD,2
IM HEALTHCARE PRIVATE LIMITED,2
BELL PHARMA,2
MEDIDAY HEALTHCARE PVT LTD,2
SWISS GARNIER BIOTECH PVT. LTD,2
NONI BIOTECH PVT LTD,2
EDELINE REMEDIES,2
S G BIOSCIENCES,2
BLISS CHOCOLATES INDIA PVT LTD,2
KAVYS PHARMA,2
LAXMI TIRUMALA SURGICALS,2
S L TRADING COMPANY,2
CONCH HEALTHCARE PVT LTD,2
ESSENS WELLNESS,2
FIBOVIL PHARMACEUTICAL,2
EDIFICE LABS,2
SBP HEALTH CARE PVT LTD,2
ELPIDA HEALTHCARE PRIVATE LIMITED,2
AVALON COSMETICS PVT. LTD.,2
EADEN HEALTHCARE,2
RE VIVAL PHARMA,2
MIBSONS PHARMACEUTICAL PVT LTD,2
SYNAXIS LABS,2
TETRAKTYS,2
AKON PHARMACEUTICALS,2
NAY BHADRA HEALTH CARE,2
VAIDYARATNAM OUSHADHASALA PVT LTD,2
AVEENO,2
COSSMIC PRODUCTS PVT. LTD.,2
BY NATURE,2
AMBROZO NEUTRACEUTICAL,2
D ENTERPRISES,2
ANKYL HEALTHCARE,2
BESTEAD LIFE SCIENCES,2
DAVDA MARKETING AGENCY,2
RAHUL PHATE'S RESEARCH,2
MCPL INDIA PVT LTD,2
ADREAM BIOTECH,2
HINDUSTAN SYRINGES &AMP; MEDICAL DEVICES LTD,2
STRIDES ARCOLAB LIMITED,2
SINKONA,2
CELLGEN BIOPHARMA,2
HISHIMO,2
RINDZ PHARMA PVT LTD,2
SAVI HEALTHCARE,2
SIOUX PHARMACEUTICAL,2
GOOD RICH HELTHCARE,2
GELTEC PVT LTD,2
GRAPHT PHARMACEUTICALS,2
GLOBAL HEALTHCARE PRODUCTS,2
BSV HEALTHCARE PVT LTD,2
NOVOCIN PHARMACEUTICALS,2
ARTICON LABS PVT LTD,2
MEDISAFE,2
AMKAY,2
DR.DENTAIDS,2
GS PHARMBUTOR PRIVATE LIMITED,2
FAR WEST PHARMA,2
YOMARIS PHARMA,2
SARJAN MEDICAL AGENCY,2
CLOUD 7 PHARMA,2
LSD PHARMA,2
ADVENA LTD,2
ELIPH NUTRITION PVT. LTD.,2
DELHI MEDIART PVT LTD,2
GENLIFE,2
SOUMI'S CAN PRODUCTS,2
RADHESHYAM INDUSTRIES,2
LUCIUS PHARMACEUTICALS,2
INTIGINIS PROMOTIONS PVT LTD,2
RAL CONSUMER PRODUCTS,2
B D PHARMACEUTICAL WORKS PVT. LTD,2
CARAWAY PHARMA PVT LTD,2
AMISTA LABS PVT LTD,2
MEDI CORPORATION HEALTHCARE PHARMACEUTICALS,2
ABONY HEALTHCARE LIMITED,2
NIPPLE HEALTH CARE,2
NUPUR,2
BIOHEX LIFE SCIENCES,2
FISKAR INDIA LTD,2
COCHIN GLOVES (P) LTD,2
POLO PHARMACEUTICALS PVT LTD,2
RAJ VIJAY CORPORATION,2
COLACO HEALTHCARE PVT LTD,2
GILLATTE,2
ORIENTAL PHARMA,2
OKEDIA LIFE SCIENCES PVT LTD.,2
VATERNARY,2
HANAPLAS,2
RATOL,2
DRAMMOCK INTERNATIONAL LTD,2
MAHAVIR ENTERPRISE,2
GATSPORT,2
WELLNESS LIFE SCIENCES PVT LTD,2
CELL CURE PHARMACEUTICALS,2
FBB,2
SIFAM HEALTHCARE PVT LTD.,2
HYGIENIC RESEARCH INSTITUTE PVT LTD,2
AARYAN BIOCARE,2
BEIERSDORF AG,2
LAFIYA BIOTECH,2
KAYA SKIN CLINIC,2
LEO NUTRISCIENCE LLP,2
J &AMP; J DECHANE LABORATORIES PVT LTD,2
RAINBOW HEALTHCARE,2
MINI PHARMACEUTICALS,2
FINN COSMECEUTICALS PVT LTD,2
BEAUMONT HEALTHCARE PVT LTD,2
GANESHA PERSONAL CARE PRODUCTS PVT. LTD PLOT NO. G-41 MIDC KUDAL MAHARASHTRA - 416525,2
ENOMARK BIOTECH,2
CSC WELLNESS,2
NISARGALAYA DRUG UNIT PVT LTD,2
SHALAKS HEALTH CARE,2
AVIVA PHARMA,2
BATHMATE,2
SOUTHERN HEALTH FOODS PVT LTD,2
VILLI AND PURI SCIENTIFICA PRIVATE LIMITED,2
SKIN GRACE PHARMACEUTICALS,2
VRPL HEALTH CARE PVT LIMITED,2
AHURA TECHNOLOGIES,2
PROMOTEX,2
OVLO INDIA LTD,2
AHIMSA,2
WELLOK PHARMA,2
GIRIRAJ ENTERPRISE,2
SISSMA LIFE SCIENCES PRIVATE LIMITED,2
CORISE HEALTHCARE PVT LTD,2
SYNTHOKIND PHARMACEUTICALS PRIVATE LIMITED,2
DETONUTRITION,2
SKINWELL REMEDIES,2
SUJATHA BIO TECH,2
BALLARPUR INDUSTRIES LTD,2
ALLES GUETI PHARMACEUTICALS,2
CLIDE INTERNATIONAL PVT LTD,2
MORNING FRESH,2
GR HEALTHCARE LABORATORIES,2
MYSTICAL BIOTECH PVT. LTD.,2
AVISHKAR PRODUCTS,2
HETERO HEALTHCARE,2
LIVE WELL INC,2
CORONATION,2
AGORAA MARINE PRIVATE LIMITED,2
JAYSON PHARMACEUTICALS PVT LTD,2
VHRC,2
PHILIPS,2
VESTA BIOTECH,2
ACCENDO PHARMACEUTICAL,2
WELLA PROFESSIONALS,2
NSONS ENTERPRISE,2
BIO PHARMA,2
LOVINCARE COSMETICS PRIVATE LIMITED,2
CREATIVE NUTRITIONS,2
ZICAD LIFE CARE,2
MILLENNIUM HERBAL CARE LIMITED,2
PROZO PLUS,2
ZYLONE HEALTHCARE,2
ROZER PHARMACEUTICALS PVT LTD,2
BDR PHARMACEUTICALS INTERNATIONALS PVT LTD,2
VALLABH VIJAY & SONS,2
NEWRISH PHARMACEUTICALS,2
ABONY GROUP INDIA,2
EK-TEK PHARMA,2
ARLAK BIOTECH,2
HOT,2
NATURELL INDIA PVT.LTD.,2
RANAKPUR,2
AB ALLCARE BIOTECH,2
CLAPS INDUSTRIES PVT LTD,2
PLANET AYURVEDA,2
BNK HEALTHCARE,2
MIL LABORATORIES PVT LTD,2
MATRIX BIOLAGE,2
ZOYA HERBOCEUTICALS,2
SENSE BIOTECH,2
QUICK STORE,2
EASYCARE,2
LAOMAI THERAPEUTICS,2
REETTA HYGIENE,2
GENEROUS MEDIWAVES PVT LTD,2
DOCBEL,2
LUMAX PHARMACEUTICAL LABS P LTD,2
ANGIOLIFE HEALTHCARE PVT LTD,2
SELVOT PHARMA,2
GRATIO HEALTH CARE PVT LTD,2
DOCTOR BELI RAM & SONS,2
ALVAETRA LABORATORIES PVT LTD,2
KOTTAKKAL AYURVEDA,2
HYP,2
ALASKA BIOTEC PRIVATE LIMITED,2
ZYNEXT PHARMACEUTICALS PVT LTD,2
ALLITES LIFE SCIENCES PVT LTD,2
PRO INDIA ORGANICS,2
DERMCURES PHARMA,2
GIBSON PHARMA PVT LTD,2
ANDROMEDA PHARMACEUTICALS PVT LTD,2
PRISTINE BIONICS PHARMACEUTICALS PVT LTD,2
NIMBLES BIOTECH PVT.LTD,2
JVM THERMOMETERS INDUSTRIES,2
INAGARATED,2
SECURELIFE PHARMACEUTICALS,2
SUPERCHEM INDUSTRIES,2
NUZEN HERBAL PVT LTD,2
ADIREX PHARMA,2
AMULYA HERBS,2
MYSHA HEALTH WORLD,2
MEDNOVA LABORATORIES,2
TATA CHEMICALS LTD,2
ALLIED CHEMICALS & PHARMACEUTICALS PVT LTD,2
ABRENTE LIFESCIENCES,2
A ONE COSMETICS PRODUCTS,2
VARMA INDUSTRIES,2
KAIZEN LABORATORIES PVT LTD,2
PHYSICOOL PVT LTD,2
ROSEWOOD HEALTHCARE,2
ZENOTIS HEALTHCARE,2
RAYAM PHARMA,2
PRADEEP DISTRIBUTORS,2
PROTON HEALTHCARE LTD USA,2
GARG SURGICAL,2
SAT LIFESCIENCES PVT LTD,2
AGELN,2
MEDI REMEDIES,2
SEEMA INTERNATIONAL,2
EVAX HEALTHCARE PVT LTD,2
JAMNA PHARMACEUTICALS,2
BROAD BIOTECH,2
A A ENTERPRISES,2
AVILIUS NEUTRACARE,2
DXN INDIA PVT LTD,2
SANRAY DERMA PVT LTD,2
KNM PHARMA PVT LTD,2
SATYAM HEALTH CARE PVTLTD,2
NEPHRO STAR HEALTHCARE PVT LTD,2
SKYLARK PHARMACEUTICALS,2
ASSURE LIFESCIENCES PVT LTD,2
SANOR MEDICARE,2
THERAPEUTIC INDIA,2
LORD'S HOMOEOPATHIC LABORATORY PVT LTD,2
MNC BIOTECH PRIVATE LIMITED,2
REZE PHARMA,2
MEDI PRODUCTS PVT.LTD.,2
BIOCHEMIX HEALTHCARE,2
S G PHYTOCHEMICALS,2
LIFESCAN MEDICAL INDIA PVT. LTD,2
JMS HEALTHCARE,2
SUPER FORMULATIONS PVT LTD,2
SYNTONIX BIOFARM,2
SYOUNAA,2
FINGER COT,2
ZENCUS PHARMA,2
VANALAYA ORGANIC,2
SPANDEL ENTERPRISES PRIVATE LIMITED,2
NUTRIGOLD INDIA PRIVATE LIMITED,2
CHANDRA BHAGAT PHARMA PVT. LTD.,2
G H VISION,2
BRAGG HEALTH SCIENCE FORMULAS,2
DMP COMPANY,2
CYPER DRUGS & PHARMACEUTICALS (P) LTD.,2
WIN HEALTH PHARMA,2
CUTINOVA HEALTHCARE LLP,2
DYNAMIC REMEDIES,2
SCIENTIFIC REMEDIES PVT. LTD,2
GOKUL COSMETICS,2
CAREDURA PRODUCTS,2
BENEDICT LIFE SCIENCE,2
PRAVEK KALP HERBAL PRODUCTS PVT LTD,2
MAXWAY PHARMA,2
ROGERS BIOTECH,2
GODETIA HEALTHCARE,2
ASTRONIX HEALTHCARE PVT LTD,2
CONSOLE,2
ROC LAB,2
VINI COSMETICS PVT LIMITED,2
SOVEREIGN REMEDIESPVT LTD,2
WONDER FRESH,2
BARYTON PHARMA PVT LTD,2
AMWILL HEALTH CARE PVT LTD,2
IVEON,2
RAJASTHAN HERBALS,2
PLATINUM PHARMACEUTICALS (PVT) LTD,2
COSMIREX HEALTHCARE,2
THURS PHARMACEUTICALS,2
AARA LIFESCIENCES INDIA PVT LTD,2
MEWELL BIOTECH PVT LTD,2
IG REMEDIES,2
ZED CROSS HEALTHCARE PVT.LTD,2
MEDIWINGS BIOSCIENCE PVT LTD,2
CARE LIFESCIENCES,2
CORPORATE LABS PVT LTD,2
UJWALA AYURVADASHRAM,2
MOOD,2
AVNI PHARMA,2
NANAK MEDICOS,2
SYNIM REMEDIES PRIVATE LIMITED,2
CONSUMER MARKETING INDIA PVT LTD,2
ASAHI POLYSLIDER CO. LTD,2
TARKS PHARMACEUTICALS PRIVATE LIMITED,2
CRESOL PHARMACEUTICALS PRIVATE LIMITED,2
TROIKK CARDIAC CARE,2
OJAS PHARMA,2
MAXICHEM HEALTHCARE PRIVATE LIMITED,2
SUPREME,2
HARVEY LABORATORIES PVT LTD,2
AYURLAB HERBALS PVT LTD,2
ONUS PHARMACEUTICALS PVT LTD,2
VEFA ILAC LLP,2
FINN COSMECEUTICALS,2
PCD PHARMA,2
LUCID PHARMACEUTICALS,2
PRIME MANKIND,2
DIYA,2
HEIL GERMAN PHARMACEUTICALS PVT LTD,2
VASISHTA PHARMACEUTICALS,2
ENZYSURGE,2
BABULINE PHARMA PVT.LTD,2
NAVANKUR,2
LABRADA NUTRITION,2
KRISHAN PHARMA,2
GODDRES PHARMACEUTICALS LTD,2
DARA PHARAMACEURTICALS LTD,2
MEDISUN LIFESCIENCES PVT LTD,2
KAMCURE BIOTECH,2
LT &L,2
VISHAM LIFECARE,2
MANIG PHARMACEUTICALS,2
BLAIR REMEDIES PVT LTD,2
MAHAJA PHARMACARE,2
ASPIDA PHARMA PVT LTD,2
NATURE MADE,2
CEZA FORMULATION PVT LTD,2
FANTABULOUS PHARMA,2
MIMEC PHARMA PVT LTD,2
MICRO ORGANICS PHARMACEUTICAL INDIA PVT. LTD.,2
CUE LABS,2
DERMA SWIFT HEALTHCARE,2
PRECISION MEDICARE,2
ASTER LIFE SCIENCE,2
TOUBIB PHARMA PVT LTD,2
MILAGRO LIFE SCIENCES PRIVATE LIMITED,2
KROBZ HEALTHCARE PVT LTC,2
GRAVION LIFE SCIENCES,2
BB REMEDIES PVT LTD,2
MALIK LIFESCIENCE PVT LTD,2
ATLANTA PHARMACEUTICALS,2
AGE BIOTECH,2
WELLMARK LIFE SCIENCES,2
GAIETY LIFE,2
ROXTER LABORATORIES,2
CASCADE INDIA,2
TECHNOPHARM PVT LTD,2
WELLICIA PHARMACEUTICALS PRIVATE LIMITED,2
STARKESS LABORATORIES,2
SAPPHIRE,2
KITNIX PVT LTD,2
NEW RESEARCH LIFESCIENCES PVT LTD,2
GENEXT LABS,2
ROCKSTAR PHARMA,2
REGULUS PHARMACEUTICALS,2
KEPS 3 LIFE SCIENCE PRIVATE LIMITED,2
GLOSUN PHARMA PVT LTD,2
ALLERGAN INDIA LTD,2
NUCON REMEDIES PVT.LTD,2
SHPERO HEALTH LLP,2
VARDHMAN BIOTECH PVT LIMITED,2
NUTRIMED HEALTHCARE,2
D D NEUTRACEUTICALS,2
AMERICAN REMEDIES LIMITED,2
WALTER HEALTHCARE,2
KENLIFE CARE,2
CARITUM PHARMA,2
MERRYBELL BIOCEUTICALS,2
ZECHSTEIN LIFE SCIENCES,2
NIRIX DERMA,2
KWIK HEALTH CARE,2
ZYLIG LIFESCIENCES,2
HICXICA FORMULATIONS PVT LTD,2
LARION LIFE SCIENCIES (P) LTD,2
BIO COM PHARMA,2
SCUTAGE PHARMA,2
BIO SWISS PHARMA,2
SONIKO PHARMACEUTICALS PVT LTD,2
BEUMED HEALTHCARE,2
ESSJOHN PHARMA,2
ZUMAX,2
ERIKA REMEDIES,2
REETAX LIFE CARE,2
RAYON REMEDIES,2
KEDRION (ITALY),2
PACE BIO SCIENCES,2
LIVEUP HEALTHCARE PVT LTD,2
MAYA MEDICINES,2
ASHLEY PHARMATECH PRIVATE LIMITED,2
FRIENDS PHARMACEUTICALS PVT LTD,2
ZUDDY HEALTHTECH PVT. LTD.,2
JRB LIFESCIENCES PRIVATE LIMITED,2
RAPIDCHEM HEALTHCARE,2
BONUM MEDELAE,2
BAGS OF ETHICS,2
JAYCURE PHARMA,2
QUALCHEM HEALTHCARE PRIVATE LIMITED,2
ALBUS HEALTHCARE,2
APKAVIT LIFESCIENCES,2
ANATRA MEDICAL CARE,2
VANGUARD LABORATORIES,2
STEPCURE PHARMA PRIVATE LIMITED,2
GLENN,2
PEAU BRILLANTE PHARMA,2
QUEPREON BIOLOGICALS PVT LTD,2
MEDOYSE NUTRACEUTICALS,2
ORDAIN HEALTHCARE PVT LTD,2
BI CURE REMEDIES,2
MODULA LIFE SCIENCES,2
KEROMIL LIFE CARE PVT LTD,2
SAIN MEDICAMENTS PRIVATE LIMITED,2
NIRVANA HEALTH CARE,2
VALLEY PHARMA,2
MEDIZEN LABS PVT. LTD. (JOINTS COACH),2
INDIABIZCLUB,2
DOLPHIN HEALTHCARE PRIVATE LIMITED,2
DIVYA INTERNATIONAL,2
WINSTON PHARMACEUTICALS LTD,2
YPURS MEDICARE PVT LTD,2
PENTAMARK ORGANICS,2
AUTHENTIC HEALTHCARE,2
NUTRIASIA LIFESCIENCES PVT LTD,2
CARE US PHARMACEUTICAL,2
HILTON HYMAN HEALTHCARE,2
ORACHE HEALTHCARE,2
SPA NEWTRACEUTICALS PVT LTD,2
AVERT PHARMA,2
GOLDSTAR REMEDIES,2
FYTOKEM FORMULATIONS,2
BIOTAS HEALTHCARE PVT LTD,2
ZYDUS HEPTIZA,2
ODENTO PHARMA,2
SOCKER PHARMA PVT. LTD,2
ENACTIS HEALTHCARE PVT LTD,2
AESTON LIFESCIENCES,2
CLASSIC LABORATORIES,2
BLUE ORCHARD INC,2
AUSTOKEM PHARMA,2
NEWGEN PHARMA,2
ZENSURE PHARMA,2
AUTUS LIFE SCIENCES,2
ALBERT REMEDIES,2
ANKYL EARTH PHARMACEUTICAL,2
GREENARY PHARMACEUTICALS,2
GIFERT BIOSCIENCES PVT LIMITED,2
AMRO PHARMA PVT LTD,2
AMBIENCE PHARMA,2
HARRIET HEALTHCARE,2
PHARMATECH SOLUTIONS PVT LTD,2
MAYA BIOTECH PVT LTD,2
CONICAL PHARMACEUTICALS,2
CANDURE MEDICA PVT LTD,2
GOLDEN AURUM PHARMACEUTICALS LLP,2
ALTOCARE LIFE SCIENCES PVT LTD,2
MEDVENT HEALTHCARE,2
SRS,2
NOVOSTART LIFESCINECE,2
CORVUS REMEDIES,2
ALEXIN BIOSCIENCES,2
CUREWELL DRUGS AND PHARMACEUTICALS PRIVATE LIMITED,2
WHISTLER PHARMACEUTICALS PRIVATE LIMITED,2
ANGEL LABORATORIES PRIVATE LTD,2
BIOALCON PHARMACEUTICALS,2
NEXT VISION PHARMA,2
NAC INTERNATIONAL,2
WELLWORTH LIFE SCIENCE,2
HYGEIA LABS PVT LTD,2
SENSUS PHARM,2
AMWAY NUTRILITE,2
CELON LABORATORIES LTD,2
ALLPA (INDIA) PHARMACEUTICALS,2
LENIMEN BIOTECH PRIVATE LIMITED,2
MEDROCK BIOTECH,2
AVIS PHARMACEUTICALS,2
ERA LABS,2
REDISUN PHARMACEUTICALS,2
ALGEN REMEDIES PRIVATE LIMITED,2
BIOWELL LIFE SCIENCES,2
PANCARE,2
LUCIFER & HESPER INDIA PVT LTD,2
SAVOY BIOTECH LTD,2
GEOCARE PHARMA,2
MEGACURE PHARMACEUTICALS P.LTD,2
KALWIN BIOMEDICA,2
PHARMAKRAFT THERAPEUTICS PVT LTD,2
CURASIA MEDILABS PRIVATE LIMITED,2
SIGN PHARMA,2
GBK HEALTHCARE,2
BUENO HEALTHCARE PVT LTD,2
RACHIL PHARMA,2
AMAGEN INDIA LIFE SIENCES,2
3 CUBE,2
ALCARE LABS PRIVATE LIMITED,2
EDOLF HEALTHCARE PVT LTD,2
EMMY PHARMACEUTICALS PVT LTD,2
RISHI HEALTHCARE,2
NEST HEALTHCARE PRIVATE LIMITED,2
PARIS DAKNER MICF,2
CARTEL LAB,2
ELISTA PHARMACEUTICALS,2
CAPS PHARMA LIMITED,2
KUTIS HEALTHCARE PVT LTD,2
LEFIABLE HEALTHCARE PVT LTD,2
ZERING SMITH LIFESCIENCES,2
HILT BRANDS INDIA PVT. LTD,2
MEDREX CARE PHARMA PVT LTD,2
HERMAS BIOTECH PRIVATE LIMITED,2
RX SOLUTION,2
CURE HEALTH CARE,2
BIDU BIOTECH,2
ROLAB (PTY) LTD,2
VENKYS NUTRITION,2
GENX PHARMA LTD,2
SAFE U PHARMACEUTICALS,2
ASTREOS HEALTHSOL PVT LTD,2
MYCURE PHARMA PVT LTD,2
PHARM BIOTECH,2
GRATIO HEALTH CARE,2
PEARL,2
YUAN CHOU CHEMICALS,2
NUVISTA PHARMACEUTICALS,2
WELDONE HEALTHCARE,2
METICULOUS,2
PAREX PHARMACEUTICALS PVT. LTD.,2
HYETO PHARMACEUTICALS PVT LTD,2
GALGOTIES PHARMACEUTICALS PRIVATE LIMITED,2
MILARD LIFE SCIENCES,2
ALTAR PHARMACEUTICALS PVT LTD,2
GREENLIFE PHARMA,2
OM BIOMEDIC PVT LTD,2
UNIROYAL PHARMACEUTICALS LTD.,2
HAHNEMANN LABORATORIES,2
JANSEEN PHARMACEUTICALS,2
MARS AVENTIS LIFECARE,2
GROWISH PHARMA,2
ZDL PHARMACEUTICS,2
HUADIZ PHARMACEUTICALS,2
BOGS INDIA PVT LTD,2
NEWSEARCH LIFESCINECES PVT LTD,2
ORTUM HEALTHCARE PVT LTD,2
VITALAE HEALTHCARE,2
VSAAR PHARMA PVT LTD,2
MEDLOCK HEALTHCARE PVT LTD,2
FERTIN INDIA PVT LTD,2
KEY WEST MEDICINES PVT LTD,2
AIDLEY FORMULATIONS,2
HIPPO LABS PRIVATE LIMITED,2
MEDWELL PHARMACEUTICALS,2
APEX HERBAL PRODUCTS,2
ZYCUSLIFE HEALTHCARE PVT LTD,2
DESTIN LABORATRIES PVT LTD,2
SINKONA HEALTH CARE,2
MARCK BIOSCIENCES LTD,2
SATYAM OPTHALMICS PVT LTD,2
MAESTRO PHARMACEUTICALS P.LTD,2
TTK,2
SANKALP HEALTHCARE PVT LTD,2
BIOPHARMACIEAA PVT LTD,2
INSYTE HEALTH CARE,2
AMBER HEALTHCARE,2
EIGEN PHARMACEUTICALS,2
SCORIA PHARMACEUTICALS,2
EMPHASIS PHARMA PVT LTD,2
ORCHIS PHARMA,2
DETOX REMIDIES,2
BRITISH BIOLOGICAL,2
GENUSIA LIFE SCIENCES,2
GOLDEN SURGIMED LTD,2
BALIN HEALTHCARE PRIVATE LIMITED,2
EURROSIA LIFE SCIENCES,2
ARISTA LIFE SCIENCES LLP,2
REZVACURE BIOTECH,2
NEUROCARE,2
MAXAMUS THERAPEUTICS,2
CRADLE LIFE SCIENCES PVT LTD,2
VOLL SANTE FUNCTIONAL FOOD AND NUTRACEUTICALS PRIVATE LIMITED,2
I-TRUST PHARMACEUTICALS,2
MANSPIC FORMULATION PRIVATE LIMITED,2
BENZ PHARMA,2
RUDOLF LIFE SCIENCES,2
GLOBELA PHARMA PVT LTD,2
GLISTEN LIFESCIENCES,2
RAIN REMEDIES,2
EMPOWER LIFE SCIENCES,2
AVISTAR LIFE SCIENCES PVT. LTD,2
MARSHA ORGANICS PRIVATE LIMITED,2
ZEUS DRUGS LIMITED,2
RADIANT PHARMACEUTICALS LTD,2
AERO-CHEM NEUTRON PVT LTD,2
ARKLE HEALTHCARE PRIVATE LIMITED,2
FLORA,2
HETVI LIFESCIENCES PRIVATE LIMITED,2
PHONDAGHAT PHARMACY,2
THOR DRUGS PVT LTD,2
MARINE HEALTHCARE,2
SMEAR PHARMA,2
DEVON,2
NEWGEN LIFE SCIENCES PRIVATE LIMITED,2
REX (U&A) REMEDIES PVT. LTD.,2
WET AND DRY PERSONAL CARE PVT LTD,2
TALOHSTY MEDMARK PRIVATE LIMITED,2
ZATINE COSMOCON PHARMA PVT LTD,2
GMH PHAMA PVT LTD,2
DRUG INTERNATIONAL LTD,2
HERBALIFE NUTRITION,2
ASTRON HEALTHCARE,2
JSLABORATORIES (P) LTD,2
ROMAN PHARMA,2
GEMINI LABS,2
OPTIMUS THERAPEUTICS,2
DOCTRIS LIFE SCIENCES PRIVATE LIMITED,2
FEROZSONS LABORATORIES LTD,2
BHAGWAT PHARMACEUTICAL LTD.,2
FOI PHARMA,2
VERTEX INDIA HEALTH CARE,2
ENRICO SCIENTIFIC PVT LTD,2
SYN LAB,2
CUSTODIAN PHARMA PVT LTD,2
ROYAL RESEARCH LAB PVT LTD,2
CAMPER HEALTHCARE,2
CAPRIUS,2
HORIZONE HEALTHCARE,2
ASIAN LIFECARE PVT LTD,2
FLORA & PHARMA,2
DACIOUS PHARMA,2
BIONOMICS LIFE SCIENCES PVT LTD,2
CARE LABORATORIES,2
ORBITAL HEALTHCARE PVT.LTD,2
BACANAS INDIA PVT LTD,2
DAKSH HEALTHCARE,2
SIMILIA HEALTH AND BEAUTY,2
ARLYN LIFESCIENCES PVT LTD,2
COVET BIOTECH PVT LTD,2
CENTURY DRUG PVT LTD,2
WANCURA LIFESCIENCES,2
AUSMED LIFE SCIENCE,2
BEN PHARMA,2
AMSTER HEALTHCARE,2
NISHA,2
ZODAK HEALTHCARE,2
ENDOCURA PHARMA PVT LTD,2
SERENTO DERMACARE PVT LTD,2
IMPEGNO PHARMACEUTICALS PVT LTD,2
COSMOINNOVATIONS PVT LTD,2
NAZ PHARMACEUTICALS,2
MEDINET PHARMACEUTICALS,2
ADINOS FASHIONS LIMITED,2
HAHNEMANN PURE DRUG CO.PVT,2
JARSON PHARMACEUTICALS,2
DIGNITY HEALTHCARE PVT LTD,2
AMAR-DEEP PHARMAS LLP,2
PEHAL LIFE SCIENCES PRIVATE LIMITED,2
ZERDIA HEALTHCARE PVT LTD,2
STANGAN PHARMA -2,2
KINETIC LIFE SCIENCE (OPC) PVT LTD,2
NIMERU HEALTHCARE AND COSMETICS PRIVATE LIMITED,2
HEALTHY WEALTH,2
ECHELON PHARMACEUTICAL,2
ZESTIK HEALTH CARE,2
ACCORD PHARMACEUTICALS,2
JYOTI HEALTHCARE PRIVATE LIMITED,2
SUNSIGN PHARMA,2
TRIMEDIX PHARMA,2
GENERA LABS,2
SELDOM PHARMA PVT LTD,2
SPLENZ PHARMACEUTICALS PVT LTD,2
LEWIS BIOSERCH PHARMA PVT LTD,2
MARSHA PHARMA,2
DSM NUTRITIONAL PRODUCTS,2
MMATRICS PHARMACEUTICALS,2
SHAIGAN PHARMACEUTICALS PVT LTD,2
GLOBIN PHARMACEUTICAL PVT LTD,2
CAREPRIDE PHARMA,2
MEDTRONIX HEALTH CARE,2
VOPEC PHARMACEUTICALS PRIVATE LIMITED,2
MARKS PHARMACEUTICALS,2
BRIYOSIS SOFT CAPS PVT LTD,2
BLOSSOM KOCHHAR BEAUTY P LTD,2
WHITEPATH,2
THIEST BIOTEC,2
GENERAL NUTRITION CORPORATION,2
AMBICA PHARMA,2
I-SENS INC,2
VIN SUPER FOODS,2
DOLPHIN PHARMATECH PRIVATE LIMITED,2
GSL PHARMACEUTICALS,2
UNKNOWN MANUFACTURER,2
IBIZ LIFE CARE PRIVATE LIMITED,2
MISLINUS,2
TRINICARE PHARMACEUTICALS,2
STANPRO PHARMACETIAL LTD,2
VARDHAMAN PHARMACEITICALS,2
HELIX BIOLOGICALS,2
ARDEN INDUSTRIES,2
LIFE SAVER,2
BRIGADE PHARMACEUTICALS PRIVATE LIMITED,2
RECH ELIST PHARMA,2
RAMANI ENTERPRISE,2
LEBON PHARMACEUTICALS,2
EINOXY LIFE SCIENCES,2
SIGNATURE PHARMACEUTICALS LIMITED,2
SWIZER BIOMEDICARE,2
TORCIUM BIOTECH PRIVATE LIMITED,2
BIOBRICK PHARMA HEALTHCARE,2
DEORIS HEALTHCARE,2
SUPER STAR,2
WELLCHON LAB,2
TULISON PHARMA,2
HIND PHARMA,2
MILLIGRAM LABORATORIES,2
BIOPOLIS LIFE SCIENCES PRIVATE LIMITED,2
ZYTEK PHARMACEUTICALS,2
ISCON LIFESCIENCES,2
HAWITT PHARMACEUTICALS PVT LTD,2
IMMUNITY HEALTHCARE PVT LTD,2
MEDISTAR LIFECARE PVT LTD,2
INMED THERAPEUTICS INDIA,2
NEON LABORATORIES LIMITED,2
ISHA AGRO DEVELOPERS PVT LTS,2
BIOGENETICS HEALTHCARE,2
VHRC ENHANCE NATURES BEAUTY,2
PILCO PHARMA,2
SAMSKRUTHY PHARMA PVT LTD,2
TARUN AYURVEDIC PHARMACY,2
DIASYS DIAGNOSTICS,2
ALDEM HEALTHCARE,2
BIOLAB,2
DELWIS HEALTHCARE PRIVATE LIMITED,2
INDUCARE PHARMA,2
ROSEFINCH LIFE SCIENCES,2
MEDSMILE PHARMACEUTICALS PRIVATE LIMITED,2
AESTICARE HEALTH SCIENCE LTD,2
DS PHARMA,2
VALIANTS PHARMACEUTICALS,2
IRIS PHARMA,2
ARCUS LABS PRIVATE LIMITED,2
SPECTRACARE LABORATORIES PVT LTD,2
PHARMACIA INDIA PVT LTD,2
CUREMED BIOTECH,2
NAVIL PHARMA,2
GLASCO PHARMACEUTICALS,2
D.S LABS,2
MACTO MEDISCIENCE (P) LTD,2
CIPL INDIA,2
MEDICATE LIFE SCIENCES,2
WELNINNOV PHARMACEUTICALS PRIVATE LIMITED,2
CHANDRA BHAGAT PHARMA PRIVATE LIMITED,2
QUINTUS LIFESCEINCES PVT. LTD,2
CURE MAX,2
ALAKANANDA HERBALS,2
ZAINARCO LABS PVT LTD,2
SHASUN PHARMACEUTICALS LTD,2
EARUM PHARMACEUTICALS PVT LTD,2
MELLITUS,2
AAURA CARE PHARMACEUTICAL PVT LTD,2
CYNO PHARMA,2
MEDIFLOWER HERBALS,2
MARK FORMULATIONS PVT LTD,2
V J HEALTHCARE,2
CHC HEALTHCARE,2
BALAN NATURAL FOOD PVT LIMITED,2
BIOBRICK PHARMA,2
FEMIDENT HEALTHCARE,2
SAPIENT PHARMA,2
SPECTRA PHARMACEUTICALS,2
L M LABORATORIES,2
VALENTINE REMEDIES INTERNATIONAL,2
BIOWORLD PHARMA,2
BHAVANI PHARMACHEM PVT LTD,2
GOPISH PHARMA,2
INVEL,2
PLA REMEDIES,2
ALBIORIX PHARMA,2
AUST INDIA LAB,2
MATISH HEALTHCARE,2
DICON HEALTHCARE,2
QRATIVE CARE,2
ACCLIMATE LIFE SCIENCE,2
GLAMOUR WORLD AYURVEDIC PRIVATE LIMITED,2
OMNI PROTECT DRUGS LTD,2
NEXUS,2
KAUSIKH THERAPEUTICS LTD.,2
LIGER LIFE LINKS (OPC) PRIVATE LIMITED,2
CARE VISION,2
DIVERGENT PHARMACEUTICALS PVT LTD,2
ARKAS PHARMA PVT LTD,2
JACKSON LABOTRIES PVT LTD,2
VISWASOORYA PHARMACEUTICALS,2
SUYAASH PHARMACEUTICALS,2
AMAZEAL LIFE SCIENCE PRIVATE LIMITED,2
SOWILO INDIA PHARMACEUTICAL PVT LTD,2
PARIPURNA HEALTHCARE,2
MAYA DRUGS & ANTIBIOTICS,2
TROVE PHARMACEUTICALS,2
DANISH HEALTH CARE,2
LINUS LIFE SCIENCES PVT LTD,2
GROCARE,2
RAAZEE THERAPEUTICS PVT LTD,2
AVEL LIFESCIENCE,2
UNI-SAN PHARMA,2
G J PHARMACEUTICALS,2
BIO PHOENIX HEALTHCARE,2
SINAG HEALTHCARE PVT LTD,2
SYS ENTERPRISES,2
HIND CHEMICALS LTD,2
MAVLAB PTY LTD,2
TRIUMPH REMEDIES PVT.LTD,2
ZYDUS FORTIZA,2
SOLVEIG LIFESCIENCES,2
GAAMA PHARMA,2
PASSIM MEDICA,2
SENTOSA GEIGY (INDIA) LABORATORIES LIMITED,2
ASPIRE LIFESCIENCES PRIVATE LIMITED,2
SAINT MICHAEL BIOTECH,2
CHLOROPHYLL PHARMACEUTICALS,2
ORB PHARMA PVT LTD,2
AMRITA DRUGS,2
MCWEL HELTHCARE PVT LTD,2
LIFESAVERS REMEDIES,2
THE WHITE HORSE PHARMA,2
XTENTIA LIFE SCIENCES,2
CAIUS PHARMACEUTICAL PVT LTD,2
UNIGROUPS PHARMA,2
DELIGHT REMEDIES,2
PANTENE,2
FLYWIN PHARMACEUTICALS,2
SMILAX HEALTHCARE DRUG COMPANY,2
LEE HEALTH DOMAIN (INDIA) PVT LTD,2
HEALING HANDS & HERBS PVT LTD,2
ADINEX HEALTHCARE,2
DR D PHARMA,2
SARTHAK PHARMA,2
PHARMAZONE LAB LIMITED,2
ZELUS PHARMA,2
RUBODEX HERBAL PVT LTD,2
RETEC FORMULATIONS PVT LTD,2
MODERN PHARMACEUTICALS,2
EXCEL HEALTHCARE PVT LTD,2
CARLISLE LABORATORIES LTD,2
REVOLUTION PHARMTECH,2
MEDICROSS LIFE SCIENCES,2
ESKEN PHARMACEUTICALS LTD.,2
AVENIR PHARAMACEUTICALS PVT LTD,2
MARICO LTD C/O SHREE DHANWANTARI HERBALS,2
OMAR HEALTHCARE,2
HOLISTIC LIFE CARE PVT LTD,2
S R DRUG LABORATORIES PVT LTD,2
NN REMEDIES,2
GENEKA BIOTEK,2
MANISH PHARMA LAB,2
AUREOLE PHARMABUTORS,2
ALPIC REMEDIES LTD.,2
GENCARE THERAPEUTICS INDIA PVT LTD,2
NARAYAN PHARMACEUTICALS,2
MORAL PHARMACEUTICALS PVT.LTD,2
DERMAZEN PHARMACEUTICALS,2
EYSYS PHARMACEUTICAL PRIVATE LIMITED,2
IRESSIA LIFE SCIENCES PVT LTD,2
RAFFLES PHARMACEUTICALS,2
ASTEROIDS HEALTHCARE PVT LTD,2
ROSSMED LIFE SCIENCES PRIVATE LIMITED,2
ULTIMATE,2
VISOPTIQUE REMEDIES INDIA PRIVATE LIMITED,2
ERIDANUS HEALTHCARE,2
PRANSHU,2
SERIN FORMULATIONS PVT LTD,2
CHATURBHUJ PHARMACEUTICALS,2
ETHILEXHEALTH CARE GUJ. LTD.,2
XYLOSE PHARMA,2
MACRO PHARMA,2
REMEDICAL HEALTHCARE,2
MEDMAX PHARMA,2
ARCO PHARMA PVT LTD,2
AMENITIES,2
PRISTINE PHARMA INDIA PVT LTD,2
MEDA PHARMACEUTICALS,2
COAX BIOREMIDIES PVT. LTD.,2
NUTRA-LIFE,2
OVERSEAS PHARMA PVT.LTD,2
OCTIS HEALTHCARE PVT LTD,2
ZUVIUS LIFESCIENCES PVT LIMITED,2
YAMUNA PHARMACY,2
WARIO PHARMACEUTICAL PVT LTD,2
SLASH LIFEVISION,2
GENOVA LIFESCIENCES,2
ORO PHARMACEUTICALS PVT LTD,2
SIHIL PHARMA,2
MERLIN PHARMA PVT LTD.,2
TITAN BIOSCIENCE PVT LTD,2
VENISTRO BIOTECH,2
MEGMA HEALTHCARE PVT LTD,2
H I HEALTHCARE PVT,2
PRIYA ENTERPRISES,2
HEALTH BIOLOGIS,2
SWORD PHARMA,2
KIOSENCE HEALTH CARE PVT LTD,2
ADIZA HEALTHCARE,2
KAITHY PHARMA,2
MARGAMS PHARMA PRIVATE LIMITED,2
GUJRAT GROWMED MARKETING INDIA PRIVATE LIMITED,2
KABIR PERSONAL CARE,2
MEDIZEN PHARMACEUTICALS,2
DERMA MEDICURE,2
NEOVAE PHARMA,2
WBPL FORMULATIONS,2
TRIVEDI AYURVEDIC PHARMACEUTICALS,2
INNOVA LIFESCIENCE,2
DERMONOVA PHARMA PRIVATE LIMITED,2
DISCOVERY MANKIND,2
TUTON PHARMACEUTICALS,2
FIRST CARE PHARMA,2
MEDETHICS PHARMA,2
STRATHSPEY LABS PVT LTD,2
V S MEDICO,2
SUN INDIA PHARMACY PVT LTD,2
NIMBLE PHARMACEUTICALS PVT.LTD,2
LECHEM,2
UNISHINE HEALTHCARE,2
JASPER REMEDIES,2
ABHINAV HEALTHCARE PRODUCTS PRIVATE LIMITED,2
ZENTIVA PHARMACEUTICAL,2
AVROHN PHARMA LTD,2
ZIZA ORGANICS PVT LTD,2
HUFORT HEALTHCARE PVT LTD,2
CARDIOS PHARMA,2
VIZITIVITY ENTERPRISE,2
MICRO 2 MEGA HEALTHCARE PVT LTD,2
BRUKEM LIFECARE,2
BIOSPACE LIFESCIENCES PVT LTD,2
CALGILL PHARMA PRIVATE LIMITED,2
TRIO HEALTHCARE PVT.LTD.,2
ARMAC,2
M.G. PHARMACEUTICALS,2
RAJ HERBALS PVT LTD,2
PALCO CHEMICALS LLP,2
IDEM HEALTHCARE PVT LTD,2
UNICARE PHARMACEUTICALS,2
GINSBURG DRUGS FORMULATION PVT LTD,2
HEALKRAFT PHARMA INDIA PVT LIMITED,2
SMART MARKETING,2
PLG PHARMACEUTICAL PVT LTD,2
ATRA PHARMACEUTICALS LTD,2
EURROSIA LIFESCIENCES,2
NATURO PHARMA,2
HAW PAR CORPORATION,2
VAGMIN PHARMACEUTICAL PVT LTD,2
WELLNESS HEALTH INC,2
VARDHMAN BIOTECH PVT LTD,2
PETAL LIFESCIENCES,2
KOMAL COTTAGE INDUSTRIES,2
SUNDAR CHEMICAL PVT LTD,2
CARO PHARMA,2
COPTIS HEALTHCARE PVT.LTD.,2
AVER PHARMACEUTICALS,2
MEDINEX LABORATORIES,2
ZENCURE LIFESCIENCES PVT LTD,2
ARVIND LABORATORIES PVT LTD,2
NOVOPHARMA FORMULTIONS (P) LTD,2
JPEE HEALTHCARE,2
MEDIMET PHARMACEUTICALS LTD.,2
RONYD PHARMACEUTICALS,2
MYRIADHUES HEALTHCARE,2
SURYA KRUPA MEDICARE,2
INCARNATE PHARMACHEM PVT LTD,2
EL V LIFE SCIENCES,2
MANDEVIS PHARMACEUTICALS,2
LOTUS SURGICALS,2
BIO HOME PHARMACY,2
XYATA LIFE SCIENCES PVT LTD,2
AZVESTON HEALTHCARE PVT LTD,2
ASTREL GENOME LIMITED,2
INDIAN GENOMIX,2
DESMA,2
KYLUS LIFE SCIENCES PVT LTD,2
REDISUN PHARMA,2
EDWINA PHARMACEUTICALS,2
LACKME,2
FAITH-BUILD PHARMACEUTICALS,2
STERLING PHARMA,2
AVIN HEALTHCARE,2
PRIST HERBOCHEM,2
PRORIENT PHARMACEUTICALS PVT LTD,2
ACHEMIC,2
LIVKON PHARMACEUTICAL PVT LTD,2
SEARCH PHARMA,2
MEDIAN BIOPHARMA,2
VIBRANT PHARMACEUTICAL PVT LTD,2
COLORS LIFE SCIENCES,2
EUGENE PHARMA,2
AMOX PHARMA,2
DERMATEK,2
CANDELA HEALTHCARE PRIVATE LIMITED,2
CALUS PHARMACEUTICAL PVT LTD,2
DOCTORS LAB,2
INDIAN VISION REMEDIES,2
SIGNATURE PHYTOCHEMICAL INDUSTRIES,2
BANFORD PHARMA,2
ALPHA DRUGS,2
AMBITIOUS PHARMACEUTICAL PRIVATE LIMITED,2
SOLVAY PHARMACEUTICALS LIMITED,2
BROOK PARKER,2
SAGE HERBALS,2
PADMAVATI PHARMACEUTICALS,2
ALEXPEN REMEDIES,2
MYRRA LIFECARE,2
ROXTERS PHARMA,2
SYMPARLIFE SCIENCES,2
AVAL PHARMA,2
ZAQ HEALTH CARE PRIVATE LIMITED,2
MAM EART,2
GENEDA PHARMACEUTICALS,2
MANSERVE PHARMA,2
HANDS PHARMACEUTICALS,2
JEEN HEALTHCARE,2
KLINE PHARMA.LTD.,2
HEALWELL INTERNATIONAL LIMITED,2
MYRA PHARMACEUTICALS,2
PREMIUM HEALTHCARE DISPOSABLES PVT. LTD.,2
FIVE STAR PHARMACEUTICALS,2
ASUWALDI PHARMACEUTICALS,2
RENE PHARMACEUTICALS PVT LTD,2
KURTI PHARMA PVT LTD,2
GLANTO HEALTHCARE,2
JC LIFECARE PVT LTD,2
JUST PHARMA,2
WELFEED REMEDIES PVT LTD,2
BAYER PHARMACEUTICALS PVT LTD,2
ACHIEVAA PHARMACEUTICAL INDIA PRIVATE LIMITED,2
GAVINS PHARMA PVT LTD,2
CRASSULA PHARMACEUTICAL PVT.LTD,2
THERDOSE PHARMA PRIVATE LIMITED,2
MOHRISH PHARMACEUTICALS,2
KERIS PHARMA,2
GLOVEL HEALTHCARE PVT LTD,2
SYNTRO HEALTH CARE,2
MEDICHI BIOCARE,2
KHOJATI AYURVED,2
CHEMO DERMA,2
BALAJI AYURVED SANSTHAN,2
MAHENDRA PHARMACEUTICALS,2
RIPHARMA LABORATORIES LTD,2
CORNEAL CARE LIFE SCIENCES,2
SNOMED HEALTH CARE,2
DIGMEDI (P) LTD,2
SINGRO LOGISTICS,2
JAGDALE LIFESCIENCES,2
DIVYA PHARMACY,2
UNITED LABS,2
CUBER LIFESCIENCE,2
HELPZYN PHARMACEUTICAL,2
SRI ANANTHA PADMANABHA SWAMY PHARMA PVT LTD,2
PARICHAY PHARMA,2
DEE INDIA HERBALS,2
XSEED PHARMA,2
LORD'S CARES BETTER,2
DREAMINDIA PHARMACEUTICALS,2
BIOSHINE HEALTHCARE PRIVATE LIMITED,2
MYHAZ PHARMA PVT LTD,2
ABC,2
EMMI,2
POWER LABS,2
EL DORADO BIO TECH PVT LTD,2
KEEO PHARMA,2
SAIVIS HEALTHCARE PVT LTD,2
PURPLE MEDICINES,2
DEEP PHARMACEUTICALS,2
PROCHEM INDIA PVT LTD,2
ENZEM PHARMACEUTICALS PVT LTD,2
SAIOTAB FORMULATION,2
WALTER BUSHNELL,2
TEVA PHARMACEUTICALS,2
ELDORA HEALTHCARE LTD,2
DEL TAMED REMEDIES,2
EPINOVA THERAPEUTICS PVT LTD,2
PHAEDRUS LIFE SCIENCESPVT LTD,2
EGIS PHARMA,2
S C PHARMACEUTICALS PRIVATE LIMITED,2
HY-GRO CHEMICALS PHARMATEK PVT LTD,2
MEDIMAX PHARMA,2
CANVARZYS CARE PVT LTD,2
MISHA BIOTECH PRIVATE LIMITED,2
INDOCLONE LAB PRIVATE LIMITED,2
INFINITE PHARMACEUTICALS,2
CONDOR HEALTHCARE,2
STAYER PHARMA PVT LTD,2
RIOCURE PHARMACEUTICALS PVT LTD,2
CADMA BIOTECH LTD,2
PUNJAB FORMULATIONS,2
SMS PHARMACEUTICALS LIMITED,2
MARI GOLD REMEDIES,2
WELBE LIFE SCIENCES,2
GLOBAL PVT LTD,2
Q CHECK SPECIALITY CARE PVT.LTD,2
LENSKART SOLUTIONS PCT LTD,2
DERMATOPICS HEALTHCARE,2
ZIS BIOPHARM,2
ZENON HEALTH CARE LIMITED,2
KAPS LIFESCIENCES,2
GLOBATE PHARMA,2
INTEGRATED LABORATORIES PVT LTD,2
ORION LIFE SCIENCES,2
PSYCOGEN CAPTAB,2
CADDILINE EXPORTS PVT LTD,2
GLOW VISION,2
ENGLISH PHARMACEUTICAL INDUSTRIES,2
B B REMEDIES PVT LTD,2
JASMINE HEALTHCARE,2
ANCIL LABORATORIES,2
AUBE LIFE SCIENCE,2
INFOPIA CO LTD,2
PROTEGER LIFE SCIENCES,2
ELDROGA LIFE SCIENCES PRIVATE LIMITD,2
HINDUSTAN MEDICINES PVT LTD,2
GENCURE MEUTRACEUTICALS,2
PLASMA HEALTHCARE PRIVATE LIMITED,2
BIOGENETICA,2
ZOETIC FORMULATIONS,2
DAIRIMILK,2
AAGAM LIFESCIENCES PVT LTD,2
VALENTIS PHARMA,2
RAYBROS MEDICAMENTS PRIVATE LIMITED,2
ONLY NATURAL,2
EVERZEN HEALTHCARE,2
SUB MIX COMPANIES,2
ZEDAWN LIFESCIENCES PVT LTD,2
JAYWIN REMEDIES PVT LTD,2
BENATURAL HEALTHCARE PVT LTD,2
ALRED HEALTHCARE,2
ULTRA HEALTHCARE PVT LTD,2
SHERIM SQUIBSS PHARMA PRIVATE LIMITED,2
KAPS LIFE SCIENCES,2
KRISHCARE FORMULATIONS,2
OYSTER LABORATORIES,2
BIOSPARK PHARMA,2
MEDIWAVE LIFE SCIENCES PRIVATE LIMITED,2
QUIVER PHARMA PRIVATE LIMITED,2
GLYCO BIOGENETICS,2
CUBE HEALTHCARE,2
RATNAMANI HEALTHCARE PVT LTD,2
COSMOS RESEARCH LAB LTD,2
LEVIN HEALTHCARE PVT LTD,2
THORAX PHARMA,2
CARAM HEALTHCARE,2
SUNSHINE BIOTECH,2
GLIDE ORGANICS,2
BRD HEALTH SCIENCES,2
NEXTWA INDIA,2
INUUS HEALTHCARE PRIVATE LIMITED,2
SCODEX PHARMACEUTICALS,2
BHUMI PHARMACEUTICALS,2
NIVULIA LIFESCIENCE PVT LTD,2
CARE BIOCHEMICALS PRIVATE LIMITED,2
FEDLEY PHARMACEUTICALS,2
CORNEL PHARMACEUTICALS PVT. LTD.,2
SHREE RAJ PHARMACEUTICALS,2
SUVI PHARMA PVT LTD,2
RAJNISH AYURVED,2
BOOTS LIFESCIENCES LIMITED,2
KEESAN PHARMA,2
REVIVE HEALTHCARE,2
AELIDA HEALTHCARE,2
SRI KRISHNA AUSHADHALAI,2
ARYA VAIDYASALA KOTTAKKAL,2
STENKEM MOLECULES,2
EDJEN,2
RAJVAIDYA SHITAL PRASAD & SONS,2
BRAIN AND HEALTH PHARMACEUTICALS,2
MINERAA PHARMA,2
J.B.REMEDIES,2
BRACCO DIAGNOSTIC INC,2
ZOERICH HEALTHCARE PRIVATE LIMITED,2
AHLCON PARENTERALS INDIA LIMITED,2
AMRONA MEDICAL,2
S.G. PHARMACEUTICALS LTD,2
PLUS INDIA,2
CHEMICAL RESOURCES,2
ANEXAS PHARMACEUTICALS,2
CURWELL PHARMA,2
EUROZEN HEALTHCARE,2
SAMSON LABORATORIES PVT LTD,2
HIND.TRUST,2
DENMARC REMEDIES,2
EDRIC PHARMACEUTICALS,2
LOTUS INTERNATIONAL,2
ERVA HEALTHCARE PRIVATE LIMITED,2
SHIVON LIFE SCIENCES PVT LTD,2
SYNTONIC LIFE SCIENCES,2
NITIN LIFESCIENCES LTD,2
BHAWANJI LAKHAMSHI MODY CO,2
AV GROW HEALTHCARE,2
STRIVEO HEALTHCARE PVT.LTD,2
PRIME LIFE SCIENCE PRIVATE LIMITED,2
RELIEF FORMULATIONS PVT LTD,2
MUN HEALT PRODUCT (INDIA) PRIVATE LIMITED,2
VRDDDHI LIFE SCIENCE,2
FENFURO PVT LTD,2
MBP PHARMACEUTICALS PVT LTD,2
PIONEER PHARMA CO. LTD,2
A S PHARMA,2
SYNAXIS LAB,2
AMRON HEALTHCARE COPORATION,2
ELBEN BIOTECH PVT LTD,2
HART HEALTH,2
PHARMCURE HEALTH CARE,2
RATANGIRI INNOVATIONS PVT LTD,2
AMGOAL PHARMA,2
ORYZER BIOTEC PVT LTD,2
BIPHA DRUG LABORATORIES,2
DAIWA PHARMACEUTICALS,2
MEDILINK LABORATORIES,2
PALS HEALTHCARE,2
ZEEZ PHARMACEUTICALS PRIVATE LIMITED,2
SUNFLOWER PHARMACEUTICALS,2
VETRINA HEALTHCARE PRIVATE LIMITED,2
CARE EXIM,2
SHUBHAM PHARMACEUTICAL,2
SERDIA PHARMACEUTICALS (INDIA) PVT. LTD.,2
SEARLE INDIA LTD,2
PHAROS PHARMA,2
WYETH LEDERLE LIMITED,2
SAS PHARMACEUTICALS PVT.LTD,2
SPADE,2
CAPTAB PHARMACEUTICAL,2
IRZA PHARMA PVT LTD,2
YUVENTIS PHARMACEUTICALS,2
UNISWEN MEDISCIENCES,2
ZYVIEON LIFE SCIENCES,2
AVIGENEX INNOVATIONS PVT LTD,2
DR BATRA'S,2
PULWIN PHARMA PVT LTD,2
MEDIC LIFESCIENCE PVT LTD,2
KLENZA,2
ELLAN HEALTHCARE,2
SHAIMIL LABORATORIES,2
MODRON HEALTHCARE,2
MAXWELL FORMULATIONS,2
VENTTURA BIOCEUTICALS PVT.LTD,2
INTENCIS DERMA CARE,2
SUPERNOVA PHARMA,2
RELPHIA LIFESCIENCE,2
GREENTEK HEALTHCARE,2
KOLAZ BIOTECH PRIVATE LIMITED,2
CHIMAK HEALTHCARE,2
ADLEY SUPPORTIVE CARE,2
FLANCA LIFE SCIENCES,2
PERFECT REMEDIES,2
PHARMASIA LTD,2
SR BIOTECH,2
AXLE FORMULATIONS,2
UNIMED UNIHEALTH MFG. LTD.,2
MAKEWELL PHARMACEUTICAL CO.,2
RAPPORT REMEDIES,2
RIGHT WIND HEALTHCARE,2
ROSETTE PHARMACEUTICAL,2
MEDDOX FORMULATIONS,2
SMITHWAYS ONCOLOGY PVT LTD,2
GREENLIFE HEALTHCARE,2
HEALTHXR,2
ZYDUS SYNOVIA,2
MOHAMEDDIA PRODUCTS,2
ALTIES HEALTHCARE,2
CITRIC LABS,2
VIBDRUGS BIOSCIENCES,2
PHARMANOVA SPECIALTIES PVT LTD,2
GENESIA PHARMACEUTICALS (I) PVT LTD,2
BOND HEALTH CARE,2
BOMBAY HOMOEO LABORATORIES,2
REMAN LIFECARE PRIVATE LIMITED,2
EKTEK PHARMA,2
DR DAWAKHANA PHARMA,2
LEEGENIC PHARMACEUTICALS,2
LIFEON PHARMACEUTICALS,2
OSASUN PHARMA,2
GRENERA,2
SURYA HERBAL LIMITED,2
ELINA LIFESCIENCES PRIVATE LIMITED,2
H AND P PHARMACEUTICALS,2
NOVOLIFE HEALTHCARE,2
ENVY FRENCH FRAGRANCES,2
SRI DHANVANTHARI,2
MANNEQUIN PHARMACEUTICALS,2
IVY HEALTHCARE PVT LTD,2
BRITTCO PHARMA CARE,2
MYTO PHARMA,2
STADIA BIOTECH,2
IRIZER LABORATORIES INDIA PRIVATE LIMITED,2
PROCHEM BIOCEUTICALS,2
HEALTH PARTNER,2
AROSA BIOTECH PRIVATE LIMITED,2
MENPER DISTRIBUTORS,2
RADICALS PHARMA LTD,2
JEEVAN JYOTHI PHARMACY PVT LTD,2
CADBLESS LIFE CARE,2
VINS BIOPRODUCTS LTD,2
SANOGEN PHARMA PRIVATE LIMITED,2
METABOLIC MAINTENANCE,2
RAYMOND CONSUMERS L,2
MOR MEDICS SCIENCE & TECHNOLOGIES,2
OMEE,2
ALLO PHARMA,2
SHARMA MEDICAL,2
AMIT,2
RASHALA,2
MATOSHREE,2
SHANTI,2
APPNA VASELINE,2
ATTAR,2
SHARANDHAR,2
GENARIC,2
ABCD,2
DLL,2
HESH HERBAL PVT LTD,2
WEELMED,2
HEAN AND SHOU,2
CM C,2
WHISCAS,2
CLEAN AND CLEAR,2
COCO,2
COMFORT,2
IQ,2
DISPO VAN,2
DUDHI,2
PLS,2
HEALTH HAPPINESS,2
ELOSOS,2
MOSONS EXTRACTIONS PVT.LTD,2
HETRO HALTH CARE,2
GATSBY,2
XOAN,2
RASSHALA,2
DR MORPEN,2
KHATNI,2
NAREDA,2
LASER,2
LIFEBOY,2
LITTELS,2
MARGO,2
MEDLY,2
JB PHARMA,2
LANDL,2
OMINIGEL,2
OM MAHALAXMI,2
PRAKASH,2
PILGRIM,2
PATNE,2
ALBUDA,2
RANBAXY LABORATORIES LTD,2
DR SAPAT,2
SESA CARE PVT,2
MU,2
STREX,2
SET WET,2
BD,2
TONA,2
VASLINE,2
WISPER,2
WHITE TONE,2
WILD STONE,2
POLLEN INDIA,2
MODELEZ INDIA FOOD PL,1
PDKARE NITRILE,1
LAKIEGENIA INTERNATIONAL,1
DR PAULS,1
KIRKLAND,1
AYURPETALS,1
UTTAM ENTERPRISE,1
ASBA PRODUCTS,1
RADISSON PHARMACEUTICALS,1
NEISS WELLNESS (INDIA) LTD,1
LUCID INTERNATIONOL,1
AMBISOL PHARMA PVT LTD,1
DR.SUDHA'S,1
PLUS FORMULATION,1
ASHVIK HEALTHCARE,1
MGRM,1
AESTHETIX COSMECEUTICLAS,1
SANKALP THERAPEUTICS,1
NRN INTERNATIONAL,1
ADIRA VINEGAR,1
MERVA LIFE SCIENCES,1
RITA RUBBER WORKS,1
NUTRACLIN,1
SUPREME MEDICAL DEVICES,1
SOLASZ,1
WEONY INDUSTRIAL LIMITED,1
HERO MEDIVA,1
THEO SOLUTIONES PRIVATE LIMITED,1
REDYNS REMEDIES,1
SAFRON PHARMACEUTICALS,1
NINGBO ICLIPPER ELECTRICAL APPLIANCES LTD.,1
OPES,1
A M LABS,1
HEMBROS FOODS LLP,1
INTERNATIONAL COSMECEUTICALS,1
RICHCURE PHARMA,1
MAGNUS LIFE SCIENCES,1
VALOR PHARMACEUTICALS,1
HELIOCARE,1
SUNDOSA-SL,1
PROSPER CHANNEL LIFESCIENCE INDIA PVT LTD,1
DR. TYRANT'S,1
JYM,1
FOUR S LAB,1
AASHA HEALTHCARE,1
ALCO PHARMA LIMITED,1
MEDTECH,1
HERBAL NUTRIPRODUCTS PVT LTD,1
STALION SPECIALITIES PVT. LTD.,1
AUSTRALIAN BIO CARE,1
BO HUI,1
UNIPHARMA (PVT) LTD,1
MITOCON BIOMED,1
TEQTIS INDIA,1
XAVI BIOTECH PVT LTD,1
SORINSUN HEALTHCARE,1
NINGBO LUKE MEDICAL DEVICES CO. LTD.,1
NATIVE REMEDIES,1
HOLLYHOCK HEALTH CARE PVT LTD,1
HCP WELLNESS LLP,1
CO V KAR GENETIC MEDICINES LTD,1
PARAGON PHARMA,1
ABIDE ENTERPRISES,1
BENATURAL HEALTHCARE,1
SEBAMED,1
SAPIEN LAB,1
ARIKKAT TRADES AND EXPORTS,1
AKRITI PAHRMACEUTICALS PVT LTD,1
JAIWIK,1
LACSIMS PHARMACUTICALS,1
MAXIS PHARMACEUTICALS,1
MEDITEK FUTURO,1
SHARP BUSINESS SYSTEMS INDIA PVT LTD,1
COGNITIO CARE,1
VIBRAC ANIMAL HEALTH,1
AONE EQUESTRIAN APPARELS,1
FRANK BIOTIC REMEDIES (I) LTD,1
ROYON PHARMACUETICALS,1
DURAMED LIFESCIENCES PRIVATE LIMITED,1
DIPITR TECHNOLOGIES,1
BANGA INTERNATIONAL,1
GANPATI HEALTH CARE,1
DERMA LIFE SCIENCE,1
DR. AID,1
DEV CARE,1
AAPHIA HEALTHCARE,1
UNIGLOVES,1
MEDLIVE PHARMA PVT LTD,1
ATCO LABORATORIES LIMITED,1
HOT PRODUCTS,1
CHATWAL,1
RAMBURG PHARMA,1
INWI,1
CUTICOS,1
KILTER CURE INDIA PVT LTD,1
OZOCHECK,1
KANEKA CORPORATION,1
AXION LABORATORIES PVT LTD,1
DEVCHEM BIOTECH,1
RAI YAWAT PHARMACEUTICALS,1
VANTAS BIOTEC PRIVATE LTMITED,1
ANDRE LABORATORIES,1
MEYER ORGANICS PVT. LTD.,1
OPTIMUS NUTRACHEM,1
CASOMED PHARMACEUTICALS,1
BAXTER AG,1
UNIPADS INDIA PVT LTD,1
MARICO LTD C/O PRITAM INTERNATIONAL PVT. LTD,1
BELLA PREMIER HAPPY HYGIENECARE PVT LTD.,1
MEGA PHARMA,1
LIVLIFE PHARMA,1
OREDIA THERAPEUTICS PVT LTD,1
JAINAM INVAMED PVT. LTD,1
EDALLIA PHARMACEUTICAL,1
SKIN PLUS,1
DHRONNA MARKETING PVT LTD,1
DIVERSE HEALTHCARE,1
BIOAQUA,1
SYNDY PHARMA,1
LI PHARMA,1
CLOVER LIFE SCIENCES,1
BICARDIA AND BICARDIA HEALTHCARE PRIVATE LIMITED,1
MEDITOP CORPORATION,1
WAFTURE HEALTHCARE PVT LTD,1
COMPHRENENSIVE HEALTH CARE PVT. LTC.,1
SAVLON SURFACE DISINFECTANT SPRAY 170 ML,1
SPIRITUS HEALTHCARE PVT LTD,1
AVENE,1
HAMPS BIO PRIVATE LIMITED,1
MEDROSE PHARMA,1
ORITE PHARMACEUTICALS,1
SHIVOM INDUSTRIES PRIVATE LIMITED,1
EASYFIT,1
GYNO MARK PHARMA PRIVATE LIMITED,1
NETWAY HOME PRODUCT (I) PVT.LTD.,1
SUNSHINE INDUSTRIES,1
VICTORIA PHARMA,1
ELIZENCE LIFECARE LIMITED,1
NESA CLS 3B,1
ANSHIKA LIFESTYLE,1
UVTECH BIOSCIENCES PVT LTD,1
RASU AB,1
PRATIK ENTERPRISE,1
N.G ELECTRO PRODUCTS PVT. LTD.,1
DR. HEALTH PLUS,1
HARIDWAR COLORS,1
ASHLITE HEALTHCARE,1
LILO,1
VG HEALTHCARE,1
MARICO LTDC/O GINNI FILAMENTS LTD,1
LIVESTAMIN HEALTHCARE LLP,1
JEWEL CONSUMER PVT LTD.,1
SRI VINAYAGAR SURGICALS,1
T & G LIFE SCIENCES,1
JHS SVENDGAARD LABORATORIES LIMITED,1
APN TECHNOCRATS,1
TIMES DRUGS & PHARMACEUTICALS PVT LTD,1
MEDICOM INTERNATIONAL EYETECH PVT LTD,1
PREPAIR,1
AADVIK LIFE,1
ARORA ENTERPRISES,1
TRUENORTH HEALTHCARE LLP,1
MAY AND BAKER PHARMACETICULS,1
G.K. BIOSCIENCE INDIA PVT LTD,1
CHERYL'S,1
GYNOSURGE INDIA,1
VINTECH PHARMACEUTICALS,1
STEELAR PHARMACEUTICALS,1
SAPIENS LAB,1
JAY PLAST,1
VAXOVA DRUGS PRIVATE LIMITED,1
BSN,1
HILIFE NUTRITION,1
RR ENTERPRISES,1
STAYSFRE,1
LA ROCHE-P0SAY,1
DX PRODUCTS,1
MAXMED LIFESCIENCES PVT. LTD.,1
ARIHANT MEDICO,1
NAMI LIFE SCIENCES PVT LTD,1
A.VOGEL,1
GLABAL HEALTHFIT RETAIL INDIA LLP,1
HEAL (INDIA) LABORATORIES,1
ABRONIC HEALTH CARE,1
MEDVAC PHARMACEUTICALS,1
ST. D'VENCE,1
ROMSONS JUNIORS INDIA,1
FLEXUS SURGICALS PRIVATE LIMITED,1
GENESIS HEALTHCARE,1
DIVISA,1
CORNEUM BIOTECH,1
MEDIKARE,1
ECOBEST FORMULATION,1
VVF INDIA PRIVATE LIMITED,1
CIVANSH LIFE SCIENCES,1
UNEXCO LIFE SCIENCE,1
ZEE DRUGS,1
EUTHEON LIFE SCIENCES PVT LTD,1
DELHI CRYOGENIC PRODUCTS PVT LTD,1
FNADH,1
DONGGUAN DUNNIAO ELECTRONIC TECHNOLOGY CO. LIMITED,1
BIODERMIS,1
PRIMACY AEROTECH LIMITED,1
NANSOM HEALTHCARE PVT LTD,1
SPOOSID PHARMACEUTICALS INC,1
EAST AFRICAN INDIA OVERSEAS,1
LION PRODUCTS,1
ZENOMED HEALTHCARE PVT LTD,1
HUL-UTTRANCHAL-CLS 2 UNIT,1
BOERICKE & TAFEL,1
NEW ADULT CONCEPT,1
JYOTI CAPSULATIONS PVT LTD,1
NUTRAVO LIFECARE PVT.LTD,1
RECESSA,1
ROWAN PHARMENA,1
YTY INDUSTRY (MANJUNG) SDN. BHD.,1
KURIZON HEALTHCARE PVT.LTD,1
NITTA GELATIN INDIA,1
DR.COPPER,1
DINGYE,1
APSOLABS,1
CEMACH PHARMACEUTICAL PRIVATE LIMITED,1
PIPING ROCK,1
NANO CLEAN GLOBAL PVT LTD,1
IOXIN PHARMACEUTICALS,1
CEZANE REMEDIES,1
AMZEN THERAPEUTICS,1
ARCHES PHARMA,1
LAKE CONSUMER PRODUCT,1
SURYA INTERNATIONAL,1
RACKE,1
AYOUR,1
PASSIM MEDICHEM AGENCIES,1
PM,1
SOFTGEL HEALTHCARE PVT. LTD,1
BARGE NUTRITION AND SUPPLY,1
FUTURE SKIN PRIVATE LIMITED,1
PARTACHUTE,1
EMTREAT PHARMACEUTICALS PVT LTD,1
WON HEALTHCARE PVT LTD,1
KHAM PHARMA,1
WISEFEMY,1
EUJEN LIFESCIENCES PVT LTD,1
LIAOYANG BAILE HEALTH PRODUCTS CO.,1
SATYAM INDIA,1
ONE,1
NASLE,1
ASTABERRY BIOSCIENCES,1
VASANT PHARMA,1
YASHI HERBAL,1
TVS BRAND MUMBAI,1
SCHIRON LIFE SCIENCES INC,1
BSMART SOLUTION,1
LORDS,1
DRIGBHYAM PHARMACEUTICAL PVT LTD,1
PRACHUTE,1
GENWELL HEALTH SOLUTIONS,1
ADHISVAR PHARMACEUTICALS PVT LTD,1
BIO ORGANICS PVT LTD,1
ASHA LIFE SCIENCES PVT LTD,1
SLOANS,1
RECCKET,1
LUMBAR,1
NEUD,1
KREEP,1
ARHAM SURGICALS & HEALTHCARE,1
SUNSHINE WEIGH SYSTEMS PVT LTD,1
TILSMI,1
AUK LIFECARE,1
SHUNGA,1
ONLIVE BUSINES,1
PENGUIN,1
PROGNOSIS LIFESCIENCES PVT LTD,1
SANJEEVANI CHIKITSALAYA,1
RSP NUTRITION,1
CORDIAN LIFESCIENCES,1
AMAZING ENTERPRISES,1
UNIVA MEDICA,1
AROBIC REMEDIES,1
VIKAMSHI FABRICS PVT LTD,1
ADVANCE MUSCLEMASS,1
SAPTRISHI HERBALS,1
NEOLACTA LIFESCIENCES PVT. LTD.,1
JAYAMUTHU SURGICALS,1
SEASONS MEDICARE PVT LTD,1
SMEAR INDIA HEALTHCARE PVT.LTD,1
MERIDIAN PHARMACEUTICALS,1
MIHTRA WELLNESS,1
CATALYSIS,1
OJAS HUMAN SCIENCES INDIA PVT LTD,1
SENSUVA,1
GEL INC,1
HINDVEDA PRIVATE LIMITED,1
RIDGECREAT HERBALS,1
HEAL SURE LIFE SCIENCES,1
NATURE ABANI BIOTIC PVT LTD,1
DER-JOINT HEALTHCARE PVT LTD,1
DHARAM MARKETINGS,1
AARP PHARMA,1
GLUCOZERO NATURALE,1
D.H INTERNATIONAL,1
DUGEN PHARMACEUTICALS PVT LTD,1
HANSON MEDICAL INC,1
SARA HEALTH CARE PVT LTD,1
CERABELLE,1
MANARA BIO PHARMA,1
GLOBAL CORPORATION,1
NOVEL TISSUE PVT LTD,1
BHUSHAN SURGICAL,1
MAHENDRA HOMOEO PHARMACY,1
ARTH ART,1
NETSURF,1
ATLANDIS,1
BIUMARK DERMACEUTICALS PVT LTD,1
CENTRUM,1
TANZER LIFECARE PVT LTD,1
RALYCOS LLP,1
MAGATHI PHARMAA,1
TANSUKH HERBALS PVT LTD,1
NEETU HEALTH SUPPLEMENT,1
4 IN 1 INFOTECH,1
MENTHODEX,1
ALLOY FOLDAWAY,1
LIVIA HEALTHCARE,1
PRAISE PHARMACEUTICALS PVT LTD,1
BLUE CROSS LABORATORIES LTD,1
UNISUR,1
OM REMEDIES,1
FLIGHTEK CO. LTD.,1
CARE CLEAN COSMOCEUTICALS,1
HOLISTA TRANZWORLD PVT LTD,1
VYAS PHARMACEUTICALS,1
YTILIGA PVT.LTD,1
MAXZEN BIOTECH,1
YUZDERM PHARMACEUTICALS P. LTD,1
PENDULUM LIFESCIENCES PRIVATE LIMITED,1
NASILO HEALTHCARE PVT LTD,1
ANOGEN PHARMA,1
NAMO GANGE WELLNESS PVT LTD,1
STERICON INDIA PVT LTD,1
PHARMA SYNTH FORMULATIONS PVT,1
DEHLVI REMEDIES,1
NEZAL HERBOCARE,1
GRL,1
APPLIED NUTRITION SCIENCES,1
B D PHARMACEUTICAL WORKS PRIVATE LIMITED,1
SAPLING PHARMACEUTICALS,1
KOSMOLIVE SKIN CARE,1
CONSOLE INDUSTRIES,1
TTARA NUTRICARE,1
APICEPT PHARMA,1
MEDTERRENE,1
PRIMROSE BIOTECH,1
NEEL DERMA,1
DASSIL PHARMACEUTICAL PVT LTD,1
AARYA SURGICAL SOLUTIONS,1
VIVIFI LIFE SCIENCES PVT LTD,1
ORAYA,1
GENDRA PHARMA,1
MATMON PHARMACEUTICALS,1
ELITE LIFESCIENCES PVT LTD,1
HORPHAG RESEARCH,1
SUPARSHVA SWABS,1
ALPHA HEALTHCARE MEDICO,1
ESSITY HYGIENE AND HEALTH LAB,1
SINKHAI HEALTHCARE LTD,1
GENEVA BIOCARE,1
BHARAT BIO TECH INTERNATIONAL,1
DUFRAN INDIA PVT LTD,1
BALARK PHARMACEUTICALS,1
VRICO,1
RAYON HEALTHCARE,1
JOBS BIOTECH,1
MICROCLEER,1
ORACLE HEALTH PARK,1
UNNI BEST HEALTH CARE,1
HERBAL STRATEGI,1
EMINENT HEALTHCARE,1
SHANKAR PHARMACY,1
RACH LIFECARE PRIVATE LIMITED,1
UNISERVE HEALTH CARE,1
SWAN THERMOMETERS (INDIA),1
KUEMEN NUTRACEUTICALS,1
ZEON LIFE SCIENCE,1
VICHY LABORATORIES,1
HUXLEY & COMPANY (INDIA),1
KOTTAKKAL ARYA VAIDYA SALA,1
HERMES INTERNATIONAL,1
BRIJ PHARMA,1
MARTIN AND HARRIS PVT LTD,1
V R HEALTHSCIENCE PVT.LTD,1
ASWINI,1
RIAN IMPORTS & MARKETING,1
SAGA MARKETING,1
VESTAS LIFE SCIENCES,1
SERICHA,1
BODYFUELZ,1
SEDGE BIOCEUTICALS,1
SEARLE PAKISTAN LTD,1
ORANGE RESEARCH LAB,1
HERAMED LTD,1
SIERRAPHARMA,1
DGC WELLNESS,1
KREBZ HEALTH CARE PRIVATE LIMITED,1
DE FABULOUS INC,1
PURECON,1
SRUSHTI HERBAL PHARMA,1
HEALTH SPECIALITIES PVT LTD,1
QADRI DAWAKHANA,1
MARS MEDISOAP,1
AYURLIFE REMEDIES,1
MAXTER,1
CLEAR HEALTH CARE,1
AMERIC N ASTOS PHARMACEUTICALS,1
VOX DEI LABS,1
SMOOTH E,1
IHTIN JAAR DERMA CARE,1
NASIBDAR GROUP OF COMPANIES,1
KABIR AUSHADHALY PVT. LTD.,1
SWATI PHARMA,1
C AND D MEDICAMENTS,1
MIDUS PHARMA,1
NATURAL CARE,1
MARS HEALTHCARE,1
SANWARIA PHARMA PVT LTD,1
PIRAMAL PHARMA LIMITED,1
SURGITECH INNOVATION,1
ALLIANCE CARE BIOLIFESCIENCES PRIVATE LIMITED,1
TOMMY,1
STYLE SPLASH,1
SIYU PHARMA,1
SENSUVA G HOW I ADORE YOU G-SPOT STIMULANT CREAM - 50 ML,1
UNIVERSAL COSMETICS,1
VENKATESHWARA B.V BIOCORP PVT LTD,1
ALTIUS PHARMACEUTICALS PVT LTD,1
VIVISCAL LIMITED,1
PETCARE,1
PURO,1
ELINOVA PHARMA PVT LTD,1
NUPAL REMEDIES,1
SATYAM ENTERPRISES,1
A.R.PHARMACEUTICALS,1
EU GENIA,1
POLY MEDICURE LTD.,1
BLESSING HEALTHCARE,1
PUSTHI AYURVEDIC,1
TGB BIOSCIENCES PVT LTD,1
BECKHEM INTERNATIONAL,1
JANTA DARDMAND DAWAKHANA,1
MAC REMEDIES PVT LTD,1
SPANDEL ENTERPRISES PVT LTD,1
VEOJE COSMETICS,1
AKASH PHARMA PVT LTD,1
FULLIFE HEALTHCARE PVT LIMITED,1
MEDICON BIOTECH PRIVATE LIMITED,1
Z. N. PHARMA,1
DERMISCARE,1
MEDIYES PHARMA,1
JAIN SOAP AND DETERGENT,1
DR. MULTANI HEALTH CENTRE,1
MATRIXX FORMULATION,1
ROMSONS,1
SIMANDHAR,1
ALL4PETS,1
ZEALOUS PHARMACEUTICAL PVT LTD,1
INTERNATIONAL MARKETING CORPORATION PVT LTD,1
MIL LABORATORIES,1
NURICA HEALTH AND MEDICARE,1
USTRAA,1
AVECON HEALTHCARE PVT LTD,1
ELEANOR PHARMACEUTICALS PVT LTD,1
EMSONS MEDICALS,1
DOSHI LABORATORIES,1
GUPTA UDYOG,1
TARGET DERMACARE PVT PTD,1
PIGEON INDIA PRIVATE LIMITED,1
LIVES ON PHARMACEUTICALS,1
V.R HEALTHCARE,1
PANASIA HERBAL PRIVATE LIMITED,1
CHEMO,1
AGGARWAL CHEMICAL,1
PRISCON BIOTECH,1
SCORTIS HEALTHCARE,1
VEDANT REMEDIES,1
NUTRIGLOW COSMETICS PVT LTD,1
BIOPHARM FORMULATIONS,1
HERB AYURVEDA MULTI TRADE PRIVATE LIMITED,1
VEDAMED PHARMACEUTICS,1
SHARRETS NUTRITIONS,1
ECOSTAR PHARMACEUTICALS PVT LTD,1
NESTLE SKIN HEALTH INDIA PVT LTD,1
UNIGRIP,1
ENAAS,1
HEALTHSHINE,1
WINSLEY,1
VITAL CARE PVT.LTD,1
KONVERGE HEALTHCARE PVT LTD,1
BENKIND LIFE SCIENCE,1
HEATHLINE PVT. LTD,1
INDUS COSMOCEUTICALS,1
ZOOTAX BIOTEC INC GROUP COMPANIES OF PAWAN ASSOCIATES,1
HABITUS PHARMA,1
PROINDIA HEALTHCARE,1
SCHAVAN PHARMACEUTICALS PVT LTD,1
ICONIA HEALTHACARE PVT LTD,1
ROYAL HERBAL PHARMACEUTICAL,1
MEDISPIN PHARMACEUTICAL PVT LTD,1
SERAI PHARMA HEALTCARE SOLUTION PVT. LTD.,1
DERMA EDGE PHARMA LLP,1
CRESENCEZIA TRADETECH PVT LTD,1
SCINNOVA THERAPEUTICS,1
UNIEM,1
ARIES DRUGS PVT.LTD,1
GLINT COSMETICS PRIVATE LIMITED,1
STACKED SKINCARE,1
VDYARATNAM,1
GASPARI NUTRITION,1
DOCTOR ADVANCE,1
PEOPLE CARE DISTRIBUTOR,1
BOSON MACHINES,1
BANE FARMACEUTICA,1
ZRIZA PHARMA,1
ALPHA MEDITECH,1
BIO-CORP LIMITED(VENKY'S),1
SIYORA PHARMACEUTICALS PRIVATE LIMITED,1
RUHUSK,1
HERBAL HEALTH SOLUTION,1
SAFEGUARD BIOTICS PVT LIMITED,1
INDO-REH PHARMACEUTICALS PVT LTD,1
PRODUCTS OF BEWAKOOF.COM,1
SENSIDEW CARE PVT. LTD.,1
ORGANIX,1
CLOVER HEALTH CARE,1
TABROS PHARMA,1
MAGNUM,1
NAV PRAKASH,1
MEGA SIGN,1
ANKERITE HEALTHCARE PVT LTD,1
GLOBUS REMEDIES LIMITED,1
THAPAR PHARMACEUTICALS,1
KALAPI STORE,1
SARVAAYUSH AYURVED AND HERBALS,1
SWISS BIOTECH,1
FRAINK FORMULATION,1
WILDCRAFT INDIA PVT LTD,1
MRS PHARMACEUTICALS,1
APPLE,1
ADITYA PHARMACEUTICALS,1
BIOMED PHARMACEUTICALS,1
D S OVERSEAS,1
SHAURYA DRUGS AND CHEMICALS,1
REVIERA OVERSEAS,1
M/S SHIMBHAOLI SUGARS LTD,1
TESCOS LIFECARE,1
AMMELTZ,1
PROTEIN SCOOP,1
DRUG FOR LIFE INDIA PVT LTD,1
AKUOM BIOTECH,1
TANVI HEALTH CARE,1
LAKSHMI LIFE SCIENCES LIMITED,1
BIOGEN IDEC BIOTECH INDIA PRIVATE LIMITED,1
ROSEMONT LIFECARE PVT LTD,1
MAC PERSONAL CARE PVT LTD,1
S H PHARMACEUTICALS,1
MURPHY,1
PREMIUM SURGICAL,1
JAY SOMNATH MALL,1
FILTER,1
RAYON MEDICARE PVT LTD,1
DAYBYDAY LIFESTYLE PRODUCTS INDIA PVT LTD,1
MEDIX,1
AS-SHIFA HEALTH CARE,1
GK HAIR PROFESSIONAL,1
AMBIC AYURVED INDIA PVT LTD,1
AARNA PHARMACEUTICALS,1
PANM LABS INDIA,1
CONIAK LIFESCIENCES PVT LTD,1
SURAJMANI ENTERPRISES,1
SUKINN HEALTHCARE INDIA,1
SHRI MUKTA AGENCY,1
AKSHAY AGENCIES,1
SAMRAKSHA,1
LUCROSE PHARMA PRIVATE LIMITED,1
GOLDEE FOOD TECHNOLOGIES PVT LTD,1
AMKAY INDIA,1
ETHINEXT PHARMA PVT LIMITED,1
PARISK,1
GALIEN GLITZ PHARMA,1
THEA TEX HEALTHCARE INDIA PRIVATE LIMITED/FAST & UP INDIA/MAGIC OF HERBS (AYURVEDIC DIV),1
AUXTER BIOMEDIC,1
WELL N CARE,1
MEDELA,1
THAR DRUGS PVT LTD,1
BIOFIC PHARMA,1
ZYDUS PHARMA PVT LTD,1
SURGI PHARMA,1
ARJUN HEALTHCARE,1
NEW PHARMA AGENCY,1
OREGON HEALTHCARE PRIVATE LIMITED,1
LOVATE HEALTH SCIENCES,1
VI JOHN,1
GLINT COSMETICS PVT LTD,1
IPSA LABS PVT LTD.,1
NATURA SOFTCAPS PVT. LTD.,1
POLESTAR LIFE SCIENCES PVT LTD,1
AMA HERBAL LAB. PVT LTD,1
CHOICE MMED INDIA LTD,1
MEDSKY HEALTH CARE,1
MASTROWIN LIFE LINE PRIVATE LIMITED,1
KLIENZ HERBALS PVT LTD,1
DERMAL,1
SHREY NEUTRACEUTICALS AND HERBLAS PVT LTD,1
HEMANT SURGICAL INDUSTRIES LIMITED,1
BONSAI PHARMACHEM LTD,1
CANBRO HEALTHCARE PVT LTD,1
RANKAPUR AGENCY,1
UMPL,1
ANGLO FRENCH DRUGS & INDUSTRIES,1
THURS PHARMA,1
INTRA LABS INDIA PRIVATE LIMITED,1
TYPHOO,1
PHARMA CARE,1
ISHPURE,1
ARKRAY HEALTHCARE PVT LTD,1
GANGA PHARMACEUTICALS LTD.,1
MAHABIR,1
EVERYU,1
ADROIT PHARMA,1
N A,1
KHADI HERBAL,1
BEE LIFESCIENCES,1
AARTI HEALTHCARE,1
LORD GRACE PHARMACEUTICALS,1
RAJAH HEALTHY ACRES PVT LTD,1
ORISON LIFE CARE,1
TRIPLE ACTION PLUS,1
PANASONIC HEALTHCARE,1
PARAGON MOBILITY REHAB LLP,1
LITTMAN,1
BALIMED HEALTHCARE PVT LTD,1
FRESENIUS KABI INDIA PVT LTD,1
LIFESYLE BIOSCIENCES,1
STRATUM DERMACARE PVT.LTD,1
NIPPLE HEALTH,1
ASTOS MEDICAMENT PVT LTD,1
AM LABS,1
SRI BHAGAVATHY MADOM,1
EXTRACARE,1
EURO SAFETY (INDIA),1
WHITEPHLOX,1
ELZA LABORATORIES INDIA PVT LTD,1
ACCENT HEALTHCARE,1
AMAZONE PHARMACEUTICALS PRIVATE LIMITED,1
Q SKIN SCIENCE,1
RISHI,1
DEVNARAYAN LIFE SCIENCES,1
ORGANIC HARVEST,1
VIRASAT,1
SV PHARMACEUTICALS,1
GUARDIAN PHARMACEUTICALS CO. LTD,1
SEIKOMED HEALTHCARE (P) LTD,1
SCA CARE OF LIFE,1
SOLMARS PHARMA,1
AXIS LIFECARE PRODUCTS,1
PARAG P,1
MACWELL PHARMACEUTICALS PVT LTD,1
ELI PHARMA PVT LTD,1
SHREE SO,1
FORTON PHARMACEUTICALS PVT LTD,1
ATHENA LIFESCIENCES,1
SNOTIS LIFE SCIENCE,1
HINAHERBAL,1
CLOSUP,1
DS,1
FARMA HUB,1
NICKS LABORATORIES,1
OCEAN OPTHALMICS PVT.LTD,1
REGOSHIN HEALTHCARE PVT. LTD,1
PROGENA PROFESSIONAL FORMMULATION,1
OPHTECHNICS UNLIMITED,1
WELLNESS RESOURCES,1
KAYRA INNOPHARM PRIVATE LIMITED,1
ELKOS HEALTHCARE,1
MARICO LTD; C/O MAXCURE NUTRAVEDICS LTD.,1
NASHIK VALLEY COSMECEUTICALS,1
CUTIS BIOTECH,1
ASSTRA PHARMA PVT LTD,1
BONN SCHTERING BIO SCIENCES,1
KKN PHARMA,1
AXIOMMAX ONCOLOGY,1
DEORIS HEALTH CARE,1
NEOKEMY,1
MEBO PHARMACEUTICAL,1
CRYZER PHARMA PRIVATE LIMITED,1
KAPTAB PHARMACEUTICALS,1
CITIZEN LABORATORIES PVT LTD,1
GYNAECHEM,1
NEOBEAT HEALTHCARE PVT LTD,1
CHERESO LIFESCIENCES PVT LTD,1
SEIGNIOR PHARMACEUTICALS PVT LTD,1
SANZ PHARMA,1
ASTONEA LABS PRIVATE LIMITED,1
SOVEREIGN HEALTHCARE,1
ROWEX,1
JZIKI,1
AVLYN PHARMA PVT LTD,1
SWIFT MEDICARE PVT LTD,1
TOPHILL PHARMA LTD,1
STAR DRUGS&RESEARCH LABS,1
ZANEKA DRUGS,1
GLAS,1
KSHIPRA HEALTH SOLUTION,1
SVM HEALTHCARE LLP,1
VIX DRUGS FORMULATIONS,1
3 CUBE HEALTHCARE,1
MRG PHARMA,1
ROCSKINCARE,1
MS LABORATORIES,1
SURETY HEALTHCARE,1
SHREE GURUDATT MED.&GEN,1
NUTRA HEALTHCARE,1
TIENS INDIA,1
ECRON LIFE SCIENCES,1
ESSENTIAL LIFE SCIENCES,1
FAIR FORD PHARMACEUTICALS,1
STAUNCH BIOTECH,1
MAXXON LIFESCIENCES,1
MEDIWELL BIOTECH,1
ZENESIS LIMITED,1
BLUEMEA THERAPEUTICE,1
LOTUS PHARMACUTICALS,1
KAPPRIS DRUGS PRIVATE LIMITED,1
NAVKAR PHARMA,1
AVENUR HEALTHCARE,1
NKETHICAL LABS,1
NORWEST PHARMACEUTICALS,1
ZUBECTUS LIFE SCIENCE,1
VTS LIFE SCIENCE,1
ESKAYEF PHARMACEUTICAL LIMITED,1
MEDISURF PHARMA,1
SSR HEALTHCARE,1
MYOPICS PHARMACEUTICALS PVT.LTD,1
SRI CHAMUNDESHWARI PHARMACY,1
QBPL,1
RX JAGURAZ AGENCY,1
SCWITZ BIOTECH,1
DYNA OR BSN LEUKOCREPE,1
AQUANOVA PHARMA,1
OBS PHARMA,1
PEEKAY PHARMA,1
AKPASH PHARMACEUTICALS PVT LTD,1
ARLAK PHARMA,1
DHARITRI PHARMACEUTICALS,1
SAFE LIFE SCIENCES PHARMACEUTICALS,1
FAITH PHARMACEUTICALS LTD,1
TEDDYY,1
ELIXIR MEDISERVE PRIVATE LIMITED,1
VITAL CARE PVT. LTD.,1
MRK HEALTHCARE,1
GENMED PHARMA PVT LTD,1
YESTER PHARMA PVT LTD,1
RAMA AGENCY,1
STAMBH HEALTHCARE PVT LTD,1
JAYMAN INDUSTRIES,1
NEXCHEM HEALTHCARE PRIVATE LIMITED,1
SANSIL DRUGS PVT LTD,1
SIRI,1
LOTUS LIFESCIENCES PVT LTD,1
ZENSKA LIFE SCIENCES PVT LTD,1
CURE WORLD PHARMACEUTICAL,1
BACCHUS PHARMA,1
BIO-LOCIC & PSYCHOTROPICS I P.,1
SUNNY PHARMACEUTICAL,1
ZEBRONICS INDIA PRIVATE LIMITED,1
SOLKEM PHARMACEUTICALS,1
VISION MEDICARE INDUSTRIES,1
BRIGHTERS PHARMA,1
MANRAJ LIFE SCIENCES,1
SEGNEMA PHARMA PRIVATE LIMITED,1
RBS PHARMA PRIVATE LIMITED,1
NEXMED HEALTH CARE,1
STAR DIE & MOULD COMPANY,1
HALCYON DRUGS,1
RABICOOL PHARMA PVT LTD,1
NECTAR BIOCHEM PVT.LTD,1
SAFEHEAL PHARMACEUTICALS,1
WINSTON PHARMACEUTICALS.LTD,1
SHRESHTA PHARMA,1
MBS PHARMACIA,1
VATAVE HEALTHCARE,1
PACKSULES,1
GYNEXOL,1
TARA NUTRICARE,1
GLS PHARMA LTD,1
STARMED BIOTECH,1
RICHFAITH PHARMACEUTICALS,1
RADIUS AGENCIES,1
GARLANCE BIOTECH,1
SVL HEALTHCARE PVT.LTD,1
N S PHARMACEUTICALS,1
SANJEEVANI AYURVED BHANDAR,1
AARTI LIFE SCIENCE LLP,1
ZMAXWELL HEALTHCARE,1
BANA PHARMACEUTICALS,1
KRISHNA HEALTHCARE,1
MATIG,1
ROSCHELMER,1
PROGENITURE LABORATORIES PRIVATE LIMITED,1
RAKLIK MEDI SCIENCE,1
SVAS LIFE SCIENCES PVT LTD,1
THYME PHARMA PRIVATE LIMITED,1
ALLEGIANT COSMETOLOGY,1
2A PHARMACEUTICALS,1
OPTUS GLOVES,1
DENTAL CARE PVT LTD,1
UBIT PHARMACEUTICALS PVT.LTD,1
ANAMAY BIOTECH PRIVATE LIMITED,1
EMPYREAL LIFECARE,1
SOLTECH LIFESCIENCES,1
VELTECH PHARMA,1
JOINTSURE,1
NOTION MEDICARE PVT LTD,1
ANZE BIOTECH,1
MEDSAFE PHARMACEUTICALS PVT.LTD,1
NEXGEN FORMULATIONS,1
SUMAN AGENCIES PHARMACEUTICALS DISTRIBUTORS,1
ASCLEPIUS PHARMACEUTICALS PVT LTD.,1
BIOSAFE REMEDIES PVT LTD.,1
NEW LIFE GLOBAL LABORATORIES,1
KRISHNA ENTERPRISES,1
FAVEO PHARMACEUTICALS,1
JOINTCARE PHARMACEUTICALS PVT LTD,1
ANZEL ADVANCE CARE PVT LTD,1
JABSONS FOODS PRIVATE LIMITED,1
VIRGO UAP PHARMA PVT.LTD.,1
SOIS FORMULATIONS PVT LTD,1
KINFLIGHT,1
MAXIS PHARMACUTICALS,1
FLATION PHARMA,1
GLORIOUS HEALTH CARE,1
CE CHEM,1
SYNCOM BIOTECH PVT LTD,1
ABENAVA MEDI PHARMA PVT LTD,1
HMB BIOTECH,1
J R REMEDIES,1
CKKKM PHARMACEUTICALS LTD,1
JALARAM MEDICO,1
PROCURE LIFESCIENCE,1
RADIUS WELLNESS INC,1
HERITAGE LABORATORIES,1
DEVCURE PHARMACEUTICALS PVT LTD,1
OREO BESIN,1
BENTLEY AND REMINGTON PVT LTD,1
BIOHEAL LIFESCIENCES PVT LTD,1
S M HERBALS LIBASPUR,1
RUDOLF BASINS INC,1
HONEYWELL INTERNATIONAL PVT,1
CREATIVE REMEDIES,1
ARRIENT HEALTHCARE,1
SIOCHEM PHARMA PRIVATE LIMITED,1
CADMUS,1
PHARMISON VALENTES PHARMA PRIVATE LIMITED,1
NUTRIT PRODUCTS,1
NAVANI MEDITEX PRIVATE LIMITED,1
AMARIA PHARMACY,1
ZESSTEK HEALTH CARE,1
MEDIPAAMS INDIA PRIVATE LIMITED,1
KOLSON PHARMA,1
SATYAM OPHTHALMICS PVT LTD,1
NIMOLI PHARMACEUTICALS PVT LTD,1
HARYANA FORMULATIONS PVT.LTD,1
MERITUS LIFE CARE PVT LTD,1
YDS LIFESCIENCE,1
CYTOCHEM HEALTHCARE INDIA PRIVATE IIMITED,1
INVIDA INDIA PVT LTD,1
PRASHIL LIFE SCIENCE PVT LTD,1
DAZROZ PHARMACEUTICALS PVT LTD,1
PENTACHEM PHARMACEUTICALS,1
ANANT PHARMACEUTICALS,1
BALARKA HEALTHCARE,1
MAYUR LABS,1
GLOBEWELL ORGANICS,1
SRP LIFESCIENCES,1
SIRAGIO PHARMA PVT.LTD,1
WINTAC LIMITED,1
EVENTUS BIOTECH,1
CERTIFIED NUTRACEUTICALS,1
MEDRICA PHARMACEUTICALS PVT LTD,1
OMENTA PHARMA PVT.LTD,1
ACONITE LIFESCIENCES,1
TASWIN PHARMA (P) LTD,1
PHARMIKA INDIA PVT LTD,1
BEST MED,1
BAGMI REMEDIES,1
OBAT HEALTH CARE,1
PARUL HEALTH CARE PRIVATE LIMITED,1
NABROS PHARMA,1
NUTRA GRACE,1
CIRA PHARMA,1
LADY CARE 3G LIFESCIENCES,1
SHINOM,1
MEDINOX PHARMA,1
IVA REMEDIES PVT LTD,1
ROYKAR PHARMACEUTICALS PVT LTD,1
ORGAN BIOTECH PVT LTD,1
KMS HEALTH CENTRE PVT LTD,1
ARCHIS HEALTH CARE,1
REX REMDIES LTD.,1
TORAN BIOTECH,1
C & C PHARMACEUTICAL,1
ARENA LIFESCIENCES,1
AMINUS REMEDIES,1
GINPAX HEALTHCARE,1
VMS PHARMACEUTICALS PVT LTD,1
CASCADE-INDIA PHARMACEUTICALS,1
SRI JAIN AYURVEDIC PHARMACY,1
MCMEWA PHARMA,1
WELORA LIFESCIENCES PRIVATE LIMITED,1
JOSHI PHARMA,1
T.T.K HEALTH CARE,1
AERAS PHARMA,1
YPSOMED,1
MEDNEXT PHARMA PRIVATE LIMITED,1
MEDIZONE PHARMA,1
PRISSM PHARMA,1
C & D BIOSCIENCES,1
AMICURES RESEARCH PVT LTD,1
WILLINGO HEALTHCARE LIMITED,1
ARHAM MEDISALES LLP,1
GUDDODGI PHARMACEUTICALS,1
EYEDEAL PHARMA,1
KRAYON LIFESCIENCES INDIA PVT LTD,1
DOLPHINS HEALTHCARE,1
BMS INDIA PVT LTD,1
LEEFORD WELLNESS,1
GRACEVERA PHARMA,1
EMBIOTIC LABORATORIES PVT LTD,1
NAYASA LIFE SCIENCE PRIVATE LIMITED,1
SUGEN PHARMA PVT LTD,1
RHONE PHARMACIE PVT LTD,1
PARANGAT ORGANICS,1
RAKS PHARMA PVT.LIMITED,1
CALAMOR LABORATORIES,1
ANJU PHARMACUETICALS,1
IFARS PHARMACEUTICAL LAB,1
ALIIGATE HEALTHCARE PVT LTD,1
AUCTUS LABS PVT LTD,1
SURBHITAM PHARMACEUTICALS PVT.LTD,1
PRINA HEALTHCARE,1
BRUNET,1
DB PHARMACEUTICALS PVT LTD,1
VERTEX BIOSCIENCES,1
MEDICURE PHARMA,1
PSYCHOCARE,1
VON REMEDIES,1
VOTANO PHARMACEUTICALS,1
SIDMAN PHARMACIA,1
MEDROUTE INDIA PRIVATE LIMITED,1
DRUGS LABORATORIES,1
AGOM SUKSHMA AYURVED KETAN PVT LTD,1
MEDICO LIFE SCIENCE,1
KREMOINT PHARMA PVT LTD,1
SKINWAVE INDIA PRIVATE LIMITED,1
PARRISH BIOTEK,1
MEDOUS PHARMACEUTICALS PVT LTD,1
ZEAL REMEDIES,1
RUTH BIOTECH PVT.LTD.,1
GRACURE PHARMACEUTICAL LIMITED,1
RESOURS LIFE SOURCES LTD,1
RECO DRUGS,1
TRENTS HEALTH CARE,1
MOLECHEM LIFESCIENCE PVT LTD,1
THERAPEX REMEDIES INDIA PVT. LTD.,1
ENERGIZE PHARMACEUTICALS P.LTD,1
ENDOCURA PHARMA PVT LTD.,1
HANA PHARMACEUTICALS,1
EVACARE PHARMA,1
CHANDAN MEDICAL STORE,1
MERLIO,1
KRYPTON GLOBAL HEALTH,1
DERMASENSE PHARMACEUTICALS,1
ETERNAL HEALTHCARE,1
SPECIALITY VERTEX INDIA HEALTHCARE,1
AYRIS COSMOCEUTICALS,1
CONHEAL PHARMA,1
NUMAC HEALTHCARE PRIVATE LIMITED,1
REDEX PHARMACEUTICAL INDUSTRIES (PVT.) LTD.,1
LEENIX THERAPEUTICS,1
WELLCURE LABORATORIES PVT LTD,1
JM REMEDIES,1
MEXICO PHARMA,1
MIDAS HEALTHCARE PVT.LTD,1
COSMAS RESEARCH LAB LTD,1
SALVIA HEALTHCARE,1
MAYUR HARBOUR,1
PARIVARTAN PHARMA & COSMATICS MBC,1
ACS PHARMACEUTICALS PVT LTD,1
HYBRAND PHARMACEUTICALS,1
EURO BIOLOGICALS PVT LTD,1
HOE PHARMACEUTICALS,1
UNIPEX PHARMACEUTICALS P LIMITED,1
NYG PHARMA,1
DIAVITA GMBH,1
GLOBUS PHARMA,1
CSR LIFESCIENCES PRIVATE LIMITED,1
AXIS LIFE CARE,1
MATERKIN FORMULATION,1
INTECARE,1
SIMPLY NUTRA,1
ANRIS HEALTHCARE INDIA PVT LTD,1
RYLOX HEALTHCARE PVT LTD,1
SIENNA FORMULATIONS,1
AISLING PHARMA,1
BRITISH NUTRITIONS,1
CEYONE,1
DOMINA PHARMACEUTICALS,1
DI BOMBAY PHARMA,1
MELIOS PHARMACEUTICALS,1
ACESO PHARMA PRIVATE LIMITED,1
SANIFY PHARMA,1
TETRASYS LIFE SCIENCE,1
DYNA PHARMACEUTICAL,1
MEDI NOVA PHARMACEUTICALS,1
APIDS PHARMA,1
HEALTH PULSE PHARMACEUTICALS,1
ELBRIT LIFE SCIENCES,1
ELATION PHARMA,1
AEROOTIC PHARMACEUTICALS PRIVATE LIMITED,1
MARSHA ORGANICS PVT LTD,1
ENLIFE,1
RESPISURE PHARMA,1
ZYMETH WELLNESS,1
ZHENIA PHARMACEUTICALS,1
INFLUX PHARMACEUTICALS,1
AJMERA PHARMACEUTICALS PVT LTD,1
BIODERMA LABORATOIRE DERMATOLOGIQUE,1
TRI MITSU,1
B. JAIN PHARMACEUTICALS PVT. LTD,1
DEWALLACE,1
ADAA ENTERPRISE,1
EFICAZ HEALTH CARE,1
MHL FORMULATION,1
ZIDWELL HEALTHCARE,1
HIMALAYA MEDITEK PVT LTD,1
CIAN HEALTHCARE PRIVATE LIMITED,1
ARKAS CV PVT LTD,1
MEFRO ORGANIC LTD,1
KEPSEE,1
VESTIGE,1
WILL PHARMA,1
RIOMEDICA HEALTHCARE PVT. LTD,1
SIOMOND PHARMACEUTICALS,1
SALUS LIFE SCIENCES,1
RITELTH MEDIPHARMA PVT.LTD,1
FOREST LABORATORIES,1
JENEKA HEALTHCARE,1
MEDFENCE LABS,1
VHB MEDI SCIENCES LIMITED,1
AAYAM HERBAL,1
SANDMARTIN PHARMACEUTICALS PVT LTD,1
MEGA CARE PHARMA,1
HONEYBRO PHARMACEUTICALS PVT LTD,1
AMME PHARMA CHEM,1
BIO ADVENTIA LIFE SCIENCES,1
UNITED FORMULATIONS PVT LTD,1
SARVESHJEE LIFECARE,1
G.T.PHARMA PVT LTD,1
CARION HEALTHCARE PVT LTD,1
DR. JUNEJAS,1
RIEMAN LABS,1
AFZA PHARMACEUTICALS,1
SPICA LAB,1
IMPOTEL GLOBAL HEALTHCARE LLP,1
BIG BIOTEC SURGICAL PRIVATE LIMITED,1
GLS PHARMA LTD.,1
ZEAUS HEALTHCARE,1
APSPRO,1
VERAX LIFE SCIENCES PVT LTD,1
THEA TEX HEALTHCARE INDIA PRIVATE LIMITED/SYNDY PHARMA/THEA TEX HEALTHCARE INDIA PRIVATE LIMITED,1
ELEADORA PHARMA,1
BIONOVA PHARMACEUTICALS,1
ASA BIOTECH,1
BINDLYSH BIOTEC LTD,1
SUSHRUT AYURVED INDUSTRIES,1
SUNESTA LIFESCIENCES,1
MYTHUS PHARMACEUTICALS,1
ALLEN HOMOEO &AMP; HERBAL PRODUCTS LTD,1
JUVENOR PHARMACEUTICAL PVT LTD,1
RAYKIDS PHARMA,1
VINTEK PHARMACEUTICALS,1
OLNOVA,1
SHAKTI PHARMA,1
RESPSPINE REMEDIES,1
ENAMOUR LIFECARE,1
MAGNATE,1
AVION HEALTHCARE PRIVATE LIMITED,1
INDO GERMAN PHARMACIA,1
HIGGSBOSON PHARMA,1
SHACKTI AYURVEDICS,1
FERTILE SURE PHARMA,1
FRAISER HERBALS,1
ADAGE PHARMACEUTICALS,1
PK COSMETICS,1
EMSURG HEALTHCARE,1
HALMER HEALTHCARE,1
REEVEDA HEALTH ENHANCER,1
COSMELLA INFINITY PVT LTD,1
DAVAI PHARMACEUTICALS,1
BIOETHICS LIFESCIENCES PRIVATE LIMITED,1
RICETTA DRUGS,1
HI CRATE LABORATORIES,1
FLORACIA HEALTHCARE PVT LTD,1
DR SAIN'S LABORATORIES,1
CHETAK MEDIPLAST INDUSTRIES,1
ZENOVA THERAPEUTICS PVT LTD,1
UNIQUE LIFE SCIENCES PVT LTD,1
R.B.PHARMACEUTICALS,1
JETCY LIFESCIENCE,1
ONE STEP HEALTHCARE,1
MAGIC OF HERBS (AYURVEDIC DIV),1
WELIMARK LIFE SCIENCES,1
NVRON LIFE SCIENCE LTD,1
ASRON PHARMA,1
SIRALI HEALTHCARE PRIVATE LIMITED,1
NPS PHARMACEUTICALS,1
BO INTERNATIONAL,1
PAREMILK HEALTHCARE,1
HUG ME,1
SOLEIL INTERNATIONAL,1
GENEXT LAB,1
GENEUX SCIENCE LABORATORIESS,1
LIFE CARE PHARMA,1
SARGEN,1
ENDURANCE LIFESCIENCES,1
FIXODENT,1
MK ENTERPRISES,1
SUGAM HEALTHCARE,1
FRANK BIOTIC REMEDIES (INDIA) LIMITED,1
DAVAINDIA GENERIC PHARMACY,1
D P HEALTHCARE,1
OXYMED PHARMA,1
ALPHINE LAB,1
GOOD FORTUNE PHARMA,1
LABAID PHARMACEUTICALS LIMITED,1
GEALASTER THERAPEUTICS,1
SCUTAGE PHARMACEUTICAL PVT.LTD,1
SURMOUNT PHARMACEUTICALS PVT LTD,1
TANISHI LIFESCIENCES PRIVATE LIMITED,1
VEDA BIOMEDICS,1
HORIZON THERAPEUTICS,1
R B REMEDIES PVT LTD,1
EDISON ORGANICS PHARMACEUTICALS PRIVATE LIMITED,1
AAS PHARMA,1
WELKIN BOON PHARMACEUTICALS CO.,1
ANTILA LIFESCIENCES PVT LTD,1
SIMILIA RESEARCH AND LABORATORIES,1
SN MEDICOSE,1
YAKULT DANONE INDIA PVT LTD,1
SHIVAM PHARMA PVT.LTD,1
CATALYSIS S L,1
INVIG HEALTHCARE PVT LTD,1
ALEXIS LIFESCIENCES LLP,1
JALTIUS HEALTH CARE,1
KARNATAKA CENTRAL AYURVEDIC,1
TUNIC HEALTHCARE,1
NOVOSCIENT PHARMACEUTICALS,1
VEJOVIS PHARMACEUTICALS,1
HELSINN,1
NEOPHARMA,1
PROGESSIVE LIFECARE,1
FUTURE LIFESCIENCES,1
NUKEM REMEDIES LTD.,1
M 2 H PHARMA,1
OPTIMUS HEALTH CARE,1
HACKS & SLACKS HEALTHCARE,1
EUREKA PHARMA,1
KSS SERVCOR PVT LTD,1
BANTINGS PHARMACEUTICALS,1
GLYNIS PHARMACEUTICAL,1
DARSHAN PHARMA,1
KENVISH HEALTHCARE,1
S9 PHARMA,1
MEDDREAM,1
R.E.P.L,1
ALPHA PHARMA,1
MIRTH PHARMACEUTICAL,1
SAFE INTERNATIONAL,1
PANBIOTIC PVT LTD,1
CLEON LIFESCIENCES,1
BIOFORCE,1
AZOTH PHARMACEUTICALS,1
COSWORTH LIFE SCIENCE,1
LNR PHARMA,1
MASTER MIND PHARMA,1
HALE CORPORATION PVT LTD,1
MBLAZE PHARMA,1
HALCYON LIFE SCIENCES PVT LTD,1
NUTRAMED,1
IASIS CARE,1
TURNIP LIFE SCIENCES PVT LTD,1
RAMA PHARMACARE,1
ROBINEX LIFE CARE PVT.LTD.,1
AMWIN PHARMACEUTICALS,1
KOYANA AYURVEDIC,1
ADRO DRUGS & NEUTRACEUTICALS,1
KIBOW,1
DR COPPER,1
MEDICINE INDIA,1
GRACURE PHARMACEUTICALS LTD,1
EYERIS,1
HEALSURE LIFESCIENCES PVT LTD,1
SUGEE'S PHARMA,1
EDEL WERK BIOPHARMA PVT LTD,1
ROYAL SCOTTISH REMEDIES,1
ONTEX HEALTHCARE,1
DMK INDIA HEALTHCARE,1
SANJIVAN ANUSANDHAN PRIVATE LIMITED,1
OKULUS DRUGS INDIA,1
KACHHELA MEDEX PRIVATE LIMITED,1
SYNDER HEALTHCARE PVT. LTD.,1
VINTECH FORMULATIONS,1
VARDHAMAN REMEDIES PVT. LTD,1
NIEA,1
NEW SUN NATURALS SUPPLEMENTS & ESSENTIAL LIFE,1
M K PHARMACEUTICALS,1
ONLY AYURVEDA,1
GLOLED PHARMA PVT LTD,1
VANQUISH PHARMACEUTICALS PVT.LTD,1
YDIK NATURE CARE,1
SHADYE LYNN REMEDIES,1
OSHIN LAB,1
TRITONIA PHARMACEUTICALS OPC PRIVATE LIMITED,1
VEGAAS PHARMA.LTD,1
NEMI PHARMACEUTICALS,1
EPHESIAN LIFESCIENCES INDIA PVT LTD,1
WIT PHARMALINK PVT LTD,1
MACTEC LIFESCIENCE,1
WALTON LIFE SCIENCES,1
SAVIKEM LIFE CARE PVT.LTD,1
JOLLY PHARMA,1
AUXILIOUM PHARMACEUTICALS,1
COX RESEARCH CENTER PVT.LTD,1
NUMERA CARDIOS (MBP),1
CHRISTLE REMEDIES PVT.LTD,1
BELLIIGAN DERMA,1
JAMUWAY PHARMACEUTICALS PVT LTD,1
PROPULVIS PHARMACUITICALS,1
DUTA FORMULATIONS PVT LTD.,1
RISHI PHARMA,1
BAFNA PHARMA,1
VINTAGE BIOLOGICAL PVT. LTD,1
NEOCARDIAB CARE,1
MEDORGANICS INDIA PVT LTD,1
TCP,1
HEALTH ARX TECHNOLOGY PVT LTD,1
I & G PHARMACEUTICALS PVT LTD,1
NETSURF NETWORK,1
UNIVERSAL RESEARCH INDIA,1
BECKCEM DRUGS,1
S DHOLE & COMPANY,1
MEDISELLERS,1
AURAIN LABS,1
AMEDURE PHARMACEUTICALS PRIVATE LIMITED,1
ARTICON LAB,1
SULZDERMA PHARMACEUTICALS PRIVATE LIMITED,1
WINSIGN HEALTHCARE,1
BRANDZ VENTURE,1
ARIES DRUGS PVT LTD,1
RAJASTHAN HEALTH INTERNATIONAL,1
MECKLEY LIFE SCIENCES PVT LTD,1
HINDUSTAN BIOSYNTHLTD,1
REMINGTON LIFE SCIENCES,1
FINOLA LIFESCIENCES PVT LTD,1
AUXESIA LIFE SCIENCES,1
INCUS PHARMACEUTICALS PVT LTD,1
ILERA PHARMA,1
GPP PVT LTD,1
BRYDO HEALTHCARE,1
AADITHYA PHARMA,1
LATIN LABS PRIVATE LIMITED,1
NOVAMED PHARMACEUTICALS PVT LTD,1
ZENORA PERSONALS,1
NEXLEO PHARMACEUTICALS PVT. LTD,1
KEVA,1
ZYDEKA PHARMA,1
SAVIOUR SPECIALITY,1
TULIP BIOTECH,1
ALPA STARRY HEALTH CARE PVT LTD,1
S K PHARMACEUTICALS,1
PHAARMAA ONE INDIA PVT.LTD,1
NEOCELL SCIENCE PHARMACEUTICAL PVT LTD,1
RESONACLE PHARMA PVT LTD,1
BUSHMAN PRODUCTS,1
KRYPTOMED FORMULATIONS PVT LTD,1
DREAMS PHARMA,1
RENSAN DRUGS PVT LTD,1
SPM DRUGS PVT LTD,1
WALNUT LIFE SCIENCES PVT LIMITED,1
BENEDIS LIFE SCIENCES,1
RED HILL HERBALS PVT LTD.,1
NEXTWAVE,1
DYNAMARK LIFE SCIENCES,1
PHARMA AND GROWTH,1
OSTREA PHARMACEUTICALS,1
DR ALEXANDER LAB PRIVATE LIMITED,1
ESPIRA LIFE SCIENCES,1
ZENBIO LIFESCIENCES,1
NUTERGIA LABORATORIES,1
ZENSAR HEALTH CARE,1
ENVICON PHARMA,1
CONCAVE,1
KHANDELWAL LABORATORIES PVT LTD,1
MEDIPURE PHARMACEUTICALS,1
ANAMIVA LIFE SCIENCES,1
XENO PHARMACEUTICALS PVT.LTD,1
CUREWAYS REMEDIES,1
VILBIOTEC LIFE SCIENCES,1
MINDWAVE HEALTHCARE PRIVATE LIMITED,1
VANPROM LIFESCIENCES PRIVATE LIMITED,1
ZAIN PHARMACEUTICALS,1
WINTROPICS INDIA,1
QSD FORMULATIONS PVT LTD,1
NASK PHARMACEUTCALS,1
GAYATHRI FORMULATIONS,1
HOFFEN REMIDIES PVT LTD,1
DELON LIFE SCIENCE,1
AZILLIANE HEALTHCARE,1
CERIN PHARMA,1
STOICS PHARMA,1
APOLLO PHARMAY,1
BASIC AYURVEDA,1
BUSHRA BIOTECH PRIVATE LIMITED,1
ARYA VAIDYA PHARMACY,1
TIE LIFESCIENCE,1
INDIAN HERBO PHARMA,1
SWEDE INDIA,1
SAN FEGAN BIOTECH,1
STANROCK LIFE SCIENCE,1
LENOLIVE PHARMACEUTICALS,1
GARWYN REMEDIES,1
SHAPE PHARMA PVT LTD,1
MOON DRUGS,1
BRIVON PHARMATEC PVT LTD,1
MAC VISION,1
LUCENT PHARMA,1
XAN PHARMA LABS PVT.LTD,1
ZEON BIOTECH,1
TYYKEM PRIVATE LIMITED,1
MODGAL PHARMACEUTICALS LTD,1
SOIN PHARMA,1
CORPUS CALLOSUM,1
HEMSON PHARMA,1
REVO MEDICARE,1
KAY THREE HEALTH CARE,1
NOVOSTART LIFE SCIENCES,1
STENSA LIFE SCIENCES,1
TRANSTENTH,1
CIRCADIAN PHARMA,1
ILLUMIN PHARMA,1
EYEORA LIFESCIENCES,1
AGAR PHARMACEUTICALS,1
SERNEX LIFE SCIENCES,1
SANVI PHARMA PRIVATE LIMITED,1
JUBILANT GENERICS LIMITED,1
ALFA BIOTICS,1
CARDMEK,1
SN PHARMA,1
DEEVANS LIFE CARE PRIVATE LIMITED,1
BUPA PHARMA,1
MANO RAGHUKUL ENTERPRISES,1
LABORATORIES DAFFODIL,1
WOVA PHARMACEUTICALS,1
CROMULENT HEALTH CARE,1
ALACARE LABORATORIES PVT LTD,1
RESEARCH DRUGS & PHARMA LTD,1
BHARAT AYURVEDIC PHARMACY,1
ORBIS PHARMA,1
WIN TRUST PHARMA,1
DENCHMED PHARMA,1
APACE LIFE SCIENCES PVT LTD,1
BENNE VOLANCE PHARMA PRIVATE LIMITED,1
TITUS HEALTH TECH,1
KAREN PHARMA PVT LIMITED,1
BHUPINE HEALTHCARE PRIVATE LIMITED,1
ALVED PHARMA&FOODS PVT LTD,1
ROSSWELT BIOSCIENCES PRIVATE LIMITED,1
SIMANJ PHARMACEUTICALS PVT LTD,1
LABI-TOUCH,1
RAJAJ PHARMACEUTICAL,1
GENECA LIFESCIENCES,1
AFSAR CHEMICAL INDUSTRY,1
INDUSKEN PHARMA PVT LTD,1
PHYTO CARE,1
SRI LAKSHMINRAAM,1
SURYA LIFE SCIENCE,1
NETSURF COMUNICATION PVT LTD,1
PRIORITY PHARMACEUTICALS PRIVATE LIMITED,1
BIOGEN IDEC BIOTECH INDIA PVT LTD,1
LUZERNE LIFE SCIENCE PVT LTD,1
NINOVA,1
LILAC REMEDIES,1
CITADEL LTD,1
NATIONAL SCIENTIFIC INDUSTRIES,1
VIZYON PHARMACEUTICALS PRIVATE LIMITED,1
HEMERA LIFE SCIENCES PVT LTD,1
E MERCK INDIA LTD,1
ALTRUIST PHARMACIA PVT LTD,1
NAJ PHARMACEUTICALS PRIVATE LIMITED,1
PARTH PARENTERAL PVT LTD,1
RG CHEM HEALTHCARE,1
NOVASHINE PHARMACEUTICALS,1
ATLAS BIOSCIENCES PVT LTD,1
Z PLUS REMEDIES,1
SISQUOC HEALTHCARE,1
LIFE MED HEALTHCARE,1
SERMED BIOTECH,1
RETRIEVE PHARMA,1
ALTAVISTA LIFESCIENCES,1
WARREN PHARMACEUTICALS LIMITED,1
GULF PHARMACEUTICAL INDUSTRIES,1
P S ENTERPRISES,1
FEODRA DERMATOLOGY LABORATORIES,1
M.M PHARMA,1
CRYSTAL PHARMA PVT LTD,1
CORELLEL PHARMACEUTICALS,1
ADELINE REMEDIES,1
SUNREST PHARMA,1
HEDVA PHARMACEUTICALS,1
BACFO PHARMACEUTICALS,1
SPERANZA HEALTHCARE,1
AA ENTERPRISE,1
VERTIOUS,1
INNOWAYZ PHARMA,1
VIRIBUS HEALTHCARE,1
ADIKAN HEALTHCARE PVT LTD,1
VERSATIL PHARMACEUTICALS PVT LTD,1
BEATUS HEALTHCARE PVT LTD,1
REYMEDIC,1
KRUGER NUTRA PHARMA PVT LTD,1
SHANKHPANI HEALTHCARE PVT.LTD,1
DAN-DAN,1
SHWITZ BIOTEC,1
ECO MED REMEDIES,1
EMPHASIS HEALTHCARE,1
MEB PHARMACEUTICALS (P) LTD,1
FIBRICA HEALTHCARE PVT LTD,1
KATG PHARMACEUTICALS PVT LTD,1
POPULAR PHARMACEUTICALS LTD,1
DECHRA LTD,1
ALKRUT PHARMACEUTICALS LLP,1
OMSONS,1
DORBY BURGOT,1
ARAVALI PHARMACALS,1
ADVENTIS HELTHCARE,1
MEDPAAR PHARMACEUTICALS,1
ASUS PHARMA,1
JAIWI,1
LELEON LIFE SCIENCE PVT LTD,1
ASTRAAZIN PHARMACEUTICAL PVT LTD,1
D.C. AGENCIES PVT LTD.,1
NASR PHARMACEUTICALS PVT.LTD.,1
VATICAN LIFESCIENCES,1
VISTICA LIFE SCIENCES,1
HUMAN ANTIBIOTIC PHARMACEUTICALS PVT LTD,1
ROBIN PHARMA,1
MEDIQUEST PHARMA,1
ANSTER PHARMACEUTICAL PVT LTD,1
ELLARD LIFESCIENCES,1
GLUCON LIFESCIENCE PVT LTD,1
BIOLIFE REMEDIES,1
HARIMAIN PHARMACEUTICALS,1
CHEMO PHARMA,1
ROSEMONT BIOTECH PVT LTD,1
FREEDA,1
ABITEC BIOTECH,1
ARROMED HEATTHCARE PVT LTD,1
NOBIL LABORATORIES,1
MONICO SPA,1
ALVIGOR LIFECARE,1
BOLIVAC PHARMACEUTICALS,1
EBAR HEALTHCARE PVT LTD,1
LUCENT BIOTECH LTD,1
PENTA KRAFT PVT LTD,1
SPB LABORATORIES,1
YARLIN LIFESCIENCES,1
FLORENCIA HEALTHCARE,1
ALCIA PHARMA,1
BOSCH PHARMACEUTICALS PVT LTD,1
AMARANATHA AYURVEDA,1
OCULAR INNOVATION,1
R.P.L INDIA,1
ULTRA CHIRON PHARMACEUTICALS,1
BEETLE HEALTHCARE,1
SARV PHARMACEUTICALS,1
KEMIKO PHARMACEUTICALS LTD.,1
SHANMI LIFECARE,1
KEVAL PHARMA PVT LTD,1
ELCLIFF FORMULATIONS PVT LTD,1
OMEN PHARMACEUTICALS,1
DCGI FORMULATION,1
STRIVE PHARMA,1
HEALTHCARE LIFESCIENCES,1
CADDILINE EXIM PVT LTD,1
M CURATIVE PHARMA,1
VHL PHARMACEUTICALS PVT LTD.,1
ASGARD LABS PVT LTD,1
LIFE SHIELD FORMULATION PVT LTD,1
PHARMAFER,1
MICROWIN LABS PVT LTD,1
BAFNA BIOTECH,1
OBZONE,1
FERRING PHARMACEUTICALS PVT,1
FREEDOM PHARMACEUTICALS,1
V.S.HEALTHCARE LTD,1
ERINUS HEALTCARE,1
HARRISONS FORMULATION P LTD,1
CRISTAL LLC,1
FOURTRAX BIOZONE,1
BTM LIFE SCIENCE,1
ASTRONIA LIFE SCIENCES,1
DAFRA PHARMA,1
PERSEUS PHARMACEUTICALS,1
SENBERK PHARMACEUTICALS,1
SANSHIS PHARMACEUTICALS,1
HIBISCUS MEDI LIFE,1
ZEAL BIOTECH PVT LTD,1
HINDUSTAN LABORATORIES,1
SIGNIT LABORATORIES,1
CROISE PHARMA PRIVATE LIMITED,1
MATRITECH INC,1
KLENT PHARMACS,1
JANUS LIFE SCINCES,1
ERICH LIFESCIENCE,1
PLASMA HEALTHCARE PVT.LTD,1
MECK PHARMACHEM,1
D B PHARMACEUTICAL,1
NEUBERG LIFE SCIENCES,1
PRASUN BIOTEC,1
HIT RED,1
SRISTI PHARMACEUTICALS,1
V CARE PHARMA PRIVATE LIMITED,1
TABUK PHARMACEUTICALS PVT LTD,1
SAGAR ENTERPRISE,1
MERA PET,1
ZIYON HEALTHCARE,1
ARTAS PHARMA,1
SOLFAIR PHARMA,1
REVENZA PHARMACEUTICALS PVT.LTD.,1
BIONOMICS LIFE SCIENCES PRIVATE LIMITED,1
EUROPIA BIOTECH PVT LTD,1
WASFA PHARMACEUTICALS INDIA,1
GRYFF PHARMACEUTICALS,1
BAROPHARN FORMULATION,1
AMBICA MEDICAL STORES,1
TOP CREPE,1
AXON PHARMACEUTICALS,1
SIEMEN LABORATORIES INDIA,1
ALCALE HEALTHCARE,1
MEDISWISS INDIA PVT. LTD.,1
INDAVIS LIFESCIENCES,1
NUTRIZO WELLNESS PVT LTD,1
STANMARK HEALTHCARE PVT.LTD.,1
ACULIFE HEALTHCARE PVT LTD,1
CANDIOLI,1
ARHA LIFESCIENCES,1
SHREE UNIONN SURGICALS PRIVATE LIMITED,1
FLAWLESS BEAUTH AND SKIN,1
PRETTY PETALS PVT. LTD.,1
MATRIX SURGICAL INDUSTRIES,1
LORETO PHARMACEUTICALS PVT LTD,1
LIVIDUS UROCARE,1
MEDITRINA LIFE SCIENCES PVT.LTD.,1
MARICO LTD; C/O ABHINAV HEATH CARE PRODUCTS PVT.LTD.,1
PINKCITY PHARMACEUTICALS PHARMA BIOLOGICAL,1
DESONS THERAPEUTICS PVT LTD,1
HUGGUES,1
VEERA PHARMA LTD,1
THIO MEDICARE PVT LTD,1
TENDULKAR MEGA STORE,1
NECTAR BIOPHARMA PVT.LTD,1
KAIZEN FORMULATION PVT LTD,1
HARNIK HEALTH CARE PRODUCTS,1
VERVE FORMULATIONS PVT LTD,1
SHRRISHTI HEALTH CARE PRODUCTS PVT LTD,1
THAIVER PHARMA,1
ALMED DRUGS PVT LTD,1
WELCODE PHARMACEUTICAL,1
BICON HEALTHCARE PVT LTD,1
NAMI LIFESCIENCES PVT LTD,1
ARIUS FORMULATIONS PRIVATE LIMITED,1
TRIPADA LIFECARE PVT LTD,1
INTERLINK EXPRESS,1
RGENE HEALTHCARE PHARMA,1
MCNEIL PRODUCTS LTD,1
NEGI DERMA,1
RAPTAKOS BRETT AND CO LTD,1
HIMALIK HERBS INDIA,1
ALCEA BIOTECH PRIVATE LIMITED,1
RESEARCH MEDICURE PVT LTD,1
FRISKA NUTRACEUTICALS,1
PROMETIC PHARMA,1
AVITA LABORATORIES,1
GREENCURE,1
STANMED PHARMACEUTICALS,1
NDDM PHARMACEUTICALS,1
AIMMAX PHARMA PVT LTD,1
REDON INFRAPOWER PVT LTD,1
PHARMACON LIFESCIENCES PVT LTD,1
ALBERT PHARMA,1
CHARON LIFE SCIENCES,1
ORION LIFE SCIENCE,1
LAURENCE HEALTHCARE PVT LTD,1
NATICON RESEARCH LABS PRIVATE LIMITED,1
JES PHARMACIA PRIVATE LIMITED,1
ASCENT CORPORATIONS,1
NAXPAR PHARMA PVT LTD,1
CIRRUS,1
MAX LIFE SCIENCE,1
MITSAN PHARMACEUTICALS,1
DYNOR PHARMACEUTICALS,1
LIFE VISION CARE,1
KSV PHARMACEUTICAL PRIVATE LIMITED,1
DEE PHARMA LIMITED,1
MEDILIVA HEALTHCARE PVT LTD,1
VYDEN LIFESCIENCES PVT LTD,1
OSHIN PHARMACEUTICALS PVT.LTD,1
ARTHVED HEALTHCARE,1
BIONUCLEUS PHARMACEUTICALS PRIVATE LIMITED,1
OCURIS PHARMACEUTICALS PRIVATE LIMITED,1
RODS N CONES PHARMACEUTICALS PVT LTD,1
HOPE PHARMACEUTICALS,1
CABLIN HEALTHCARE,1
STELLAR,1
MARC LABORATORIES PVT LTD,1
CURATIO HEALTHCARE PVT LTD,1
BIOTAN LABS,1
DRS RITE PHARMA,1
KUKJE PHARM,1
ASTOMA HEALTHCARE,1
LAN PHARMA CHEM,1
GALENICA LTD,1
LEGRAND PHARMACEUTICALS,1
CUTIX LIFESCIENCES,1
VERSION 2 HEALTHCARE INDIA PVT LTD,1
USAWA,1
SD JAIN PHARMACEUTICALS PVT.LTD.,1
SUPRA HEALTHCARE,1
LABIALFARMA,1
HEALTHCARE PVT LTD,1
SEAGEM REMEDIES,1
MEDVIN PHARMACEUTICALS PVT. LTD,1
BIOGLOBAL PHARMA INC,1
SAFETAB LIFE SCIENCE,1
AMZENEX HEALTHCARE PRIVATE LIMITED,1
SORANUS LIFESCIENCES PVT LTD,1
INDIA AGRO VISION IMPLEMENTS PVT LTD,1
GMH LABORATORY,1
ASTAMED HEALTHCARE (I) PVT LTD,1
ROMAN HEALTHCARE PVT.LTD,1
SHREEKIND LIFE SCIENCES PVT LTD,1
ARGON REMEDIES PVT LTD,1
SAP BIOTECH,1
SAPHAL PHARMA,1
AMWORLD BIOTECH PRIVATE LIMITED,1
GREEVAA LIFE SCIENCES,1
RADIANT PHARMACEUTICAL LTD,1
ALPHA OMEGA,1
APOTHIES PHARMACEUTICALS,1
ELIXIR REMEDIES,1
LEXIMED INDIA,1
SANITY PHARMA,1
MATILDA PHARMA (I) PVT.LTD,1
PLALS HEALTHCARE,1
MEDILIANCE,1
BIOSSOM PHARMACEUTICALS,1
MIDAS HEATHCARE LTD,1
S S M PHARMACEUTICALS PRIVATE LIMITED,1
ASHVIN HEALTH CARE,1
JAI DURGA ENTERPRISES,1
GRANDEUR INDIA HEALTHCARE,1
SUNRISE HEALTHCARE.,1
RIEMANN LABS PRIVATE LABORATORIES,1
SHADIPUR LABORATORIES LIMITED,1
HARSHIKA,1
VESTIGE PORTAL STORE,1
PRS MEDICARE PRIVATE LIMITED,1
DAEMON PHARMA PVT LTD,1
MEDION BIOTECH PVT LTD,1
BILSTEIN LIFE SCIENCE PVT,1
SHILPEX PHARMYSIS PVT.LTD,1
TRIVISTA LIFE SCIENCES,1
ALLENS INDIA LIMITED,1
MEDSOURCE OZONE BIOMEDICALS PVT LTD,1
ST SHARDA LIFESCIENCES,1
AGNUS PHARMACEUTICALS PVT LTD,1
STALWART LIFE SCIENCES PVT.LTD,1
MARTIN AND BROWN BIOSCIENCE,1
INDIZEN PHARMACEUTICAL,1
JAIN LIFESCIENCES PVT LTD,1
MIDLIFE BIOSCIENCES PRIVATE LIMITED,1
VISHNU FORMULATIONS,1
VEPRAGUS LABORATORIES PVT.LTD,1
ORBIT BIOCARE,1
FAWN INCORPORATION,1
GAYATRI INDUSTRIES,1
CHEMO HEALTH CARE PVT.LTD,1
GEWESO PHARMECIAA,1
VEDIC BIOTEC,1
SHANTAM PHARMACEUTICALS PVT. LTD.,1
NUCIDEM LIFE SCIENCES PRIVATE LIMITED,1
PANCHEM LIFE CARE PRIVATE LIMITED,1
BIOMORPH LIFESCIENCES,1
X MED MEDISCIENCES,1
BIOCARE REMEDIES PVT LTD,1
EVIZA BIOTECH PVT.LTD,1
CEOCHEM PHARMA,1
ANVI PHARMACEUTICALS,1
RAZIA LIFE SCIENCES,1
AIRMED PHARMACEUTICALS INDIA PVT LTD,1
KAPUAN HEALTHCARE,1
KAPEETUS MEDICROP,1
DESIGNS FOR HEALTH,1
PHYSIC PHARMACEUTICALS,1
ASTRAAZIN PHARMACEUTICALS PRIVATE LIMITED,1
UNIARM BIOTECH PRIVATE LIMITED,1
BILLS N MORISON PHARMACEUTICALS,1
NEPTUNE BIOTECH PVT.LTD,1
ADITSA HEALTHCARE INDIA PVT LTD,1
ZEOCHEM PHARMACEUTICALS PVT LTD,1
RHOMBIC LABORATORIES,1
SURIEN PHARMACEUTICALS,1
G.D LABORATORIES,1
NUTAL LIFESCIENCES,1
SONNEBIO HEALTHCARE PVT LTD,1
MATIROCK LIFESCIENCE,1
MATRIX HEALTH CARE LTD,1
DESH PHARMACEUTICALS LTD,1
CUVKAR GENETIC,1
AKME BIOTEC,1
SCOT DERMA PRIVATE LIMITED,1
CALYX BIOTECH,1
INFAR INDIA LIMITED,1
LARSAN HEALTHCARE,1
ALTENA LABORATORIES PVT LTD,1
SHRAY PHARMA LLP,1
CICA CARE,1
EUROMEDICARE INTERNATIONAL PRIVATE LIMITED,1
GREENLEAF FORMULATION,1
FUTURE CARE PHARMA,1
SYNERGIX INDIA,1
LITAX LIFE CARE,1
PROGEN RESEARCH LAB,1
ARGOS HEALTHCARE PVT LTD,1
LITELIC LABS,1
VAJRA LIFE SCIENCES,1
AVEIL PHARMA,1
SELEXIA BIOTECH PVT LTD,1
JAYANTILAL & BROTHERS,1
NORCHEM,1
RAJVI BIOTECH PRIVATE LIMITED,1
WINLET PHARMA,1
REKVINA LABORATORIES LTD,1
HITECH PHARMA,1
FRIEND,1
AW PHARMA,1
MEXON HEALTHCARE LTD,1
LEECHEM BIOTECH PVT LTD,1
INNATE,1
LOTTE INDIA CORPORATION LTD,1
APOTEK ALFA MEDIKA,1
SALUBRIA PHARMAVENTURES PVT LTD,1
SOLVATE,1
RECOVA PHARMA,1
MEDIWON PHARMA,1
QUZEN BIOTECH,1
KERON LIFESCIENCES PVT. LTD.,1
TRIONIA PHARMA,1
ATYAD LIFE SCIENCES PVT LTD,1
MAXIMA PHARMACEUTICALS,1
HMV PHARMACEUTICAL,1
NEESEE HEALTHCARE,1
AXIOM LABS,1
SENVION BIOTECH,1
ZEDON PHARMACEUTICALS,1
ZYREX PHARMA INDIA,1
GUDUCHI,1
SEVAM HEALTHCARE,1
HEALINOV PVT LTD,1
ELEGANT DRUGS PVT LTD,1
CARE HEALTH LIFESCIENCES,1
SYNTONIC LIFESCIENCES,1
B S P PHARMACEUTICAL PVT LTD,1
RAJ BIOCEUTICALS,1
S.V LIFESCIENCES,1
LYPHO MED REMEDIES PVT.LTD,1
NIVAAN PHARMACEUTICALS,1
UNICOSTA,1
KV LIFESCIENCES,1
JASMIN,1
ARIA LIFE SCIENCES,1
SRI KRISHNA DISTRIBUTORS,1
APCO PHARMA,1
BRION PHARMA PRIVATE LIMITED,1
MEDIGRACE,1
INTIMATE CARE,1
ZAVIA HEALTHCARE,1
THEA TEX HEALTHCARE INDIA PRIVATE LIMITED/NANZ MED SCIENCE PHARMA PVT LTD/THEA TEX HEALTHCARE INDIA PRIVATE LIMITED,1
MEDOYSE NUTRACEUTICALS PVT LTD,1
ZYRIS DERMA CARE (P) LTD,1
SARTHAK GROUP,1
REVIAN LIFESCIENCES,1
BLAZON BIOTEK PVT LTD,1
NEOVAP BIOPHARMACEUTICALS PVT. LTD.,1
JOHNSONS AND SMITH CO,1
AUSLER SNOVY HEALTHCARE,1
WEZEN CHEMICALS PVT LTD,1
GAT NUTRITION,1
PERCOS INDIA PVT. LTD.,1
OSSEOUS HEALTHCARE PVT LTD,1
NANO DRUGS,1
BIONET INDIA PVT LTD,1
CHRYSALIS HEALTHCARE,1
BARBER'S CLUB,1
CCL PHARMACEUTICALS PVT LTD,1
BIOXEL HEALTHCARE,1
ABDIEL (INDIA),1
MELAS GROUP OF COMPANIES,1
SPAN PHARMA,1
ZADINE RUMBS LTD,1
ADVOCARE PHARMA,1
NAXKEM PHARMACEUTICALS PVT LTD,1
BARRON ORGANICS,1
LYSON HEALTH CARE,1
PLEXUS LIFESCEINCES PVT.LTD,1
LORD LIFE CARE,1
VINODINE,1
LABCORP INDIA PVT LTD,1
MARS REMEDIES PVT LTD,1
AYATI PHARMACEUTICALS,1
MEGHRAJ PHARMACEUTICALS,1
BIOZEC HEALTHCARE,1
HANSH PHARMACEUTICALS,1
SARA REMEDIES LIMITED,1
TABLET INDIA,1
NATION FIRST PHARMA,1
FOREMOST MARKETING PVT LTD,1
NEURACLE LIFESCIENCES,1
NAVYA PHARMA PVT LTD,1
VRKSH PHARMACEUTICALS,1
RGP,1
HANGZHOU HUA'AN MEDICAL & HEALTH INSTRUMENTS CO. LTD.,1
BIOCIN HELTHCARE PVT LTD,1
OPSONIN PHARMA,1
VITAL PHARMA,1
BROMIDE PHARMACEUTICALS,1
HIYA LIFESCIENCES PVT LTD,1
HICURE PHARMACEUTICALS PRIVATE LIMITED,1
EVASTEO PHARMA,1
NURAY LIFESCIENCES PVT LTD,1
GODIVA BIOADVANCES PRIVATE LIMITED,1
DIVINE LAB,1
SERECHIO PHARMA PVT LTD,1
LADERLY BIO-TECH PHARMA,1
YOTTA HEALTH CARE,1
DR BAILY LABS,1
PATU INDUSTRY,1
MEDZER PHARMA PVT. LTD.,1
CERA BIOLOGICALS,1
INDO GERMAN HEALTH CARE,1
ERGO,1
CRON CRITICAL CARE,1
CONCORD DRUGS LTD,1
SALUBRY LIFE SCIENCES,1
PARKE DAVIS,1
KRESCENT VISION,1
MEDICARE PRODUCTS INC,1
CHALVER LAB,1
RICKMED FORMULATIONS PVT.LTD.,1
SOUTH INDO PHARMACEUTICALS PVT.LTD,1
HOBO LIFE SCIENCES,1
FEALTY GROUP,1
ANKUR LAB EYE DIVISION,1
KRISTAL PHARMACEUTICAL,1
UMBICELL PVT LTD,1
SPA HEALTHCARE PVT LTD,1
PRIOMED LIFE SCIENCES PRIVATE LIMITED,1
NUTRI LIFE PHARMA,1
NOVITAS HEALTHCARE,1
HELIOUS,1
MOBA PHARMACEUTICALS,1
KEO KARPEN,1
ROSNET PHARMA,1
IGNORAH HEALTH CARE,1
RHEUMACURE,1
BANUREET LABS PVT LTD,1
BIOROME DERMACARE,1
BOTANIC CHOICE,1
CELOSIA PHARMACEUTICAL PVT LTD,1
MOREISH PHARMACEUTICALS PVT. LTD.,1
ASHLIFE HEALTHCARE,1
AVISHAI LIFESCIENCES PVT LTD,1
GREYLAND PHARMA .LTD,1
ANISHYA,1
VISION CARE PHARMACEUTICALS PRIVATE LIMITED,1
BHUVID RESEARCH LAB PVT LTD,1
SWARAJ FORMULATIONS PVT LTD,1
MONIKA PHARMA AND SURGICALS,1
PROFOUND LIFE SCIENCES,1
RX CARE PHARMA,1
XEENA,1
ADAMJEE,1
EMEU DE CHARLEVOIX,1
HOWARD FLOREY PHARMACEUTICA,1
AESTHETIC SOLUTION,1
BHUMIJA LIFESCIENCES,1
DANONE NUTRICIA,1
SKIN FIRST COSMECEUTICAL,1
SCARLET LIFESCIENCE PVT.LTD,1
ANSEL HEALTHCARE,1
SANDOR ORTHOPEDICS,1
CENTURY LIFESCIENCE PVT LTD,1
WOOD ROCK HEALTHCARE PVT LTD,1
ENIVID LIFE SCIENCES,1
FORGE PHARMACEUTICALS,1
MSD PHARMACEUTICALS PRIVATE LTD.,1
HETAIDA,1
KORO MEDS LIFE SCIENCES,1
NUTRICHARGE,1
CITIZEN LIFESCIENCES PVT LTD,1
RED PLANET PHARMACEUTICALS,1
DEXA MEDICA,1
WE CARE PHARMACEUTICALS,1
VERTECH HEALTH SOLUTION,1
MADHAV DRUGS PVT LTD,1
SPARKLE LIFE SCIENCES PVT LTD,1
SAGAR MARKETING,1
CSC WELLNEWSS,1
LITTLE GREAVE PHARMACEUTICAL PVT.LTD,1
BYBY PHARMA,1
LILY BIOTECH,1
ZEALON,1
ADAMANT PHARMA,1
NADINE HEALTHCARE PRIVATE LIMITED,1
MEDIWORLD PHARMACEUTICLAS,1
ANGE BIOTECH,1
OSMED FORMULATIONS,1
GLANMOR PHARMACEUTICALS,1
ARIAN HEALTHCATE,1
SCOPE HEALTHCARE,1
MODERN PHARMACEUTICALS LIMITED,1
MONAD PHARMACEUTICALS,1
SACROMA REMEDIES PRIVATE LIMITED,1
DEMORBUS INDIA PRIVATE LIMITED,1
SCORPION,1
ANAND HEALTHCARE,1
ECOREM HEALTHCARE PVT LTD,1
EQUATE,1
WALTUS LIFE SCIENCES,1
CAD SHRRISHTI HEALTHCARE,1
DERMACEUTICAL LABS PRIVATE LIMITED,1
DZWON REMEDIES,1
VISINE,1
BIOARP PVT LTD,1
REGENT TRADELINKS LTD,1
UNIORANGE GROUP,1
ULTRA CHIRON,1
FIRDOUS GIFT CENTRE,1
CANDURE VISION PVT LTD,1
INGEN PHARMACEUTICALS,1
KARUNA HEALTHCARE,1
ATLANTA BIOTECH PVT LTD,1
NOVITAL HEALTH CARE,1
DXN,1
ASH HEALTHCARE PVT LTD.,1
DEITA BIOTECH,1
OLWEN,1
DROGUE PHARMA,1
PHALADA AGRO RESEARCH FOUNDATIONS PVT LTD,1
MEDISU,1
NOVAZING PHARMA PVT LTD,1
MINOPHARM LABORATORIES LTD,1
KOU KAN PHARMACEUTICALS PRIVATE LIMITED,1
RIVER PHARMA,1
MEDIBLESS PHARMA PRIVATE LIMITED,1
PHARMACURE HEALTHCARE,1
VISTA EAGLES GLOBAL PVT LTD,1
GENERAL NUTRITION CENTER,1
LEXINE TECHNOCHEM PRIVATE LIMITED,1
D-LITE TRADERS,1
VKAN HEALTHCARE,1
OREXIA PHARMA,1
CANDIDUS HERBALS &AMP; AROMATICOS INDIA PRIVATE LIMITED,1
MANDAR PHARMACEUTICAL,1
SHREE NUTRITIONS,1
PROCTUS PHARMACEUTICALS PVT.LTD,1
DUJHON,1
JAYARAM PRODUCTS,1
MAXON BIOTECH PVT LTD,1
NEXSTAR,1
SIMRIDHI PHARMA,1
UNIQUE LIFESCIENCES,1
REXIME PHARMACEUTICALS LTD,1
VRISTRI PHARMA,1
OTSUKA PHARMACEUTICAL INDIA PRIVATE LIMITED,1
VELOX BIOLOGICS PVT LTD,1
SEARCH ORBIS PHARMACEUTICALS,1
MANSAS PHARMACEUTICALS,1
SESDERMA INDIA PRIVATE LIMITED,1
PULIN PHARMACEUTICALS PVT LTD,1
ESSKAY BEE,1
AAKAAR MEDICAL TECHNOLOGIES PRIVATE LIMITED,1
PRECTOR LIFESCIENCES,1
ZATIWA LIFESCIENCES,1
ANICHEM PHARMACEUTICALS PVT LTD,1
AID PHARMACEUTICALS,1
BMC,1
DR. JRK&LSQUO;S RESEARCH AND PHARMACEUTICALS PVT LTD,1
HUDSON PHARMACEUTICALS LTD.,1
R S FORMULATION,1
ARKLE PHARMA,1
GROWNBURY PHARMACEUTICALS PVT LTD,1
NEO MEDICAL,1
BAIDYANATH AYURVED BHAVAN,1
MEDERA,1
MBWORLD EXIM PVT LTD,1
SILVER BIOTECH,1
SALVIS HEALTHCARE PRIVATE LIMITED,1
SOLVAY S.A.,1
AYURSUN PHARMA,1
NETEL NEUTRATEC,1
TN MED PHARMA,1
UNIWORD PHARMA,1
ANILATMAJ PHARMACEUTICALS,1
CAD PHARMA,1
LAXOR PHARMA PVT LTD,1
MEDIVA LIFECARE,1
ECO PHARMACURE HEALTHCARE PRIVATE LIMITED,1
LEVITAS PHARMACEUTICALS PVT LTD,1
G R HEALTHCARE LABORATORIES,1
STEADCARE LIFESCIENCES PVT LTD,1
SYNETIC HEALTH CARE,1
BALJIWAN MEDICINES PVT LTD,1
URBEN,1
ANGIA RX DRUG FORMULATION,1
MEDICOT LIFESCIENCES,1
BIOLINE DETERGENT PRODUCTS PVT LTD,1
DOSCH PHARMACEUTICALS PVT LTD,1
FRISKA NUTRACEUTICALS PVT LTD,1
RMPL PHARMA LLP,1
PROMINENT BIOTECH,1
CAPSYP MEDICA PRIVATE LIMITED,1
PHARMA MEDICO APS,1
FAITH PHARMACEUTICALS LTD.,1
CROSSDALE,1
JUBILATION BIO SCIENCES (P) LTD,1
SOLKEM PHARMA,1
MEDICINE HOUSE,1
NAADI PHARMACEUTICALS,1
SAI LAKSHMI MEDICAL CORPORATION,1
MATTOX BIOTECH,1
HOCHEST BIOTECH INDIA,1
GLITTER AGROTECH PRIVATE LIMITED,1
BALAARK PHARMACEUTICALS PRIVATE LIMITED,1
MILPHARM LIMITED,1
SUNRAJ PHARMA,1
SCIENTIFIC BRAIN NUTRACEUTICAL PVT LTD,1
ASTRAL DRUGS,1
SUNPRO PHARMA,1
MAEE PHARMACEUTICALS,1
MAMEARTH,1
ADICURE PHARMACEUTICAL,1
RAAYN DRUGS,1
ROYAL SAPPHIRE REMEDIES,1
NODEX PHARMACEUTICALS PVT.LTD,1
ZIYANA LIFESCIENCES PVT. LTD,1
KALYAN,1
VONARA BIOCEUTICALS,1
MILESTONE HEALTH CARE,1
INTERNATIONAL PHARMACEUTICALS,1
DEVYANI PHARMACEUTICALS,1
BERNOFARM PHARMACEUTICAL COMPANY,1
BIOSWIZZ PHARMACEUTICALS PVT LTD,1
P.K.ENTERPRISES,1
AVANT PHARMACEUTICALS,1
6TH SKIN PHARMACEUTICALS PVT LTD,1
ANOVAA PHARMA PRIVATE LIMITED,1
RELIANCE MEDI PHARMA,1
INCEPTA PHARMACEUTICALS LLP,1
POSITIVE MEDICARE,1
HELATH BIOMED PHARMA,1
SPECTRUM LIFE SCIENCES PVT. LTD,1
ALAINA PHARMA,1
AVECIA HEALTHCARE,1
VZIOC HEALTHCARE,1
SPARKLE LIFE SCIENCES PRIVATE LIMITED,1
STROTAY LIFE SCIENCES PVT LTD,1
RIVAN PHARMACEUTICALS PVT.LTD,1
COSTCO WHOLESALE CORPORATION,1
MEGOHM REMEDIES,1
SUN BIOTECH HEALTH CARE PVT LTD,1
ARIZONA,1
PARADIGM HEALTHCARE,1
BEKIM LIFESCIENCES,1
DREAMZ NUTRITION & PHARMACEUTICALS,1
FLORENZ MEDICARE LABS,1
SYMBIO LIFE PHARMACEUTICALS LTD,1
SCOCIA LABS,1
TIMETECH FORMULATIONS,1
YUNIP REMIDIES PVT LTD,1
IBERIA SKIN BRANDS INDIA PRIVATE LIMITED,1
STRAUSSZEN PHARMA,1
ADIN PHARMA,1
MINT PHARMACEUTICALS PVT.LTD,1
KEPS-3 LIFESCIENCE PVT LTD,1
MLT LABORATORIES PVT.LTD,1
MEDISWIF,1
NOVASTA,1
LORIX PHARMACEUTICAL,1
THYROCARE TECHNOLOGIES LIMITED,1
N.K.LABORATORIES,1
ORNATE PHARMA PVT LTD,1
CAREWELL HEALTHCARE,1
OPTRICA PHARMA PVT. LTD.,1
PRIMA NATURE CARE,1
NATIONAL PHARMA,1
XTRA PLUS PHARMACEUTICALS,1
DR DAY,1
NOVECO RESEARCH LAB,1
PRANAV HEALMARK BIOTECH,1
PREET REMEDIES PVT LTD,1
THEA TEX HEALTHCARE INDIA PRIVATE LIMITED/IMPLUX HEALTHCARE/BACFO PHARMACEUTICALS (INDIA) LIMITED,1
MANJA PHARMACEUTICALS PVT LTD,1
SHREE JI REMEDIES,1
WALNUT HEALTHCARE,1
NORWAY PHARMA,1
KRASIV LIFESCIENCES INDIA PVT LTD,1
UNIPHAR BIOTECH PVT LIMITED,1
HILTON HEALTH CARE,1
CAPRANE PHARMACEUTICALS PVT LTD,1
SUNRAYS HEALTHCARE,1
SM HEALTHCARE,1
KALYSTA PHARMACEUTICALS PVT LTD,1
MARTINET PHARMA PVT LTD,1
VITA GREEN,1
JSO,1
BETA DRUG PVT LTD,1
LIVKON PHARMACEUTICALS PVT LTD,1
ANI HEALTHCARE,1
RICHFIELD INTERNATIONAL PVT LTD,1
ORGYN LABORATORIES PRIVATE LIMITED,1
BISON BIOTEC PVT LTD,1
OLAR LIFESCIENCES,1
WYNBURG PHARMACEUTICALS,1
SPIRE PHARMA,1
GOAN PHARMA PRIVATE LIMITED,1
MEDIKLIK TIKOTA,1
TRUMEDIS PHARMA,1
MODI ANTIBIOTIC PVT.LTD,1
RECOVER HEALTHCARE,1
NEXTBIO TECH HEALTH CARE,1
HEALTHMATE PHARMACEUTICAL PVT LTD,1
QRICH LIFE SCIENCES,1
ZION PHARMACEUTICALS,1
V GEN LIFESCIENCES,1
GENEX LIFE SCIENCES,1
CHEVRON LIFE SCIENCES,1
CORPUS PHARMA,1
ALEXA PHARMACEUTICALS PVT LTD,1
VITAL HEALTH,1
UMAC PHARMACEUTICALS,1
METIERS PHARMA,1
VEE REMEDIES PRIVATE LIMITED,1
MAULINE INDIA PRIVATE LIMITED,1
JANUS BIOTECH,1
XEMEX LIFESCIENCES,1
JOHARS & SONS LTD,1
ALTAVISTA HEALTHCARE PVT LTD,1
DAWAKHANA TIBBIYA,1
HARVEY FORMULATION,1
MSHW,1
RG WIN HEALTH CARE,1
OPULENT NUTRACEUTICALS,1
XENIUM BIOCORP,1
PRINCE BEAUTY PRODUCTS,1
DAMRIN PHARMA,1
REEVEDA,1
ORA YOG RESEARCH INSTITUTE,1
FENESTA HEALTHCARE LLP,1
SUMED PHARMACEUTICALS,1
QROMED REMEDIES PRIVATE LIMITED,1
BIOMED LIFECARE,1
MEDIFF,1
ALVIS MEDISYNTHESIS PVT LTD,1
TEE AND TEE HEALTHCARE,1
EINS PHARMACEUTICALS,1
SYGNATO PHARMACEUTICAL PRIVATE LIMITED,1
PUREPET,1
USP LIFE SCIENCES,1
DYNAMIC TRACOM PVT.LTD,1
KUEMEN LABORATORIES PVT LTD,1
NEULIFE NUTRITION SYSTEMS,1
MANSA MEDI IMPEX,1
ONE LIFE CARE PVT LTD,1
BQU PHARMA PVT LTD,1
PENTA BIOTECH,1
SYNTHERGEN THERPEUTICS PVT.LTD,1
CIENS LABORATORIES,1
HUMANLIFE PHARMACEUTICALS PVT LTD,1
GOODFORTUNE PHARMACEUTICALS,1
APT CURE HEALTHCARE PVT LTD,1
OCULUS PHARMACEUTICALS,1
MACTER INTERNATIONAL (PVT) LTD,1
ZELLEVEN PHARMA PVT LTD,1
SSV PHARMA,1
ENLIFE BIOTECH PVT LTD,1
HI PHARM PHARMACEUTICAL,1
ROMAS REMEDIES,1
BONE HEALTH CARE,1
MDPL,1
ADS LIFESCIENCE,1
SOM PHARMA,1
AYUR,1
EUSA PHARMA,1
MOON LIFE PHARMA,1
CHEVRON LIFESCIENCES,1
DEV PHARMACY'S,1
KYUSEP HEALTHCARE,1
TITAN GEL LTD,1
RALSON,1
MATSON PHARMA PRIVATE LIMITED,1
MARTIN DOW LIMITED,1
SAVEIOER PHARMA,1
SEAMCO,1
MAC MEDILIFE PVT LTD,1
CLOVIS HEALTHCARE,1
DYNAMED LABORATORIES PVT LTD,1
VARSOY HEALTHCARE,1
MEDO CHEM LABORATORY PVT LTD,1
MADHAV OVERSEAS,1
IMMENCE LIFE SCIENCES PVT LTD,1
NURAY PHARMACEUTICALS,1
EVE BIOTECH,1
REMARK HEALTH CARE,1
ALTRUISTIC HEALTHCARE LLP,1
KPL LIFE SCIENCE PVT LTD,1
WAYPHAM INDIA PVT LTD,1
HARVEST HEATHCEUTICALS PVT LTD,1
JEEVAN PHARMA,1
CLARIANT PHARMACEUTICALS PVT LTD,1
WYKAY PHARMA,1
SUZIKEM DRUGS PVT LTD,1
HERBOCHEM REMEDIES INDIA (P) LIMITED,1
SANDOZ PRIVATE LIMITED,1
LORD VENKY PHARMA PVT LTD,1
GENIX PHARMA LIMITED,1
LYNX LIFESCIENCE,1
MARKLINE PHARMACEUTICALS,1
FARMA GLOW,1
VEXLIE BIOCEUTICALS,1
IR PHARMACEUTICALS PVT LTD,1
AMORGOS HEALTHCARE PVT LTD,1
ZIL CARE LIFESCINCES,1
HUDSON,1
WELNEX BIO,1
BIOQUEST PHARMACEUTICALS PVT LTD,1
LYF HEALTHCARE,1
NORTHWEST HEALTHCARE P.LTD,1
ALKON FORMULATION PRIVATE LIMITED,1
BEYBERRY PHARMA,1
SAKSHAM HEALTHCARE,1
ANLEY HEALTHCARE,1
NUTRABUFF NUTRACEUTICALS,1
CARE-MED PHARMACEUTICALS PVT LTD,1
SPY AGRO INDUSTRIES LIMITED,1
ANGELUS LIFE SCIENCES,1
BIO MEDICK,1
B BRAUN PVT LTD.,1
SPLENDID PHARMACEUTICALS,1
TARA BIOSCIENCES PVT LTD,1
FORT HERBAL DRUGS LTD,1
UNICORN INDIA,1
KRISTA LIFESCIENCE,1
NEWGENICS PHARMA,1
MEGADERM,1
PAMPER,1
SANKALP HEALTHCARE,1
ADMETUS PHARMA,1
SUNMAX LABORATORIES PRIVATE LIMITED,1
INNOVUS PHARMACEUTICALS INC,1
PARDYS HEALTHCARE,1
PRANNJIVANI HEALTHCARE PVT LTD,1
SIMQ PHARMA,1
TRETA HEALTHCARE,1
ISHJAS PHARMA PVT LTD,1
OBTAIN HEALTH CARE,1
RAWLLEY HEALTHCARE PVT LTD,1
PLANET BIOTECH LIMITED,1
DINDAYAL INDUSTRIES LTD,1
MEDIKIND LIFESCIENCES,1
NEWWILL BIOTECH PRIVATE LIMITED,1
ACICHEM LABORATORIES,1
AABTAC LIFECARE PVT LTD,1
DEVENTURE PHARMA,1
CENTRAL PHARMACEUTICALS LTD (CPL),1
CHINAR HEALTHCARE PVT LTD,1
LIVE WELL HEALTHCARE,1
SEZJA PHARMACEUTICALS,1
PRAGATI BIOCARE PVT LTD,1
ACTO PHARMA PVT LTD,1
PFISCAR INDIA LTD.,1
HUBRIS PHARMACEUTICALS PRIVATE LIMITED,1
GREENCO CROSS REMEDIES,1
RANK ONE LIFE SCIENCES,1
VPI MEDISALES PRIVATE LIMITED,1
NOVELL PHARMA PVT LTD,1
EMERGE PHARMA PVT LTD,1
HINDUSTAN RESEARCH HEALTH PRODUCTS PVT LTD,1
KANDEWAL LABS LTD,1
ZN PHARMA,1
MENDEL PHARMA,1
DERMA MEDICINE POINT,1
SUPERLATIVE HEALTHCARE,1
BIOFINA PHARMACEUTICALS,1
PERCH LAB,1
SPAREN HEALTHCARE,1
TAN THERAPEUTICSS,1
STERICURE PHARMACEUTICALS PRIVATE LIMITED,1
DENOVO HEALTHCARE,1
MERCK SPECIALITIES PRIVATE LIMITED,1
MONTANA REMEDIES PVTLTD,1
ESKAY IODINE PVT LTD,1
HEALTHY LIFE SCIENCE PRIVATE LIMITED,1
PACITORA BIOTECH,1
ASPIRE PHARMA,1
ALDOC PHARMACEUTICALS,1
SENSITIVE HEALTHCARE,1
RADHIKA ENTERPRISES,1
NEURO LAB INDIA PRIVATE LIMITED,1
VALTINA PHARMACEUTICALS,1
UNICRON PHARMACEUTICALS,1
ZYNOVA LIFE,1
AXIS PHARMACEUTICALS,1
GURUCHEM LABORATORIES PVT LTD,1
CATHOLICON PHARMACEUTICALS PRIVATE LIMITED,1
BUONA,1
ZEXPRIM PHARMACALS,1
GALAXY PHARMA,1
JULPHAR GULF,1
WINNMED HEALTHCARE,1
WELLSA PHARMACEUTICALS PVT LTD,1
GOOD CARE PHARMA,1
ARROW 9 HEALTHCARE,1
CEROVENE HEALTHCARE PVT. LTD.,1
TAISHO PHARMACEUTICALS,1
DR SABHARWALS WOUND CARE,1
MEDIHEALTH LIFESCIENCES PRIVATE LIMITED,1
U-LABS,1
INDIEDRUG LABORATORIES PVT LTD,1
PACT PHARMACEUTICALS,1
ORGANIC NOVACARE,1
RENAISSANCE PHARMACEUTICALS PVT LTD,1
TRIUMPH BIOTECH LIFESPHERE (P) LTD,1
VALBIN REMEDIES,1
ORPEM LIFE SCIENCES,1
X-MED MEDISCIENCES,1
MVM AYURVEDIC,1
ALASKA BIOTECH PVT LTD,1
DELWIS HEALTHCARE,1
JAZZ PHARMACEUTICALS,1
NOVO HEALTHCARE AND PHARMA LTD,1
BROSON PHARMA OPC PVT LTD,1
PENTA PHARMA,1
SANBURY PHARMACEUTICALS PVT LTD,1
VITACURE,1
ACC ACCENTUS,1
PUL,1
EMERITA HEALTHCARE,1
ZUMANIX REMEDIES PVT LTD,1
BINEXO PHARMACEUTICALS,1
CURA PHARMACEUTICALS,1
SALVAVIDAS PHARMACEUTICAL,1
NUVIGEN PHARMACEUTICALS,1
M.SURGICAL,1
BINOVA HEALTH CARE PRIVATE LIMITED,1
XYMERA BIOSCIENCE PRIVATE LIMITED,1
ABYON PHARMA,1
PACIFIC MEDICAL & BIOLOGICAL SERVICES PVT LTD,1
EXMED HEALTHCARE,1
NOR,1
LEE CHEM BIOTECH PVT LTD,1
LIFEPURE LAB,1
PROFEX PHARMA,1
VISTA LIFE SCIENCES PVT. LTD.,1
GENESUN PHARMA PVT LTD,1
FINGERTIP,1
HASSNARS,1
ARBIT PHARMACEUTICAL,1
ELAN FORMULATION,1
CUROIND LAB,1
NADINE HEALTHCARE,1
DERMOCHEM TOPICALS,1
ALNITAK PHARMACEUTICALS,1
LECENT PHARMA,1
LIVIDUS,1
RADIANCE BIOMED,1
EMINENCE RESEARCH & LABORATORIES (P) LTD.,1
KRISHNA LIFE SCIENCE PVT LTD,1
ARHAM LIFE CARE,1
LIFEGRACE PHARMACEUTICALS PRIVATE LIMITED,1
REGAL HEALTHCARE LTD.,1
BICARDIA AND BICARDIA HEALTHCARE PVT LTD,1
DOUGLAS PHARMACEUTICALS PVT LTD,1
ORTICA PHARMA,1
SNEHA NATURA,1
CURIS REMEDIES,1
MEDITREAT,1
VENIX GLOBAL CARE PRIVATE LIMITED,1
ORIN PHARMA,1
ACUMED DEVICES DISTRIBUTION PVT LTD,1
SANFORD LIFE SCIENCES,1
NOVAKIND BIOSCIENCE PVT LTD,1
GENESCIENCE LIFECARE I PVT LTD,1
RESTECH PHARMA PVT LTD,1
FUTURA,1
MACRON PHARAMA,1
WYCH ELM LABORATORIES LTD,1
APOLLO HOSPITALS ENTERPRISES LIMITED,1
INDO GERMANS,1
SHIVANI HEALTHCARE,1
BEAKON PHARMACEUTICALS,1
SAR BIOTEC,1
INV-INVO MED,1
EDINBURGH PHARMACEUTICAL,1
MENTOR LIFECARE PVT LTD,1
BSVLMP PHARMACEUTICALS PVT LTD,1
NUTRILITE,1
ROBIN HEALTH CARE LTD,1
LIFE LINE HEALTH CARE,1
SEA LIFETIMES,1
BISANI PHARMACEUTICS,1
NUMARK PHARMA,1
ADORN PHARMACEUTICALS,1
EXON PHARMACEUTICALS,1
GAYZEL PHARMACEUTICALS PVT LTD,1
BABA CHEMIST,1
HOPE LIFE SCIENCES,1
EUGENE PHARMACEUTICALS,1
UNJHA FORMULATIONS,1
EURO PHARMACEUTICALS,1
BIONICREMEDIES,1
SPINEX HEALTHCARE,1
ALLCARE BIOTECH,1
OXUS LIFE SCIENCE,1
BIOCIA HEALTHCARE LTD,1
ALCOTT HEALTHCARE PVT LTD,1
NIVIAN PHARMA LLP,1
CHIRAYU PHARMACEUTICALS PVT LTD,1
TJORI,1
RAXIN HEALTHCARE,1
SCOOTS PHARMACEUTICAL PRIVATE LIMITED,1
RHYS HEALTHCARE PVT.LTD,1
S.B FORMULATIONS,1
MS GLOBUS REMEDIES LTD,1
AURANTIS LIFE SCIENCES,1
ICON MEDISCIENCES PRIVATE LIMITED,1
CENTURAIAN PHARMACEUTICALS,1
FOX & WOLF HEALTHCARE,1
MAZIN PHARMA,1
ENN BIOTECH,1
CIAGA PVT LTD,1
THISHO,1
ISDIN,1
DHARAMTARA LIFE SECIENC,1
GALAXY REMEDIES PVT LTD,1
EVIDENT HEALTHCARE,1
PURE WIN LABS PVT.LTD.,1
POONIA BROTHERS,1
FERRING PHARMACEUTICALS,1
WATER LILLY PHARMA,1
INDIA LIFE BIO SCIENCE,1
MEDICRAFT,1
INNOVITAL HEALTHCARE PRIVATE LIMITED,1
RENCORD LIFE SCIENCES PVT LTD,1
SUNDOWN NATURALS,1
ROSHAN SURGICALS,1
PIGEON INDIA PVT. LTD,1
BK MEDICALS,1
STANMED BIOTECH,1
UNIVERSAL SKIN IMPEZ PRIVATE LIMITED,1
SRI HARI HERBALA,1
SPEY MEDICALS PVT.LTD,1
ZEN MEDICA,1
LYNX PHARMA PVT LTD,1
MEDRIGHT BIOGENICS PVT LTD,1
ALLEXIN PHARMA,1
STARDAY PHARMA,1
RISHAM HEALTHCARE,1
CESTLAVIE LAB,1
MAQ,1
AISLIN FORMULATIONS PVT LTD,1
UNOCARE LLC,1
MARTIN&BROWN BIO-SCENCIES,1
RJRX HEALTHCARE,1
PRISTYN INNOVATION AND EXCELLENCE,1
SATAMAA NOVEL,1
THE MADRAS PHARMA,1
NEXGEN HEALTHCARE PVT LTD,1
ZAUBA CORP,1
WARNER ELECTRONICS (I) PVT. LTD.,1
MANO PHARMACEUTICALS PRIVATE LIMITED,1
GOOD HEALTH PRODUCTS LTD,1
INDLIFE,1
LIFT LIFE BIOTECH PVT LTD,1
MAXWAVE PHARMA,1
MACTIF PHARMA,1
SAYORA PHARMA,1
JAMJOOM PHARMA,1
TENOR PHARMA,1
UDC PHARMA PVT.LTD,1
SEVEN BIOSCIENCES,1
REENAUX LIFE SCIENCE,1
SENTIRE PHARMACEUTICAL INDIA PRIVATE LIMITED,1
CHETHANA REMEDIES INDIA PVT LTD,1
LINKEN MATRIX PRIVATE LIMITED,1
HERBA NEUVA IMPEX PVT LTD,1
BOYEGER BIOTECH PVT LTD,1
INNOMED LABORATORIES,1
SUJO PHARMA,1
GENT-X,1
DOLOPHARMA HEALTHCARE,1
ALLCURE LIFESCIENCES,1
PASEL PHARMACEUTICALS,1
DERMA PRIME,1
ZAZEN PHARMA PVT LTD,1
SAFETECH FORMULATIONS,1
DR.ROSHANLAL AGGARWAL & SONS PVT LTD,1
ALOR PHARMACEUTICALS,1
CANSAS LIFECARE,1
NATCO GENERIC,1
SEAGULL PHARMA,1
STELCRIT,1
ISHITA PHARMACEUTICALS PVT LTD.,1
INTEGRON PHARMA PVT LTD,1
MCCOY LABORATORIES,1
LYNAZ PHARMA PVT LTD,1
SANCTUS GLOBAL FORMULATIONS LTD,1
VISION REMEDIES,1
ROTTAPHARM,1
DEVI FORMULATIONS PVT . LTD.,1
ACTIVA LIFESCIENCES,1
PHARMAMED PVT LTD,1
GENERAL,1
MULTIPLE PHARMA INDIA PVT.LTD,1
NEBULAE PHARMACEUTICALS PVT.LTD,1
QURE BIOTEC,1
ROHS,1
ARRIER BIOTECH,1
G NINE FORMULATIONS PVT LTD,1
HINDUSTAN BIOTECH,1
DEVIS HEALTH CARE,1
PRINCE PHARMA,1
VEDA LIFE CARE PVT. LTD,1
NEOSUN BIOTECH INDIA PVT LTD,1
FENLEYROSH,1
APOHA PHARMACEUTICAL PVT LTD,1
I CARE MEDI,1
STAYFIT HEALTH & FITNESS WORLD PRIVATE LIMITED,1
ACEON PHARMA,1
ALWIN WILLCURE,1
PROGRESSIVE LAB,1
MAGIC POTIONS,1
KYLSANS DRUGS AND CHEMICALS,1
LG CHEM LTD,1
MUSCLE TECH,1
SYNERGY MEDICARE,1
BOSONE PHARMA VISION PVT LTD,1
PRISM LIFESCIENCE PVT LTD,1
SALUTIFER LTD,1
J.P.BIOTECH,1
VISTTA COSMETICS,1
RIANEL PHARMACEUTICALS,1
FUCOM LIFE SCIENCE PRIVATE LIMITED,1
ICARUS HEALTHCARE PVT LTD,1
STANFORD BIOTECH (P) LTD,1
HERBOMED REMEDIES,1
ELKINS PHARMA,1
KINJAL BIOTECH PVT LTD,1
ZING LIFECARE PVT LTD,1
SIROY LIFESCIENCES,1
MEGHA HEALTHCARE,1
BIOTICS RESEARCH CORPORATION,1
INFUTEC HEALTHCARE LTD,1
ZYNOVA LIFE SCIENCE PVT LTD,1
LAVEN PHARMA INDIA PVT LTD,1
DR PEARL PHARMACEUTICALS,1
CLARION ( INDIA ) HEALTH CARE,1
EXIMED INDIA,1
TAI GUK PHARM,1
NOVAZEN PHARMACEUTICALS,1
AEOLIAN BIOTECH,1
ASTABERRY BIOSCIENCE (I) PVT LTD,1
JVD PHARMA PVT LTD,1
RAVENMAC PHARMACEUTICALS PVT LTD,1
NABIQASIM INDUSTRIES PVT LTD,1
ONCOBIOTEK DRUGS PVT LTD,1
MOHAMMEDI,1
GENOMIX LIFE CARE,1
NOVOZAC PHARMA,1
AVENTIS PHARMA LIMITED,1
TRAUMEN LIFE SCIENCES PRIVATE LIMITED,1
CENTAUR LAB,1
OLDMED HEALTHCARE PVT LTD,1
HEMSTECH LABORATORIES,1
PICKLES QUALITY HEALTHCARE,1
BOSTON SCIENTIFIC,1
EPHESIAN LIFESCIENCES,1
EVESTIN HEALTHCARE,1
NEW AMYS PHARMA,1
GLECTOR GLOBAL ENTERPRISES PVT LTD,1
ANOGEN PHARMA PVT LTD,1
ALICIA HEALTHCARE,1
MEDITEK LIFESCIENCES PVT LTD,1
BIOGENOMICS LIMITED,1
HUMAN STAR PHARMACEUTICALS PRIVATE LIMITED,1
SRS THERAPEUTICS PVT LTD,1
HI BRAND PHARMAULATION,1
AWESOME PHARMACEUTICAL,1
JAVELIN PHARMACEUTICALS,1
DIMPU,1
HEALTH VIVA,1
SIGNIT LABORATORIES PVT LTD,1
SHARDA LIFE SCIENCES,1
HOPKINS HEALTH CARE,1
BUTSON BIOSCIENCES PVT LTD,1
TRINE PHARMACEUTICALS,1
PRISMA HEALTHCARE,1
AIMMAX PHARMA,1
MEDISERCH PHARMACEUTICAL,1
RUNA PHARMACEUTICALS PRIVATE LIMITED,1
MEPACO PHARMA,1
KAYDEE BIOTECH PVT LTD,1
PARKIN LABORATORIES,1
MERVEILLEUX INDIA ENTERPRISES,1
MUNCHKIN,1
BIG DREAM PHARMA,1
NOVOPHARM FORMULATION PVT LTD,1
HEZEN,1
GALTON PHARMACEUTICALS PRIVATE LIMITED,1
SASWAT PHARMA,1
VED LIFESAVERS,1
LIFEVISION HEALTHCARE,1
COGNIWELL PHARMA,1
MANSIRA PHARMA,1
ROLISSEL,1
NEO LIFESCIENCES,1
CANDID PHARMA PVT LTD,1
NANOPHYTO PHARMACY PVT.LTD,1
INFINITECARE PHARMACEUTICALS,1
RUBRA,1
RR PHARMACIA,1
ATARAXIS DRUGS,1
VALENCE PHARMA,1
AESMIRA (MIRACULUS),1
RADIPLEX,1
ANLEY HEALTH CARE,1
BIHANS PHARMACEUTICALS PVT LTD,1
H & B WELLNESS,1
MEHAR REMEDIES,1
COLOURS LIFE SCIENCES,1
KANSAL INDUSTRIES,1
ASTRANOVA BIOTECH,1
TESTED & TRUSTED PHARMA PVT.LTD,1
BIOVALIANT LABORATORIE,1
MARS INDIA,1
ROSE HEALTHCARE PVT LTD,1
UNIPRED MAKE WELL PHARMA,1
STENZER HEALTHCARE,1
AMBER LABS,1
AMAZON DRUGS PVT LTD,1
APRICOT PHARMACEUTICAL,1
GALAXYLINE BIOCARE PVT,1
HEALTH BIOLOGICS,1
RAJ CLASSIC FOODS LTD,1
LG LIFESCIENCES INDIA PVT LTD,1
UNIJULES LIFE SCEINCES LTD,1
ZEDLEY HEALTHCARE,1
UNIKON,1
GRACE PHARMA,1
HEALTH VIT,1
GLOBAL MEDICARE PHARMA,1
SUNRISE PHARMA,1
VADSP PHARMACEUTICALS,1
DAZZLE PHARMACEUTICALS,1
SWARAJYA PHARMA,1
DERMOGRACE PHARMA,1
DR ALSON LABORATORIES PRIVATE LIMITED,1
ENRICO LIFE SCIENCE,1
ADISON LABORATORIES,1
EGYPTIAN INT. PHARMACEUTICAL INDUSTRIES.CO,1
DWEPS PHARMA,1
INFINITY PHARMACEUTICAL,1
INDOGLOBE VENTURES PRIVATE LIMITED,1
SAFARY PHARMACY,1
REVIGRO PHARMACEUTICAL PVT LTD,1
GLUTACAPS,1
MACRON BIOTECH PVT LTD,1
NUTRAMARCK LIFESCIENCES PRIVATE LIMITED,1
ZONA BARAT PHARMACEUTICAL,1
INCEPTA PHARMACEUTICALS LIMITED,1
ZESTWIN LIFE SCIENCES,1
TAURLIB PHARMACEUTICALS LLP,1
GENEGEN HEALTHCARE,1
INVIG HEALTHACRE,1
AYURVEDIC,1
IMMITEC CYPRUS,1
INMITO MEDITECH PVT LTD,1
AEON BIOLOGICALS PRIVATE LIMITED,1
VAGMINE HEALTHCARE PVT LTD,1
LEMBOS PHARMACEUTICALS LLP,1
PRIYANKA PHARMA,1
NORCHEM HEALTHCARE PRIVATE LIMITED,1
HEALTHSURE BIOTECH,1
DOCTORS CHOICE HEALTH CARE INDIA PVT LTD,1
EQUVILA HEALTHCARE PRIVATE LIMITED,1
WILSHIRE HEALTHCARE,1
UNIQUE BIOTECH LTD,1
JARROW FORMULAS,1
RANDOM HEALTHCARE,1
GDS PHARMATECH,1
KEVA INDUSTRIES,1
ADARZA FUTURE HEALTHCARE,1
SYNCOM HEALTHCARE LTD,1
MEDULA LIFESCIENCES,1
SAFECARE,1
PIDEK PHARMACEUTICALS,1
DERMACURE PHARMACEUTICALS PVT LTD,1
OCTAGLO LABORATORIES PVT LTD,1
WELEX LABORATORIES PVT LTD,1
SALIN PHARMACEUTICAL,1
NIKSUN PHARMACEUTICALS PRIVATE LIMITED,1
AGUSTO FORMULATION PVT LTD,1
ADANA HEALTHCARE PRIVATE LIMITED,1
MACR PHARMA,1
UNJHA,1
YAP BIOCEUTICALS,1
YOSURA HERBALS PVT LTD,1
WRENITT LIFESCIENCES PRIVATE LIMITED,1
SATYAM REMEDIES,1
AXAR PHARMA,1
VITAE,1
MEDFORCE PHARMA PVT.LTD,1
OPES PHARMACEUTICALS,1
BLUE EYE PHARMA,1
AMIWELL LIFESCIENCE,1
DR. BISWAS,1
ELCON DRUGS & FORMULATION LTD,1
INNOVITA PHARMACEUTICALS,1
NUALTER REMEDIES,1
AVANCER LABS PVT LTD,1
LAVINA PHARMACEUTICAL PRIVATE LIMITED,1
AVENUE IMPEX,1
VAISHNAV REMEDIES,1
AVAINCE,1
ASR FOREEVER,1
SHINY PHARMACEUTICALS PVT LTD,1
EASYGO INDIA,1
CMR LIFE SCIENCES,1
DR MANIS PHARMACEUTICALS,1
NUTRAVEL HEALTHCARE,1
NUTRICORP HEALTH CARE,1
TANIK HEALTHCARE,1
AVEON HEALTHCARE & PHARMA PVT LTD,1
BERESFORD PHARMA,1
LOGIN PHARMA PUB PVT LTD.,1
M S R LIFE SCIENCES,1
ALGERISH PHARMA,1
VERNAL LIFE SCIENCES,1
JENOME BIOPHAR PVT LTD.,1
REMED HEALTH CARE PVT LTD,1
VEER GROUP AND COMPNY,1
SOLWIN LIFE SCIENCES,1
ORIGINIA PHARMACEUTICALS,1
FIDUS HEALTHCARE LLP,1
STAR BIOMED PVT LTD,1
ORNATE PHARMA,1
BIO MED PRIVATE LIMITED,1
NEXURE LIFESCIENCES PVT LTD,1
BIO SARS PHARMA LTD,1
RATHI LABORATORIES,1
BYENNET PHARMACEUTICAL PVT LTD,1
SURE FOR CURE FORMULATIONS PVT LTD,1
SAMTECH REMEDIES,1
LAPO PHARMA,1
BHARATH BIOLOGICALS,1
NIPA PHARMACEUTICALS PRIVATE LIMITED,1
CHEMECH LABORATORIES PVT. LTD,1
WINKEM HEALTHCARE PVT LTD,1
SANKO BIOTECH,1
AZARIS PHARMA,1
JSV HEALTHCARE,1
LAZARUS HEALTHCARE,1
OJAD MSD LIFESCIENCES INC,1
ETHICS LIFECARE,1
MED CALIFORNIA SCIENTIFIC,1
EVERYOUTH,1
DOCTORS LIFE SCIENCES INDIA LIMITED,1
SHRI RAM ENTERPRISES,1
URIHK PHARMACEUTICAL PRIVATE LIMITED,1
AKTIMAS,1
MAYA SA,1
HELLO,1
HILTON HEALTHCARE,1
PEENAK PHARMA,1
EASY FIT,1
BODERM,1
HIDAA LIFESCIENCE,1
SAG LIFE SCIENCE,1
BENCHMARK AYURVEDA,1
NANOWIN LIFESCIENCES PVT LTD,1
MCLEAN LABORATORIES,1
KBS,1
MEDIFAITH BIOTECH,1
MEDIWIN LABORATORIES,1
ADEPT BIOCARE,1
MEDPHAR HEALTHCARE,1
MEDIL HEALTHCARE,1
MEDI PHARMA,1
PROQOL HEALTHCARE,1
SCORTIS PHARMA,1
LIPUR PHARMA,1
HBC DERMIZA HEALTHCARE PVT LTD,1
KONARK BIOCHEM,1
PRIYA LIFE SCIENCE,1
H L HEALTHCARE PVT LTD,1
DNV OVERSEAS IMPEX PVT LTD,1
OKEDIA LIFESCIENCES,1
TRUE CARE,1
ONUS LIFESCIENCES,1
HAMSWELL LIFECARE,1
MONERIZ PHARMA,1
IUVENIS HEALTHCARE PVT LTD,1
EMN DRUGS,1
SWARION LIFE SCIENCES,1
ZUMENTES HEALTHCARE,1
HALLMARK FORMULATIONS,1
CFPL HEALTHCARE,1
AAA PHARMA TRADE PVT LTD,1
VJOVIS HEALTH CARE PVT LTD,1
LEGEND ADVANCED BIOMEDICINALS,1
PEELIFE,1
POLARIS HEALTHCARE,1
FOVEA,1
JAIKARAN HERBALS,1
RISHISUN,1
RANMARCS PHARMA PVT.LTD,1
MUNDI PHARMA,1
XPLORA LIFE SCIENCES,1
SUPRACYN PHARMA,1
TRAYON HEALTH CARE,1
MEDSIGN BIOTECH PRIVATE LIMITED,1
LA VIE PHARMACEUTICALS,1
BONUM MEDELAE PVT LTD,1
KARONA AEROSOL LLP,1
DNC PHARMACEUTICALS,1
THEA TEX HEALTHCARE INDIA PRIVATE LIMITED/IMPLUX HEALTHCARE/MAGNUM HEALTH AND SAFETY,1
SARVODAYA OPTHALMICS,1
CREWMED HEALTHCARE,1
S.S.PHARMACEUTICALS,1
SHRINIVAS LAB,1
INNOVCE PHARMA,1
HARVEY INDIA PHARMACEUTICAL DIVISION,1
FINESSE PHARMACEUTICALS,1
ASCENT LIFE SCIENCES,1
UNI VISION HEALTHCARE,1
AXIS FORMULATION,1
GRAKARG HEALTHCARE PVT LTD.,1
MEDIPRIO PHARMACEUTICALS PVT. LTD.,1
H CARE CORP,1
CMG PHARMACEUTICALS,1
SUNRAYS HEALTH CARE PVT.LTD,1
NOVAZING PHARMA PRIVATE LIMITED,1
TRICEPT LIFE SCIENCES,1
DODEL LABORATORIES,1
AWAKESOUL PHARMACEUTICAL PVT LTD,1
YASH NUTRACEUTICALS,1
NUTRIX HEALTH CARE PVT LTD,1
CAREGROUP SIGHT SOLUTION LLP,1
BIOCUTIS LIFE SCIENCES,1
KUSHAL AYURVEDIC PHARMACY,1
MASCOT BIOTECH PVT. LTD,1
VOWCARE PRODUCTS,1
NOSTALGIA MEDICARE,1
DON VALLEY PHARMACEUTICALS,1
ADAMANT BIOLIFE PVT LTD,1
HEALTHTRONIK PHARMACEUTICALS,1
KANTER BIOTECH,1
WOHLTAT LIFE SCIENCES,1
WHITESTORE H.C,1
NNOKON LABORATORIES,1
BRANOLIA CHEMICALS PVT LTD,1
VALDUS PHARMACEUTICALS,1
SALTA BIOTECH AND NEUTRACEUTICALS,1
SYNWELL INDIA PHARMA PVT LTD,1
G NINE BIOCEUTICALS PVT LTD,1
FOCUS PHARMA PVT LTD,1
AADYA LIFE SCIENCES,1
MATISH HEALTH CARE,1
FOURTRAX,1
ADMAC PHARMA LTD.,1
IOSIS REMEDIES,1
LYSSA HEALTHCARE PRIVATE LIMITED,1
SKY MEDIPHARMA,1
MRHM HINDUSTAN MEDICARE,1
MMATRICS PHARMACUETICALS,1
PISCES LABORATORIES PRIVATE LIMITED,1
ACME LABORATORIES PVT LTD,1
CONCORD DRUG LTD,1
FLOWERS PHARMACEUTICAL,1
MICRO NUTRITIONS,1
DALVKOT UTILITY ENTERPRISES PVT LTD,1
MANCODE,1
RENACE PHARMACEUTICAL,1
AVENSIS EXIM PVT LTD,1
SALVO HEALTHCARE,1
AGR PHARMA INDIA PVT LTD,1
EGYPHAR,1
SAGE FORMULATIONS,1
MAXCARE PHARMACEUTICAL PVT LTD,1
STAREX PHARMACEUTICALS,1
HAUZ PHARMA PVT LIMITED,1
SWAYAM HEALTH CARE PVT LTD,1
HINDUSTAN NUTRACEUTICALS INC,1
SYMBIOTIC PHARMA,1
CALITATE PHARMA,1
AIDEROS PHARMA,1
LAXIN HEALTHCARE,1
WINGS HEALTHCARE PVT LTD,1
SCALA PHARMACEUTICALS,1
SYMPHONY HEALTH CARE,1
TALENT LABS,1
VALIANT REMEDIES PRIVATE LIMITED,1
OCEAN LIFECARE PRIVATE LIMITED,1
CUZCO PHARMA PVT LTD,1
KALEON LABORATORIES,1
NEX PHARMA PVT LTD,1
HINDUS PHARMA PVT LTD,1
REEHEL PHARMACEUTICALS,1
NASTECH PHARMA,1
SAPPHIRE PHARMACEUTICALS PVT.LTD,1
PARTNERS CANADA,1
RALLIS PHARMACEUTICALS,1
RUSHABH MEDICINES,1
MUNDIPHARMA (BD) PVT. LTD.,1
CE-CHEM PHARMACEUTICALS PVT LTD.,1
NEXUM PHARMACEUTICALS,1
SARABHAI CHEMICALS PVT.LTD,1
DIVUS LABORATORIES LTD,1
ZEAL LAB,1
SAFEGUARD LIFESCIENCES PVT.LTD.,1
TRIVIGYA BIOSCIENCE,1
BACFO PHARMACEUTICAL PVT LTD,1
TEBLIK DRUGS,1
ZAIVA LIFESCIENCES PRIVATE LIMITED,1
COASTAL BIOMEDICS,1
ACCURA PHARMAQUIP PVT LTD,1
YUG PHARMACEUTICALS,1
MONEX HEALTH CARE,1
NEURO VISION,1
OSHO LABORATORIES (P) LTD.,1
ZED PHARMA LTD,1
DEVANSHI HERBS AND HEALTH,1
BIOVENCER HEALTH CARE PVT LTD,1
PENLON PHARMA,1
VYOM LIFECARE PVT LTD,1
VENUS AYURVEDA,1
SPIKA LIFE SCIENCE,1
VITTS PHARMA PVT.LTD,1
AURUM LABS PVT LTD,1
NSV LIFECARE PVT LTD,1
PALBIK PHARMA,1
ADVENT ORGANICS PVT LTD,1
GETWELL LIFE SCIENCE PVT LTD,1
MAIYUN,1
ADRIFT PHARMACEUTICLS,1
SCHIFF,1
FRONTLINE REMEDIES,1
REX MEDICARE PVT LTD,1
BIDDLEY-SAWYER LTD,1
MEDIAID HEALTH CARE PRIVATE LIMITED,1
PEKANA HOMEOPATHIC,1
HERAND,1
GLOW VISION PHARMACEUTICALS,1
VENTURIAN HEALTHCARE,1
AUSTIN LIFE SCIENCES,1
GILEAD SCIENCES,1
ROWA PHARMA,1
MEPRODERMA CARE,1
SIGMA DRUGS INDIA PVT LTD,1
SEMPER FIDELIS HEALTH CARE PVT LTD,1
SOLITAIRE BIOTECH PVT.LTD,1
ARIKA HEALTH CARE,1
LINNIUM PHARMA PRIVATE LIMITED,1
ADORE HEALTH CARE,1
CONTEC MEDICAL SYSTEMS CO LTD,1
ZENITH DRUGS PRIVATE LIMITED,1
SAISAN HEALTHCARE,1
RAPHAEL PHARMACEUTICALS PVT LTD,1
AMBIKA PHARMACEUTICAL AGENCY,1
BIOCUTE LIFECARE,1
MK HEALTHCARE,1
ANDOSA,1
GALAXY NUTRITION,1
BRIXY PHARMACEUTICALS PVT LTD,1
AMRONA MEDICAL PVT LTD,1
PHARMAKON LIFE SCIENCES,1
OZOMAX,1
RAJESH MEDICAL AND COMPANY,1
AK NOVA LIFESCIENCES PVT LTD,1
SWEAT NO MORE,1
BRAUN INTERNATIONAL CO LTD,1
NUBERG PHARMACEUTICALS PRIVATE LIMITED,1
DAEIOU PHARMACEUTICAL PVT LTD,1
HERB EDGE HEALTHCARE PVT LTD,1
KAVI,1
AMBIKA MEDICAL STORES,1
CARDIA LIFECARE PVT LTD,1
ALZEON HEALTHCARE,1
XEENA MEDI SCIENCES,1
BIOTEL LAB PVT LTD,1
PINNACLE PHARMACEUTICALS,1
ZENS HEALTHCARE PVT. LTD.,1
SEGOS BIOCARE,1
BADARIYA PHARMA,1
DIASOZO PHARMA,1
LAXMI AGENCIES,1
GIRGLA PHARMA,1
LEZIVIA LIFE SCIENCES,1
USHA PHARMACEUTICALS,1
ERA-ERA PHARMA,1
ASPADA ENTERPRISES PVT LTD,1
INSHAAN HEALTHCARE PVT LTD,1
LIFE LINE REMEDIES.LTD,1
HIMSAGAR LABORATORIES LTD,1
HARDIC HEALTHCARE,1
ABRON BIOTECH,1
BOUNTIFUL LIFESCIENCES PRIVATE LIMITED,1
NAMCARE BIOTECH,1
CAMBIST BIOTECH PVT LTD,1
SPITZE PHARMA,1
SUNGURUS PHARMA,1
ALLAY PH,1
HINDU LINES,1
ROVERTIS PHARMACEUTICALS PVT LTD,1
BAMPS HEALTH CARE,1
AFFLATUS PHARMACEUTICAL PVT LTD,1
DIGMEDI PVT LTD,1
AANAND PRODUCTS,1
ECSTATICS PHARMACEUTICAL PVT LTD,1
JAGDALE INDUSTRIES PVT LTD,1
RATAN LIFESCIENCES,1
MEDICROSS PHARMA CHEM LIMITED,1
MENTIS PHARMA LTD,1
OLYEX PHARMACEUTICALS,1
PINAKIN PHARMA,1
ENEREX,1
MOONLIFE PHARMA,1
CIBA GEIGY,1
MEDIEX HEALTHCARE PVT LTD,1
SKYLAR LIFE SCIENCE,1
ALBIN HEALTHCARE,1
AMIGO SURGICARE PVT.LTD,1
PULSY,1
SOLAR LIFE SCIENCES MEDICARE PVT LTD,1
MEDLIFE INTERNATIONAL PVT LTD,1
SWIZING BIOSCIENCES,1
SANO HEALTH CARE PRODUCTS PRIVATE LIMITED,1
ELEMENTS WELNESS,1
HOLISTIC WAY,1
ANAYA HEALTHCARE,1
BRIOGEM BIOIGENICS PVT LTD,1
MONSTER,1
RR LIFE SCIENCE PVT LTD,1
TROST MEDICARE,1
F M MARKETING,1
ALENMEDS HEALTHCARE PVT LTD,1
RATNARAJ NUTRASCIENCE LLP,1
FIZIKS LIFESCIENCE,1
PHARMAGEN INDIA PVT LTD,1
MAREENA PHARMA,1
MEDIBEST PHARMA,1
ENTRUST HEALTHACARE PVT LTD,1
SUSAR PHARMA,1
CONSERN PHARMA (P) LTD,1
AMCL MACHINERY LIMITED,1
RMD MEDIAIDS LTD,1
FRISCO HILL PHARMACIA,1
HIMOKSH PHARMA,1
LIFESTANCE HEALTHCARE,1
CTL PHARMACEUTICALS PVT LTD,1
BALAJI SKIN AND HAIR CARE PRIVATE LIMITED,1
WEIST LIFESCIENCES,1
SWISS FORMULA,1
NEMED HEALTHTECH,1
ARYA MEDISOLUTION PVT LTD,1
BRITTANIA,1
VISCERA HEALTHCARE P LTD.,1
UNIGROW PHARMACEUTICALS,1
ANACOR PHARMACEUTICALS INC,1
ACHATES HEALTH CARE,1
AMMACARE PHARMA,1
VICTRO PHARMACEUTICAL PVT LTD,1
ALPHA NOVA PHARMACEUTICALS,1
NOVAGEN PHARMACEUTICALS,1
OPTIMUM HEALTHCARE,1
NAOMI LABORATORIES PVT. LTD.,1
MEDICONCEPT PHARMA PL BIP,1
ZENACTS PHARMA PVT LTD,1
MEDGENOVA PHARMA PVT.LTD.,1
NANO SYN ORGANICS PRIVATE LIMITED,1
NEWFIN FORMULATION,1
MATINS HEALTH CARE,1
M & B LABORATORIES,1
NOVA LIFE HEALTH CARE PVT.LTD,1
DOCTAVO LABORATORY LLP,1
PEPTIDE SCIENCES,1
MEDOPHARM PRIVATE LIMITED,1
ALTOP LABS INDIA PVT LTD,1
SECURE BIOTECH,1
FINNMED BIOTECH PVT LTD,1
LA GRANDE PVT LTD,1
HEAL THY SELF PHRMA,1
OYSTER LABS LTD,1
ALVE IMPEX,1
CARE FORMULATIONS,1
J.D SALES,1
REJLI HEALTHCARE PVT LTD,1
IGNITED INDIA PHARMACEUTICALS PVT LTD,1
BALAJI PHARMA LTD,1
NISARG PHARMA,1
PEHAL PETROCHEMICALS PRIVATE LIMITED,1
PAKIZA UNANI,1
CHRISTINE PHARMACEUTICAL,1
SINCLAIRS LABORATORIES,1
FOCAZ MEDIPHARMA,1
PETROSOLV INDIA LIMITED,1
CENOZOIC REMEDIES PVT LTD,1
HUMAN PHARMACIA,1
INOX HEALTH PVT LTD,1
EYE CARE APPLE PVT LTD,1
ACELA HEALTHCARE PVT LTD,1
TRUST CARE PHARMACEUTICALS,1
ENNVAY,1
BANSON PHARMACEUTICALS PVT LTD,1
DENIZEN PHARMACEUTICALS INDIA PRIVATE LIMITED,1
ZIP HEALTH CARE,1
INCISIVE HEALTHCARE,1
VESTAL PHARMATEC,1
SANSKAR AYUSH MEDICARE PVT. LTD.,1
INDOMEZ PHARMA,1
MUFIC LIFE SCIENCE,1
DANALIFE,1
"LIM,E",1
MEDISRA PHARMA PVT LTD,1
MARXX PHARMA,1
HEALTHPLAN PHARMA,1
SYNOLAB,1
GMH PHARMACEUTICALS PVT LTD,1
AVIS BIOTECH PVT LTD,1
GLADDEN LABS,1
ARNIZO LIFESCIENCE OPC PVT LTD,1
ELKINS,1
YOURS MEDICARE,1
STANCE BIOGENICS PVT LTD,1
ENVY,1
FLAWLESS PINK,1
ZORA PHARMA,1
YEW BIOTECH,1
LOKI INC,1
SUNRE HEALTHCARE,1
PERIDOT LIFE SCIENCES,1
BIOPHAR LIFESCIENCES,1
QUANTUM NATURALS INDIA PVT LTD,1
PHARMA SYNTH FORMULATIONS PVT LTD,1
SHIMBHAOLI SUGARS LTD,1
ARTEMAS PHARMA,1
DEEP PHARMA,1
SR MEDICARE PVT LTD,1
RIAN PHARMA,1
GLOSS PHARMACEUTICALS PVT LTD,1
THEOGEN PVT.LTD,1
BEA-BEATLE HEALTHCARE,1
MAXRELIEF PHARMACEUTICALS,1
SAIFY HEALTH CARE AND MEDI DEVICES INDIA PVT LTD,1
TULSI PHARMA,1
RADIUS LIFE CARE PVT LTD,1
CITRUS PHARMA,1
KABI PHARMA,1
HANNIS HALTHCARE,1
ZENSTAR LIFESCIENCES,1
G P S PHARMACEUTICALS,1
CATAIN HEALTHCARE,1
MUMBAI HEALTHCARE INDUSTRIES,1
ESKAY FINE CHEMICALS.LTD,1
INDOPRIDE HEALTHCARE PVT LTD,1
LAVISH PHARMA,1
BIPIN DRUG HOUSE,1
ZENOLIA LIFE SCIENCES,1
ICE LIFESCIENCES,1
INTEGRATIVE THERAPEUTICS,1
ASTEVIS PHARMACEUTICALS,1
HELBEK PHARMA,1
XITHELIA NOVA HEALTHCARE PVT LTD,1
SIRI PHARMA LABS,1
NASIBDAR CONSUMER PRODUCT LLP,1
EVONEXT HEALTH CARE,1
GENCURE PHARMACEUTICALS PRIVATE LIMITED,1
BIORESEARCH PHARMA,1
CASTOR PHARMACEUTICALS,1
SUBIRA PHARMACEUTICALS PVT,1
GUINNESS REMEDIES,1
HELP LAB HEALTHCARE PVT LTD,1
SYNCHROZ PHARMACEUTICALS PRIVATE LIMITED,1
IVA,1
MABRIL HEALTHCARE PVT LTD,1
ITCHKU,1
SYZA HEALTH SCIENCES LLP,1
ARUNABH PHARMA,1
WHITE HOPE PHARMACEUTICAL PVT LIMITED,1
R.B.,1
ASHES LIFESCIENCES,1
NATURAL RUBBER LATEX,1
BHARAT LIGHT MACHINES,1
CLAIRICE COSMECEUTICALS,1
MINII LIFE SCIENCES PVT.LTD,1
RECALDENT,1
POLARD HEALTHCARE,1
VITA PLUS,1
GLOMEC LIFESCIENCES PRIVATE LIMITED,1
INNERTIA HEALTHCARE,1
DR. M.S.BASUS,1
HEALTH PRODUCTS,1
SMR LIFE SCIENCES INDIA PRIVATE LIMITED,1
MAXHEAL PHARMACEUTICALS.,1
SALFORD PHARMACEUTICALS PVT LTD,1
BENMOON PHARMA,1
AGN HEALTH CARE,1
HUMAN RISE PHARMA PRIVATE LIMITED,1
NEWGEN HEALTHCARE PVT LTD,1
MONO CHEMIST,1
DELPHIDE LIFECARE,1
GLOW PHARMA PVT LTD,1
MCCOY LABS PRIVATE LIMITED,1
KHONA ENTERPRISES,1
BIO MEDICARE,1
ABLAZE LIFESCIENCES,1
SYSKEM PHARMOCRATS,1
KSHIPRA DRUGS PVT LTD,1
NATURE BIOTECH,1
ROSECURE PHARMA PRIVATE IMITED,1
WYUPHARAMA,1
SAKTHI MEDIVIN,1
GENX MEDICA,1
MASSUERE HEALTH CARE LTD,1
ESVY LIFE SCIENCES PVT LTD,1
BRISTOL MYERS SQUIBB INDIA PVT LTD,1
SETH BROTHERS,1
SEPTET HEALTHCARE,1
NEPAL PHARMACEUTICAL PVT LTD,1
MAXPAR PHARMA,1
HALTHION PHARMACEUTICALS,1
EMEST PHARMACEUTICALS PRIVATE LIMITED,1
M M HEALTH CARE,1
6JAN HEALTH CARE PVT LTD,1
CLOMA PHARMA,1
THYME PHARMA PVT LTD,1
KENRIZ CARE,1
BIOVISION HEALTHCARE,1
RAJKONIKOF PHARMA,1
EIDER PHARMACEUTICALS,1
GLITUS MEDILAB,1
CEBON LABORATORIES PVT LTD,1
SAS PHARMA,1
ARCHIES LIFE SCIENCE,1
AURAM HEALTHCARE,1
VANQOR PHARMACEUTICALS,1
CONVOY REMEDIES,1
HH,1
SMARITON LABS,1
CASID LABORATORIES,1
ZAVIK DRUGS PVT.LTD,1
WELEX INDIA,1
SAHARSH PHARMA,1
MEDCAL HEALTH,1
SIGNORAH HEALTH CARE,1
CATHOLICON LIFE SCIENCES PRIVATE LIMITED,1
ALICKSON PHARMACEUTICALS,1
HANNA PHARMACEUTICAL SUPPLY CO. INC,1
EBERHART LIFESCIENCES,1
MAXTAR BIO GENICS,1
DRMASHINE RESEARCH LABORATORY,1
BUENO SALUD CARE INDIA PVT. LTD,1
CATALIQ LABORATORIES PVT LTD,1
PHARMAGIC LIFE SCIENCES,1
LIFEWAY PHARMACEUTICALS,1
RAMITECH LABS PVT LTD,1
LIFE LINE BIOTECH LTD.,1
DR GOWDAS HEALTHCARE,1
SINOPE LABORATORIES,1
AAR VEE PHARMACEUTICALS,1
ENZO BIOPHARMA LTD,1
BAYARD PHARMACEUTICALS PVT LTD,1
NUECAD,1
AMSON VACCINES & PHARMA (PVT) LTD,1
CARIS LABS LLP,1
HARDMED HEALTHCARE,1
LORANCE PHARMA LTD,1
CENTRICO PHARMA LLP,1
A & J HEALTH CARE,1
ARIST HEALTHCARE,1
KRISHNAKRUT KARE LABORATORIES,1
MRL PHARMA OPC PVT LTD,1
PRAXIS HEALTHCARE,1
JENFER BIOSCIENCES PRIVATE LIMITED,1
BIOCORP LIFE SCIENCES PRIVATE LIMITED,1
ELFIN DRUG PVT LTD,1
ARBENTE LIFESCIENCES PRIVATE LIMITED,1
BURETTE HELATH NOURISHING LIFE,1
NEXSTAR HEALTHCARE PVT LTD,1
MINOVA LIFE SCIENCES PVTLTD,1
TESTED & TRUSTED PHARMA PVT LTD,1
AUGMENTOR LIFESCIENCES PVT LTD,1
VIDA NUTRISCIENCES,1
INTEGRATED REMEDIES,1
A. K. PHARMA & SURGICAL DISTRIBUTORS,1
HOPE LABORATORIES P.LTD,1
TRI MEDIX PHARMA,1
MEDO CHEM LAB,1
WOODAVENS PHARMACARE,1
SEAMAC FORMULATION,1
LEMFORD,1
SNUG LIFECARE,1
INSTA CARE LIFE SCIENCE,1
TULSI MEDI SCIENCES,1
AKTIS LABS,1
BIOSCODEX PHARMACEUTICALS PVT LTD,1
LINCOLN MEDICARE,1
OPTIDERMA SKINCARE LLP,1
GRECIAN PHARMACEUTICALS,1
AMON BIOTECH,1
REMECARE PHARMACEUTICALS,1
STEUNEND HEALTHCARE,1
MINOL PHARMACEUTICALS PVTLTD,1
MEDI ORGANICS,1
MAXTREME,1
MACKENSIE LABS PRIVATE LIMITED,1
ALBAGEN LIFESCIENCES PVT LTD,1
POSILIVE PHARMA,1
DOMS PHARMACEUTICALS,1
DM DROGERIE,1
JOSLIN PHARMA PVT LTD,1
MADANAPALAS,1
CHANDRODAYA AYU PHARMA PVT LTD,1
SHINEWELL PHARMACEUTICAL PVT LTD,1
SHALINA LABORATORIES LTD,1
WILSHIRE HEALTH CARE,1
ZIS LABS PHARMA,1
ADLIFE SCIENCES,1
PRE PRECEPT PHARMA,1
AVI PHARMA PVT LTD,1
CARNATION PHARMACEUTICALS TECH,1
LOTUS MEDICARE,1
CHITRALI HARBAL .C .,1
DIVYATEJ,1
WELL WISH PHARMACEUTICALS,1
BEINGWELL HEALTHCARE,1
AYUSAS,1
NUTRALYFE,1
YGEIA HEALTH PRIVATE LIMITED,1
DE EUREKA LIFESCIENCES,1
OCEAN ORGANICS PVT LTD,1
AMCARE PHARMACEUTICALS,1
S M A PHARMA,1
BIO MEDICX REDEFINING HEALTH CARE,1
ALPINE ENTERPRISES,1
AFT PHARMACEUTICALS,1
GLENSMITH LABS PVT LTD,1
ZEOTEC LIFE SCIENCE PVT LTD,1
XYRIS LIFE SCINCES PVT LTD,1
SARMAIN PHARMACEUTICALS,1
ARISHTHA PHARMACEUTICALS,1
KAMAKSHI DRUGS & PHARMACEUTICALS,1
DERMASPACE PHARMACEUTICALS,1
GODJAY LAB,1
MEDIVOLKS,1
EXPEL PHARMA PVT LTD,1
BEIJING CHOICE ELECTRONIC TECHNOLOGY CO.LTD,1
MEDISWISS INDIA PVT LTD,1
SAVINA MEDICARE PVT.LTD,1
DEE-DEEP PHARMACEUTICAL,1
SS ORGANICS PHARMACEUTICALS,1
ORIENTAL CORPORATION,1
BIOFLEX,1
MERKURY ARENA LABS,1
ORLEY LABORATORIES PVT LTD,1
EDWARD REMEDIES PVT LTD,1
MIGHTY PHARMACEUTICALS,1
SHREE MEDICOS,1
RSM ENTERPRISES,1
BLESS MEDS,1
RYDDX PHARMETRY PVT LTD,1
SYNOVION LABORATORIES PVT. LTD,1
ELORA AND PHARMA,1
MANDAR PHARMA.,1
ASGEN PHARMACEUTICAL PRIVATE LIMITED,1
MMG HEALTHCARE,1
CASALILY LIFESCEINCES,1
LEKAR HEALTHCARE LIMITED,1
MV-MV PHARMA,1
MEDLAR LIFE SCIENCES PVT. LTD.,1
VIVIA VIVAGE,1
REPDEL PHARMA,1
SANDEEP ORGANICS LAB,1
ELVASO LIFESCIENCES,1
TIMON TENDER CARE PHARMACEUTICALS PRIVATE LIMITED,1
SOLLIEVO PHARMACEUTICALS,1
L&M PHARMACEUTICAL PVT LTD,1
ALTIS LIFESCIENCES,1
NEW GAYZEL PHARMACEUTICALS,1
SEAECHIO PHARMA,1
VERMILION HEALTHCARE PVT LTD,1
EPICRAFT PHARMA,1
SOTAC PHARMACEUTICALS,1
BIOGEN NUTRICEUTICALS,1
KESTREL LIFESCIENCES,1
ADOKIA NUTRATECH,1
NOVA LIFE SCIENCES LTD,1
INTER PHAR PVT LTD,1
NOUVEAU CLICHE LIFE SCIENCES PRIVATE LIMITED,1
KUE FORMULATION PVT LTD,1
DAVID BULL LABORATORIES,1
RISKCON PHARMACEUTICALS,1
COOL MINT,1
BOROLINE,1
SHINDEWADI,1
EAZOL,1
AMBIPURE,1
SWEET,1
MEE,1
MSCD,1
RAMCO PERFUMES,1
ACCUCHECK,1
ADHASVE,1
SS,1
FRINDS,1
WELLESTA HEALTH CARE PVT LTD,1
UPTO DATE,1
AMISH,1
VPP,1
SAIVED PHARMA PCT LT,1
APWELL,1
AREAL,1
ASTHABERRY,1
AWLA,1
AUTO FLOW,1
ROYAL BATTI,1
BAJRANGA,1
SARGICAL,1
MEDISTRIP,1
BERDO,1
DHANSHREE HEALTH CARE,1
BEBY PRODUCT,1
BELL,1
MEHTA HYGEINICS,1
BELTON,1
BENEHAL,1
LAMAR NATURAL,1
G,1
PARAS CHEMICAL INDUSTRIES,1
BROWNI,1
BRUTOX,1
MAXX,1
CPP,1
J K PRINT PACKS,1
PHARMED LTD,1
NATURE HOME ASIA,1
WHISKAS,1
ELDORADO,1
SUMITOMO,1
SATNAM,1
CETAPHIL,1
HUNDBUTY,1
CHARCOAL,1
CAVARE,1
CHIRON BEHRING VACCINES PRIVATE LIMITED,1
BPW,1
KETTELS,1
CHOKO,1
RE,1
TOFEEMAN,1
PARLAGE,1
TARUN BIOTEC,1
CLINIC PLUS,1
HEEL,1
MIRFI LABORATE,1
PITAMBARI PRODUCTS PVT. LTD,1
CAMBAY MEDICALS,1
D LIGHT LIFESCIENCE PVT LTD,1
GABBAR,1
MHP,1
DE CONTRUST,1
DENVER,1
DERMA PLUS,1
ZYMO COSMATIC,1
DERMICOOL,1
KHASRA,1
RESCKET,1
USHA SALES,1
MEDICI LAB,1
HMD,1
DAIRY,1
DERIMILK,1
BEETA SURGICAL PRIVATE LIMITED,1
RSH GLOBAL PVT LTD,1
SBC,1
DR SHETHS,1
SIMCO ORGANIC,1
ZESTEVA MANKIND,1
MAHALAXMI,1
MAURI,1
DURACELL,1
EPIONE,1
EAMON DRUGS PRIVATE LIMITED,1
ELECTRIC,1
ENO,1
RATMOND,1
BULLFORD,1
SUPREX,1
SUPEX LABO,1
EVA C,1
EVEREADY,1
EYE MANTRA,1
DORCC,1
FACE WASH,1
MARPO,1
MAKIND,1
FIAM,1
WINNI,1
INH,1
CIBELASE,1
FRIYALIFE SCIENCE,1
GASTBAY,1
GOOD KNIGHT,1
GET OUT,1
GAHR SOAP,1
UR DUGAD PVT LTD,1
GILLATEE,1
GLUCON D,1
MEDIPLUS PHARMA,1
WOODWARD,1
BLUEMEX,1
CHATANYA,1
GULABRI,1
AHP,1
HAIR AND CARE,1
NHP,1
HARPIC,1
SRYNTEK,1
HEMPUSHPA,1
HIT,1
HOT WAX,1
HP GOLD,1
LABORET,1
DR SHELL,1
V L PRODUCT,1
IDK,1
CAVIN CARE,1
MCRO,1
MALCON,1
CORAL HEALTH CARE,1
MM,1
KAILAS JEEVAN,1
SANCHOMEE,1
NANDINI HARBEL CAE,1
B.C. HASAN,1
KESHROOT,1
DKK K,1
KESRI,1
KETOBAN,1
D R SKINCARE,1
HEXONE REMDIES PVT LTD,1
MOVIN,1
BABY CARE,1
KILLER SPRAY,1
KINDER,1
FERRIRO,1
NVK PHARMA,1
SATHNAM,1
RELAXE,1
KOFFE,1
RAYMOND CONSUMERS,1
KTN,1
MIDAS HYGIENE INDUSTRIES P LTD,1
LAYAR,1
LAYERS,1
ERIS LIFESCIENCES,1
JB LIP,1
LIRIL,1
LISTRINE,1
L,1
STD,1
M U AMNELIA,1
LORIA,1
MATTEO HEALTH CARE PVT LTD,1
KANODIA,1
LYZOL,1
MAFIYA,1
ALLOES,1
MAO,1
MC CLEA,1
G51,1
MEDICLORE,1
CRYSTAL PHARMA PVT.LTD,1
CHETNA POLYTEX PVT,1
GLOBAL PHARMAHERB CARE,1
UNICORN JAPAN,1
HLS,1
MONISANS BALAM,1
PENBALA,1
MUCHTACH,1
KUMAR PEODUSCTS,1
FILTRT,1
PNCHAMRUT,1
SONA NAPTHALIN,1
NEETA,1
NATURE'S ABSOLUTES,1
GLASKO SMITH,1
NESCAFE,1
NETRANJAN,1
NOPPO,1
NAVEA,1
SYNTHIKO EXPORTS PVT.LTD,1
NOK 99,1
OSENTE,1
CHORCHOL,1
NYCIL,1
OLD SP,1
OLD SPICE,1
KHO,1
LOOLOO HERBAL,1
ORALB,1
BRAL B,1
RGOMED,1
CIPA,1
OSSUM,1
NP,1
OXYLIFE,1
GOOD MORNING,1
PEARSONS,1
PARACI,1
NUTRALIKE FORMULATION,1
PAPM,1
POPPY,1
POUR HOME,1
PREM DULHAN,1
PRIMIU,1
HER-HERBO FOUNDATION PVT LTD,1
CAPSOFT HEALTHCARE PVT LIMITED,1
PROEAS,1
PROTINEXT,1
SHENZHEN IMDK MEDICAL TECHNOLOGY CO. LTD PRC,1
SATRAM HERBAL,1
RAJBINDU,1
WALLABH VIJAYA AND SONS,1
VALLABH VIJAYA AND SONS,1
SHRI RAMTIRTH YOGASHRAM,1
V MAK,1
GATTU,1
RBP,1
REJUVENATE REMEDIES PVT LTD,1
BAUSH & LOMB,1
SANKT,1
RGB,1
RICHFEEL,1
RIN ALA,1
THE UNANI & CO,1
ZCC PHARMA,1
RK BLADE,1
THAKUR,1
PARAS AYURVEDIC PHARMA PVT.LTD,1
APSARA HERBALS,1
GAIA,1
VASUCHEM,1
VL,1
RR,1
SACHI SAHELI,1
HUMDARD LAB,1
SANGAM HEALTHCARE,1
AYU SVASTHA SOLUTION PVT LTD,1
SDP,1
PURE AND CARE,1
SCISSOR,1
VILCKANSAN,1
ARDENT LIFE SCIENCES PVT LTD,1
SET VET,1
KAVAY,1
GEN0,1
RAJVED,1
PALMVITA,1
SHENAZ,1
SHIKAKI,1
SHIVLINGI,1
SEELK,1
SLEEK,1
SMART HEART,1
ENCUBE ETHICAL PRIVATE LTD,1
SOFY,1
AS,1
GREBITOR,1
WELMON,1
SYNTREX PHARMA,1
NATIONAL LABORATORIES,1
JANJ,1
WB,1
STICKWEEL,1
STIKWEEL INDUSTRIOS,1
STRESE,1
STUD,1
SUGER,1
ROOGAN,1
SUKUN OIL,1
SUMO,1
SUNLINE,1
PH,1
SETWET,1
MARUTHI PHARMA,1
REECKIR,1
KC,1
TILASMI,1
TILISMI MOTI,1
SW,1
VHP,1
RASALA,1
JANE & JONES (P) LTD,1
ULTRAMAX,1
RK ULTRA,1
MENZ,1
LBCP,1
VIWASH,1
CORNATION,1
VAPORIZER,1
VASMOL,1
VASMUL,1
VATAJATI,1
VOCCO,1
D.K,1
WST,1
CBA,1
WETEX,1
HUNNY,1
WILDS S,1
WHEELZ,1
BRACEON,1
L ARAM,1
YARDLY,1
ZAROOR,1
ZUVENTUS HEALTHCARE LTD,1
FLING,1
ELOISE,1
